# vtk DataFile Version 4.2
written by meshio v5.3.5
ASCII
DATASET UNSTRUCTURED_GRID
POINTS 1116 double
0.0 0.0 0.0 0.2 0.0 0.0 0.4 0.0 0.0 0.6000000000000001 0.0 0.0 0.8 0.0 0.0 1.0 0.0 0.0 1.2000000000000002 0.0 0.0 1.4000000000000001 0.0 0.0 1.6 0.0 0.0 1.8 0.0 0.0 2.0 0.0 0.0 2.2 0.0 0.0 2.4000000000000004 0.0 0.0 2.6 0.0 0.0 2.8000000000000003 0.0 0.0 3.0 0.0 0.0 3.2 0.0 0.0 3.4000000000000004 0.0 0.0 3.6 0.0 0.0 3.8000000000000003 0.0 0.0 4.0 0.0 0.0 4.2 0.0 0.0 4.4 0.0 0.0 4.6000000000000005 0.0 0.0 4.800000000000001 0.0 0.0 5.0 0.0 0.0 5.2 0.0 0.0 5.4 0.0 0.0 5.6000000000000005 0.0 0.0 5.800000000000001 0.0 0.0 6.0 0.0 0.0 0.0 0.2 0.0 0.2 0.2 0.0 0.4 0.2 0.0 0.6000000000000001 0.2 0.0 0.8 0.2 0.0 1.0 0.2 0.0 1.2000000000000002 0.2 0.0 1.4000000000000001 0.2 0.0 1.6 0.2 0.0 1.8 0.2 0.0 2.0 0.2 0.0 2.2 0.2 0.0 2.4000000000000004 0.2 0.0 2.6 0.2 0.0 2.8000000000000003 0.2 0.0 3.0 0.2 0.0 3.2 0.2 0.0 3.4000000000000004 0.2 0.0 3.6 0.2 0.0 3.8000000000000003 0.2 0.0 4.0 0.2 0.0 4.2 0.2 0.0 4.4 0.2 0.0 4.6000000000000005 0.2 0.0 4.800000000000001 0.2 0.0 5.0 0.2 0.0 5.2 0.2 0.0 5.4 0.2 0.0 5.6000000000000005 0.2 0.0 5.800000000000001 0.2 0.0 6.0 0.2 0.0 0.0 0.4 0.0 0.2 0.4 0.0 0.4 0.4 0.0 0.6000000000000001 0.4 0.0 0.8 0.4 0.0 1.0 0.4 0.0 1.2000000000000002 0.4 0.0 1.4000000000000001 0.4 0.0 1.6 0.4 0.0 1.8 0.4 0.0 2.0 0.4 0.0 2.2 0.4 0.0 2.4000000000000004 0.4 0.0 2.6 0.4 0.0 2.8000000000000003 0.4 0.0 3.0 0.4 0.0 3.2 0.4 0.0 3.4000000000000004 0.4 0.0 3.6 0.4 0.0 3.8000000000000003 0.4 0.0 4.0 0.4 0.0 4.2 0.4 0.0 4.4 0.4 0.0 4.6000000000000005 0.4 0.0 4.800000000000001 0.4 0.0 5.0 0.4 0.0 5.2 0.4 0.0 5.4 0.4 0.0 5.6000000000000005 0.4 0.0 5.800000000000001 0.4 0.0 6.0 0.4 0.0 0.0 0.6000000000000001 0.0 0.2 0.6000000000000001 0.0 0.4 0.6000000000000001 0.0 0.6000000000000001 0.6000000000000001 0.0 0.8 0.6000000000000001 0.0 1.0 0.6000000000000001 0.0 1.2000000000000002 0.6000000000000001 0.0 1.4000000000000001 0.6000000000000001 0.0 1.6 0.6000000000000001 0.0 1.8 0.6000000000000001 0.0 2.0 0.6000000000000001 0.0 2.2 0.6000000000000001 0.0 2.4000000000000004 0.6000000000000001 0.0 2.6 0.6000000000000001 0.0 2.8000000000000003 0.6000000000000001 0.0 3.0 0.6000000000000001 0.0 3.2 0.6000000000000001 0.0 3.4000000000000004 0.6000000000000001 0.0 3.6 0.6000000000000001 0.0 3.8000000000000003 0.6000000000000001 0.0 4.0 0.6000000000000001 0.0 4.2 0.6000000000000001 0.0 4.4 0.6000000000000001 0.0 4.6000000000000005 0.6000000000000001 0.0 4.800000000000001 0.6000000000000001 0.0 5.0 0.6000000000000001 0.0 5.2 0.6000000000000001 0.0 5.4 0.6000000000000001 0.0 5.6000000000000005 0.6000000000000001 0.0 5.800000000000001 0.6000000000000001 0.0 6.0 0.6000000000000001 0.0 0.0 0.8 0.0 0.2 0.8 0.0 0.4 0.8 0.0 0.6000000000000001 0.8 0.0 0.8 0.8 0.0 1.0 0.8 0.0 1.2000000000000002 0.8 0.0 1.4000000000000001 0.8 0.0 1.6 0.8 0.0 1.8 0.8 0.0 2.0 0.8 0.0 2.2 0.8 0.0 2.4000000000000004 0.8 0.0 2.6 0.8 0.0 2.8000000000000003 0.8 0.0 3.0 0.8 0.0 3.2 0.8 0.0 3.4000000000000004 0.8 0.0 3.6 0.8 0.0 3.8000000000000003 0.8 0.0 4.0 0.8 0.0 4.2 0.8 0.0 4.4 0.8 0.0 4.6000000000000005 0.8 0.0 4.800000000000001 0.8 0.0 5.0 0.8 0.0 5.2 0.8 0.0 5.4 0.8 0.0 5.6000000000000005 0.8 0.0 5.800000000000001 0.8 0.0 6.0 0.8 0.0 0.0 1.0 0.0 0.2 1.0 0.0 0.4 1.0 0.0 0.6000000000000001 1.0 0.0 0.8 1.0 0.0 1.0 1.0 0.0 1.2000000000000002 1.0 0.0 1.4000000000000001 1.0 0.0 1.6 1.0 0.0 1.8 1.0 0.0 2.0 1.0 0.0 2.2 1.0 0.0 2.4000000000000004 1.0 0.0 2.6 1.0 0.0 2.8000000000000003 1.0 0.0 3.0 1.0 0.0 3.2 1.0 0.0 3.4000000000000004 1.0 0.0 3.6 1.0 0.0 3.8000000000000003 1.0 0.0 4.0 1.0 0.0 4.2 1.0 0.0 4.4 1.0 0.0 4.6000000000000005 1.0 0.0 4.800000000000001 1.0 0.0 5.0 1.0 0.0 5.2 1.0 0.0 5.4 1.0 0.0 5.6000000000000005 1.0 0.0 5.800000000000001 1.0 0.0 6.0 1.0 0.0 0.0 0.0 0.2 0.2 0.0 0.2 0.4 0.0 0.2 0.6000000000000001 0.0 0.2 0.8 0.0 0.2 1.0 0.0 0.2 1.2000000000000002 0.0 0.2 1.4000000000000001 0.0 0.2 1.6 0.0 0.2 1.8 0.0 0.2 2.0 0.0 0.2 2.2 0.0 0.2 2.4000000000000004 0.0 0.2 2.6 0.0 0.2 2.8000000000000003 0.0 0.2 3.0 0.0 0.2 3.2 0.0 0.2 3.4000000000000004 0.0 0.2 3.6 0.0 0.2 3.8000000000000003 0.0 0.2 4.0 0.0 0.2 4.2 0.0 0.2 4.4 0.0 0.2 4.6000000000000005 0.0 0.2 4.800000000000001 0.0 0.2 5.0 0.0 0.2 5.2 0.0 0.2 5.4 0.0 0.2 5.6000000000000005 0.0 0.2 5.800000000000001 0.0 0.2 6.0 0.0 0.2 0.0 0.2 0.2 0.2 0.2 0.2 0.4 0.2 0.2 0.6000000000000001 0.2 0.2 0.8 0.2 0.2 1.0 0.2 0.2 1.2000000000000002 0.2 0.2 1.4000000000000001 0.2 0.2 1.6 0.2 0.2 1.8 0.2 0.2 2.0 0.2 0.2 2.2 0.2 0.2 2.4000000000000004 0.2 0.2 2.6 0.2 0.2 2.8000000000000003 0.2 0.2 3.0 0.2 0.2 3.2 0.2 0.2 3.4000000000000004 0.2 0.2 3.6 0.2 0.2 3.8000000000000003 0.2 0.2 4.0 0.2 0.2 4.2 0.2 0.2 4.4 0.2 0.2 4.6000000000000005 0.2 0.2 4.800000000000001 0.2 0.2 5.0 0.2 0.2 5.2 0.2 0.2 5.4 0.2 0.2 5.6000000000000005 0.2 0.2 5.800000000000001 0.2 0.2 6.0 0.2 0.2 0.0 0.4 0.2 0.2 0.4 0.2 0.4 0.4 0.2 0.6000000000000001 0.4 0.2 0.8 0.4 0.2 1.0 0.4 0.2 1.2000000000000002 0.4 0.2 1.4000000000000001 0.4 0.2 1.6 0.4 0.2 1.8 0.4 0.2 2.0 0.4 0.2 2.2 0.4 0.2 2.4000000000000004 0.4 0.2 2.6 0.4 0.2 2.8000000000000003 0.4 0.2 3.0 0.4 0.2 3.2 0.4 0.2 3.4000000000000004 0.4 0.2 3.6 0.4 0.2 3.8000000000000003 0.4 0.2 4.0 0.4 0.2 4.2 0.4 0.2 4.4 0.4 0.2 4.6000000000000005 0.4 0.2 4.800000000000001 0.4 0.2 5.0 0.4 0.2 5.2 0.4 0.2 5.4 0.4 0.2 5.6000000000000005 0.4 0.2 5.800000000000001 0.4 0.2 6.0 0.4 0.2 0.0 0.6000000000000001 0.2 0.2 0.6000000000000001 0.2 0.4 0.6000000000000001 0.2 0.6000000000000001 0.6000000000000001 0.2 0.8 0.6000000000000001 0.2 1.0 0.6000000000000001 0.2 1.2000000000000002 0.6000000000000001 0.2 1.4000000000000001 0.6000000000000001 0.2 1.6 0.6000000000000001 0.2 1.8 0.6000000000000001 0.2 2.0 0.6000000000000001 0.2 2.2 0.6000000000000001 0.2 2.4000000000000004 0.6000000000000001 0.2 2.6 0.6000000000000001 0.2 2.8000000000000003 0.6000000000000001 0.2 3.0 0.6000000000000001 0.2 3.2 0.6000000000000001 0.2 3.4000000000000004 0.6000000000000001 0.2 3.6 0.6000000000000001 0.2 3.8000000000000003 0.6000000000000001 0.2 4.0 0.6000000000000001 0.2 4.2 0.6000000000000001 0.2 4.4 0.6000000000000001 0.2 4.6000000000000005 0.6000000000000001 0.2 4.800000000000001 0.6000000000000001 0.2 5.0 0.6000000000000001 0.2 5.2 0.6000000000000001 0.2 5.4 0.6000000000000001 0.2 5.6000000000000005 0.6000000000000001 0.2 5.800000000000001 0.6000000000000001 0.2 6.0 0.6000000000000001 0.2 0.0 0.8 0.2 0.2 0.8 0.2 0.4 0.8 0.2 0.6000000000000001 0.8 0.2 0.8 0.8 0.2 1.0 0.8 0.2 1.2000000000000002 0.8 0.2 1.4000000000000001 0.8 0.2 1.6 0.8 0.2 1.8 0.8 0.2 2.0 0.8 0.2 2.2 0.8 0.2 2.4000000000000004 0.8 0.2 2.6 0.8 0.2 2.8000000000000003 0.8 0.2 3.0 0.8 0.2 3.2 0.8 0.2 3.4000000000000004 0.8 0.2 3.6 0.8 0.2 3.8000000000000003 0.8 0.2 4.0 0.8 0.2 4.2 0.8 0.2 4.4 0.8 0.2 4.6000000000000005 0.8 0.2 4.800000000000001 0.8 0.2 5.0 0.8 0.2 5.2 0.8 0.2 5.4 0.8 0.2 5.6000000000000005 0.8 0.2 5.800000000000001 0.8 0.2 6.0 0.8 0.2 0.0 1.0 0.2 0.2 1.0 0.2 0.4 1.0 0.2 0.6000000000000001 1.0 0.2 0.8 1.0 0.2 1.0 1.0 0.2 1.2000000000000002 1.0 0.2 1.4000000000000001 1.0 0.2 1.6 1.0 0.2 1.8 1.0 0.2 2.0 1.0 0.2 2.2 1.0 0.2 2.4000000000000004 1.0 0.2 2.6 1.0 0.2 2.8000000000000003 1.0 0.2 3.0 1.0 0.2 3.2 1.0 0.2 3.4000000000000004 1.0 0.2 3.6 1.0 0.2 3.8000000000000003 1.0 0.2 4.0 1.0 0.2 4.2 1.0 0.2 4.4 1.0 0.2 4.6000000000000005 1.0 0.2 4.800000000000001 1.0 0.2 5.0 1.0 0.2 5.2 1.0 0.2 5.4 1.0 0.2 5.6000000000000005 1.0 0.2 5.800000000000001 1.0 0.2 6.0 1.0 0.2 0.0 0.0 0.4 0.2 0.0 0.4 0.4 0.0 0.4 0.6000000000000001 0.0 0.4 0.8 0.0 0.4 1.0 0.0 0.4 1.2000000000000002 0.0 0.4 1.4000000000000001 0.0 0.4 1.6 0.0 0.4 1.8 0.0 0.4 2.0 0.0 0.4 2.2 0.0 0.4 2.4000000000000004 0.0 0.4 2.6 0.0 0.4 2.8000000000000003 0.0 0.4 3.0 0.0 0.4 3.2 0.0 0.4 3.4000000000000004 0.0 0.4 3.6 0.0 0.4 3.8000000000000003 0.0 0.4 4.0 0.0 0.4 4.2 0.0 0.4 4.4 0.0 0.4 4.6000000000000005 0.0 0.4 4.800000000000001 0.0 0.4 5.0 0.0 0.4 5.2 0.0 0.4 5.4 0.0 0.4 5.6000000000000005 0.0 0.4 5.800000000000001 0.0 0.4 6.0 0.0 0.4 0.0 0.2 0.4 0.2 0.2 0.4 0.4 0.2 0.4 0.6000000000000001 0.2 0.4 0.8 0.2 0.4 1.0 0.2 0.4 1.2000000000000002 0.2 0.4 1.4000000000000001 0.2 0.4 1.6 0.2 0.4 1.8 0.2 0.4 2.0 0.2 0.4 2.2 0.2 0.4 2.4000000000000004 0.2 0.4 2.6 0.2 0.4 2.8000000000000003 0.2 0.4 3.0 0.2 0.4 3.2 0.2 0.4 3.4000000000000004 0.2 0.4 3.6 0.2 0.4 3.8000000000000003 0.2 0.4 4.0 0.2 0.4 4.2 0.2 0.4 4.4 0.2 0.4 4.6000000000000005 0.2 0.4 4.800000000000001 0.2 0.4 5.0 0.2 0.4 5.2 0.2 0.4 5.4 0.2 0.4 5.6000000000000005 0.2 0.4 5.800000000000001 0.2 0.4 6.0 0.2 0.4 0.0 0.4 0.4 0.2 0.4 0.4 0.4 0.4 0.4 0.6000000000000001 0.4 0.4 0.8 0.4 0.4 1.0 0.4 0.4 1.2000000000000002 0.4 0.4 1.4000000000000001 0.4 0.4 1.6 0.4 0.4 1.8 0.4 0.4 2.0 0.4 0.4 2.2 0.4 0.4 2.4000000000000004 0.4 0.4 2.6 0.4 0.4 2.8000000000000003 0.4 0.4 3.0 0.4 0.4 3.2 0.4 0.4 3.4000000000000004 0.4 0.4 3.6 0.4 0.4 3.8000000000000003 0.4 0.4 4.0 0.4 0.4 4.2 0.4 0.4 4.4 0.4 0.4 4.6000000000000005 0.4 0.4 4.800000000000001 0.4 0.4 5.0 0.4 0.4 5.2 0.4 0.4 5.4 0.4 0.4 5.6000000000000005 0.4 0.4 5.800000000000001 0.4 0.4 6.0 0.4 0.4 0.0 0.6000000000000001 0.4 0.2 0.6000000000000001 0.4 0.4 0.6000000000000001 0.4 0.6000000000000001 0.6000000000000001 0.4 0.8 0.6000000000000001 0.4 1.0 0.6000000000000001 0.4 1.2000000000000002 0.6000000000000001 0.4 1.4000000000000001 0.6000000000000001 0.4 1.6 0.6000000000000001 0.4 1.8 0.6000000000000001 0.4 2.0 0.6000000000000001 0.4 2.2 0.6000000000000001 0.4 2.4000000000000004 0.6000000000000001 0.4 2.6 0.6000000000000001 0.4 2.8000000000000003 0.6000000000000001 0.4 3.0 0.6000000000000001 0.4 3.2 0.6000000000000001 0.4 3.4000000000000004 0.6000000000000001 0.4 3.6 0.6000000000000001 0.4 3.8000000000000003 0.6000000000000001 0.4 4.0 0.6000000000000001 0.4 4.2 0.6000000000000001 0.4 4.4 0.6000000000000001 0.4 4.6000000000000005 0.6000000000000001 0.4 4.800000000000001 0.6000000000000001 0.4 5.0 0.6000000000000001 0.4 5.2 0.6000000000000001 0.4 5.4 0.6000000000000001 0.4 5.6000000000000005 0.6000000000000001 0.4 5.800000000000001 0.6000000000000001 0.4 6.0 0.6000000000000001 0.4 0.0 0.8 0.4 0.2 0.8 0.4 0.4 0.8 0.4 0.6000000000000001 0.8 0.4 0.8 0.8 0.4 1.0 0.8 0.4 1.2000000000000002 0.8 0.4 1.4000000000000001 0.8 0.4 1.6 0.8 0.4 1.8 0.8 0.4 2.0 0.8 0.4 2.2 0.8 0.4 2.4000000000000004 0.8 0.4 2.6 0.8 0.4 2.8000000000000003 0.8 0.4 3.0 0.8 0.4 3.2 0.8 0.4 3.4000000000000004 0.8 0.4 3.6 0.8 0.4 3.8000000000000003 0.8 0.4 4.0 0.8 0.4 4.2 0.8 0.4 4.4 0.8 0.4 4.6000000000000005 0.8 0.4 4.800000000000001 0.8 0.4 5.0 0.8 0.4 5.2 0.8 0.4 5.4 0.8 0.4 5.6000000000000005 0.8 0.4 5.800000000000001 0.8 0.4 6.0 0.8 0.4 0.0 1.0 0.4 0.2 1.0 0.4 0.4 1.0 0.4 0.6000000000000001 1.0 0.4 0.8 1.0 0.4 1.0 1.0 0.4 1.2000000000000002 1.0 0.4 1.4000000000000001 1.0 0.4 1.6 1.0 0.4 1.8 1.0 0.4 2.0 1.0 0.4 2.2 1.0 0.4 2.4000000000000004 1.0 0.4 2.6 1.0 0.4 2.8000000000000003 1.0 0.4 3.0 1.0 0.4 3.2 1.0 0.4 3.4000000000000004 1.0 0.4 3.6 1.0 0.4 3.8000000000000003 1.0 0.4 4.0 1.0 0.4 4.2 1.0 0.4 4.4 1.0 0.4 4.6000000000000005 1.0 0.4 4.800000000000001 1.0 0.4 5.0 1.0 0.4 5.2 1.0 0.4 5.4 1.0 0.4 5.6000000000000005 1.0 0.4 5.800000000000001 1.0 0.4 6.0 1.0 0.4 0.0 0.0 0.6000000000000001 0.2 0.0 0.6000000000000001 0.4 0.0 0.6000000000000001 0.6000000000000001 0.0 0.6000000000000001 0.8 0.0 0.6000000000000001 1.0 0.0 0.6000000000000001 1.2000000000000002 0.0 0.6000000000000001 1.4000000000000001 0.0 0.6000000000000001 1.6 0.0 0.6000000000000001 1.8 0.0 0.6000000000000001 2.0 0.0 0.6000000000000001 2.2 0.0 0.6000000000000001 2.4000000000000004 0.0 0.6000000000000001 2.6 0.0 0.6000000000000001 2.8000000000000003 0.0 0.6000000000000001 3.0 0.0 0.6000000000000001 3.2 0.0 0.6000000000000001 3.4000000000000004 0.0 0.6000000000000001 3.6 0.0 0.6000000000000001 3.8000000000000003 0.0 0.6000000000000001 4.0 0.0 0.6000000000000001 4.2 0.0 0.6000000000000001 4.4 0.0 0.6000000000000001 4.6000000000000005 0.0 0.6000000000000001 4.800000000000001 0.0 0.6000000000000001 5.0 0.0 0.6000000000000001 5.2 0.0 0.6000000000000001 5.4 0.0 0.6000000000000001 5.6000000000000005 0.0 0.6000000000000001 5.800000000000001 0.0 0.6000000000000001 6.0 0.0 0.6000000000000001 0.0 0.2 0.6000000000000001 0.2 0.2 0.6000000000000001 0.4 0.2 0.6000000000000001 0.6000000000000001 0.2 0.6000000000000001 0.8 0.2 0.6000000000000001 1.0 0.2 0.6000000000000001 1.2000000000000002 0.2 0.6000000000000001 1.4000000000000001 0.2 0.6000000000000001 1.6 0.2 0.6000000000000001 1.8 0.2 0.6000000000000001 2.0 0.2 0.6000000000000001 2.2 0.2 0.6000000000000001 2.4000000000000004 0.2 0.6000000000000001 2.6 0.2 0.6000000000000001 2.8000000000000003 0.2 0.6000000000000001 3.0 0.2 0.6000000000000001 3.2 0.2 0.6000000000000001 3.4000000000000004 0.2 0.6000000000000001 3.6 0.2 0.6000000000000001 3.8000000000000003 0.2 0.6000000000000001 4.0 0.2 0.6000000000000001 4.2 0.2 0.6000000000000001 4.4 0.2 0.6000000000000001 4.6000000000000005 0.2 0.6000000000000001 4.800000000000001 0.2 0.6000000000000001 5.0 0.2 0.6000000000000001 5.2 0.2 0.6000000000000001 5.4 0.2 0.6000000000000001 5.6000000000000005 0.2 0.6000000000000001 5.800000000000001 0.2 0.6000000000000001 6.0 0.2 0.6000000000000001 0.0 0.4 0.6000000000000001 0.2 0.4 0.6000000000000001 0.4 0.4 0.6000000000000001 0.6000000000000001 0.4 0.6000000000000001 0.8 0.4 0.6000000000000001 1.0 0.4 0.6000000000000001 1.2000000000000002 0.4 0.6000000000000001 1.4000000000000001 0.4 0.6000000000000001 1.6 0.4 0.6000000000000001 1.8 0.4 0.6000000000000001 2.0 0.4 0.6000000000000001 2.2 0.4 0.6000000000000001 2.4000000000000004 0.4 0.6000000000000001 2.6 0.4 0.6000000000000001 2.8000000000000003 0.4 0.6000000000000001 3.0 0.4 0.6000000000000001 3.2 0.4 0.6000000000000001 3.4000000000000004 0.4 0.6000000000000001 3.6 0.4 0.6000000000000001 3.8000000000000003 0.4 0.6000000000000001 4.0 0.4 0.6000000000000001 4.2 0.4 0.6000000000000001 4.4 0.4 0.6000000000000001 4.6000000000000005 0.4 0.6000000000000001 4.800000000000001 0.4 0.6000000000000001 5.0 0.4 0.6000000000000001 5.2 0.4 0.6000000000000001 5.4 0.4 0.6000000000000001 5.6000000000000005 0.4 0.6000000000000001 5.800000000000001 0.4 0.6000000000000001 6.0 0.4 0.6000000000000001 0.0 0.6000000000000001 0.6000000000000001 0.2 0.6000000000000001 0.6000000000000001 0.4 0.6000000000000001 0.6000000000000001 0.6000000000000001 0.6000000000000001 0.6000000000000001 0.8 0.6000000000000001 0.6000000000000001 1.0 0.6000000000000001 0.6000000000000001 1.2000000000000002 0.6000000000000001 0.6000000000000001 1.4000000000000001 0.6000000000000001 0.6000000000000001 1.6 0.6000000000000001 0.6000000000000001 1.8 0.6000000000000001 0.6000000000000001 2.0 0.6000000000000001 0.6000000000000001 2.2 0.6000000000000001 0.6000000000000001 2.4000000000000004 0.6000000000000001 0.6000000000000001 2.6 0.6000000000000001 0.6000000000000001 2.8000000000000003 0.6000000000000001 0.6000000000000001 3.0 0.6000000000000001 0.6000000000000001 3.2 0.6000000000000001 0.6000000000000001 3.4000000000000004 0.6000000000000001 0.6000000000000001 3.6 0.6000000000000001 0.6000000000000001 3.8000000000000003 0.6000000000000001 0.6000000000000001 4.0 0.6000000000000001 0.6000000000000001 4.2 0.6000000000000001 0.6000000000000001 4.4 0.6000000000000001 0.6000000000000001 4.6000000000000005 0.6000000000000001 0.6000000000000001 4.800000000000001 0.6000000000000001 0.6000000000000001 5.0 0.6000000000000001 0.6000000000000001 5.2 0.6000000000000001 0.6000000000000001 5.4 0.6000000000000001 0.6000000000000001 5.6000000000000005 0.6000000000000001 0.6000000000000001 5.800000000000001 0.6000000000000001 0.6000000000000001 6.0 0.6000000000000001 0.6000000000000001 0.0 0.8 0.6000000000000001 0.2 0.8 0.6000000000000001 0.4 0.8 0.6000000000000001 0.6000000000000001 0.8 0.6000000000000001 0.8 0.8 0.6000000000000001 1.0 0.8 0.6000000000000001 1.2000000000000002 0.8 0.6000000000000001 1.4000000000000001 0.8 0.6000000000000001 1.6 0.8 0.6000000000000001 1.8 0.8 0.6000000000000001 2.0 0.8 0.6000000000000001 2.2 0.8 0.6000000000000001 2.4000000000000004 0.8 0.6000000000000001 2.6 0.8 0.6000000000000001 2.8000000000000003 0.8 0.6000000000000001 3.0 0.8 0.6000000000000001 3.2 0.8 0.6000000000000001 3.4000000000000004 0.8 0.6000000000000001 3.6 0.8 0.6000000000000001 3.8000000000000003 0.8 0.6000000000000001 4.0 0.8 0.6000000000000001 4.2 0.8 0.6000000000000001 4.4 0.8 0.6000000000000001 4.6000000000000005 0.8 0.6000000000000001 4.800000000000001 0.8 0.6000000000000001 5.0 0.8 0.6000000000000001 5.2 0.8 0.6000000000000001 5.4 0.8 0.6000000000000001 5.6000000000000005 0.8 0.6000000000000001 5.800000000000001 0.8 0.6000000000000001 6.0 0.8 0.6000000000000001 0.0 1.0 0.6000000000000001 0.2 1.0 0.6000000000000001 0.4 1.0 0.6000000000000001 0.6000000000000001 1.0 0.6000000000000001 0.8 1.0 0.6000000000000001 1.0 1.0 0.6000000000000001 1.2000000000000002 1.0 0.6000000000000001 1.4000000000000001 1.0 0.6000000000000001 1.6 1.0 0.6000000000000001 1.8 1.0 0.6000000000000001 2.0 1.0 0.6000000000000001 2.2 1.0 0.6000000000000001 2.4000000000000004 1.0 0.6000000000000001 2.6 1.0 0.6000000000000001 2.8000000000000003 1.0 0.6000000000000001 3.0 1.0 0.6000000000000001 3.2 1.0 0.6000000000000001 3.4000000000000004 1.0 0.6000000000000001 3.6 1.0 0.6000000000000001 3.8000000000000003 1.0 0.6000000000000001 4.0 1.0 0.6000000000000001 4.2 1.0 0.6000000000000001 4.4 1.0 0.6000000000000001 4.6000000000000005 1.0 0.6000000000000001 4.800000000000001 1.0 0.6000000000000001 5.0 1.0 0.6000000000000001 5.2 1.0 0.6000000000000001 5.4 1.0 0.6000000000000001 5.6000000000000005 1.0 0.6000000000000001 5.800000000000001 1.0 0.6000000000000001 6.0 1.0 0.6000000000000001 0.0 0.0 0.8 0.2 0.0 0.8 0.4 0.0 0.8 0.6000000000000001 0.0 0.8 0.8 0.0 0.8 1.0 0.0 0.8 1.2000000000000002 0.0 0.8 1.4000000000000001 0.0 0.8 1.6 0.0 0.8 1.8 0.0 0.8 2.0 0.0 0.8 2.2 0.0 0.8 2.4000000000000004 0.0 0.8 2.6 0.0 0.8 2.8000000000000003 0.0 0.8 3.0 0.0 0.8 3.2 0.0 0.8 3.4000000000000004 0.0 0.8 3.6 0.0 0.8 3.8000000000000003 0.0 0.8 4.0 0.0 0.8 4.2 0.0 0.8 4.4 0.0 0.8 4.6000000000000005 0.0 0.8 4.800000000000001 0.0 0.8 5.0 0.0 0.8 5.2 0.0 0.8 5.4 0.0 0.8 5.6000000000000005 0.0 0.8 5.800000000000001 0.0 0.8 6.0 0.0 0.8 0.0 0.2 0.8 0.2 0.2 0.8 0.4 0.2 0.8 0.6000000000000001 0.2 0.8 0.8 0.2 0.8 1.0 0.2 0.8 1.2000000000000002 0.2 0.8 1.4000000000000001 0.2 0.8 1.6 0.2 0.8 1.8 0.2 0.8 2.0 0.2 0.8 2.2 0.2 0.8 2.4000000000000004 0.2 0.8 2.6 0.2 0.8 2.8000000000000003 0.2 0.8 3.0 0.2 0.8 3.2 0.2 0.8 3.4000000000000004 0.2 0.8 3.6 0.2 0.8 3.8000000000000003 0.2 0.8 4.0 0.2 0.8 4.2 0.2 0.8 4.4 0.2 0.8 4.6000000000000005 0.2 0.8 4.800000000000001 0.2 0.8 5.0 0.2 0.8 5.2 0.2 0.8 5.4 0.2 0.8 5.6000000000000005 0.2 0.8 5.800000000000001 0.2 0.8 6.0 0.2 0.8 0.0 0.4 0.8 0.2 0.4 0.8 0.4 0.4 0.8 0.6000000000000001 0.4 0.8 0.8 0.4 0.8 1.0 0.4 0.8 1.2000000000000002 0.4 0.8 1.4000000000000001 0.4 0.8 1.6 0.4 0.8 1.8 0.4 0.8 2.0 0.4 0.8 2.2 0.4 0.8 2.4000000000000004 0.4 0.8 2.6 0.4 0.8 2.8000000000000003 0.4 0.8 3.0 0.4 0.8 3.2 0.4 0.8 3.4000000000000004 0.4 0.8 3.6 0.4 0.8 3.8000000000000003 0.4 0.8 4.0 0.4 0.8 4.2 0.4 0.8 4.4 0.4 0.8 4.6000000000000005 0.4 0.8 4.800000000000001 0.4 0.8 5.0 0.4 0.8 5.2 0.4 0.8 5.4 0.4 0.8 5.6000000000000005 0.4 0.8 5.800000000000001 0.4 0.8 6.0 0.4 0.8 0.0 0.6000000000000001 0.8 0.2 0.6000000000000001 0.8 0.4 0.6000000000000001 0.8 0.6000000000000001 0.6000000000000001 0.8 0.8 0.6000000000000001 0.8 1.0 0.6000000000000001 0.8 1.2000000000000002 0.6000000000000001 0.8 1.4000000000000001 0.6000000000000001 0.8 1.6 0.6000000000000001 0.8 1.8 0.6000000000000001 0.8 2.0 0.6000000000000001 0.8 2.2 0.6000000000000001 0.8 2.4000000000000004 0.6000000000000001 0.8 2.6 0.6000000000000001 0.8 2.8000000000000003 0.6000000000000001 0.8 3.0 0.6000000000000001 0.8 3.2 0.6000000000000001 0.8 3.4000000000000004 0.6000000000000001 0.8 3.6 0.6000000000000001 0.8 3.8000000000000003 0.6000000000000001 0.8 4.0 0.6000000000000001 0.8 4.2 0.6000000000000001 0.8 4.4 0.6000000000000001 0.8 4.6000000000000005 0.6000000000000001 0.8 4.800000000000001 0.6000000000000001 0.8 5.0 0.6000000000000001 0.8 5.2 0.6000000000000001 0.8 5.4 0.6000000000000001 0.8 5.6000000000000005 0.6000000000000001 0.8 5.800000000000001 0.6000000000000001 0.8 6.0 0.6000000000000001 0.8 0.0 0.8 0.8 0.2 0.8 0.8 0.4 0.8 0.8 0.6000000000000001 0.8 0.8 0.8 0.8 0.8 1.0 0.8 0.8 1.2000000000000002 0.8 0.8 1.4000000000000001 0.8 0.8 1.6 0.8 0.8 1.8 0.8 0.8 2.0 0.8 0.8 2.2 0.8 0.8 2.4000000000000004 0.8 0.8 2.6 0.8 0.8 2.8000000000000003 0.8 0.8 3.0 0.8 0.8 3.2 0.8 0.8 3.4000000000000004 0.8 0.8 3.6 0.8 0.8 3.8000000000000003 0.8 0.8 4.0 0.8 0.8 4.2 0.8 0.8 4.4 0.8 0.8 4.6000000000000005 0.8 0.8 4.800000000000001 0.8 0.8 5.0 0.8 0.8 5.2 0.8 0.8 5.4 0.8 0.8 5.6000000000000005 0.8 0.8 5.800000000000001 0.8 0.8 6.0 0.8 0.8 0.0 1.0 0.8 0.2 1.0 0.8 0.4 1.0 0.8 0.6000000000000001 1.0 0.8 0.8 1.0 0.8 1.0 1.0 0.8 1.2000000000000002 1.0 0.8 1.4000000000000001 1.0 0.8 1.6 1.0 0.8 1.8 1.0 0.8 2.0 1.0 0.8 2.2 1.0 0.8 2.4000000000000004 1.0 0.8 2.6 1.0 0.8 2.8000000000000003 1.0 0.8 3.0 1.0 0.8 3.2 1.0 0.8 3.4000000000000004 1.0 0.8 3.6 1.0 0.8 3.8000000000000003 1.0 0.8 4.0 1.0 0.8 4.2 1.0 0.8 4.4 1.0 0.8 4.6000000000000005 1.0 0.8 4.800000000000001 1.0 0.8 5.0 1.0 0.8 5.2 1.0 0.8 5.4 1.0 0.8 5.6000000000000005 1.0 0.8 5.800000000000001 1.0 0.8 6.0 1.0 0.8 0.0 0.0 1.0 0.2 0.0 1.0 0.4 0.0 1.0 0.6000000000000001 0.0 1.0 0.8 0.0 1.0 1.0 0.0 1.0 1.2000000000000002 0.0 1.0 1.4000000000000001 0.0 1.0 1.6 0.0 1.0 1.8 0.0 1.0 2.0 0.0 1.0 2.2 0.0 1.0 2.4000000000000004 0.0 1.0 2.6 0.0 1.0 2.8000000000000003 0.0 1.0 3.0 0.0 1.0 3.2 0.0 1.0 3.4000000000000004 0.0 1.0 3.6 0.0 1.0 3.8000000000000003 0.0 1.0 4.0 0.0 1.0 4.2 0.0 1.0 4.4 0.0 1.0 4.6000000000000005 0.0 1.0 4.800000000000001 0.0 1.0 5.0 0.0 1.0 5.2 0.0 1.0 5.4 0.0 1.0 5.6000000000000005 0.0 1.0 5.800000000000001 0.0 1.0 6.0 0.0 1.0 0.0 0.2 1.0 0.2 0.2 1.0 0.4 0.2 1.0 0.6000000000000001 0.2 1.0 0.8 0.2 1.0 1.0 0.2 1.0 1.2000000000000002 0.2 1.0 1.4000000000000001 0.2 1.0 1.6 0.2 1.0 1.8 0.2 1.0 2.0 0.2 1.0 2.2 0.2 1.0 2.4000000000000004 0.2 1.0 2.6 0.2 1.0 2.8000000000000003 0.2 1.0 3.0 0.2 1.0 3.2 0.2 1.0 3.4000000000000004 0.2 1.0 3.6 0.2 1.0 3.8000000000000003 0.2 1.0 4.0 0.2 1.0 4.2 0.2 1.0 4.4 0.2 1.0 4.6000000000000005 0.2 1.0 4.800000000000001 0.2 1.0 5.0 0.2 1.0 5.2 0.2 1.0 5.4 0.2 1.0 5.6000000000000005 0.2 1.0 5.800000000000001 0.2 1.0 6.0 0.2 1.0 0.0 0.4 1.0 0.2 0.4 1.0 0.4 0.4 1.0 0.6000000000000001 0.4 1.0 0.8 0.4 1.0 1.0 0.4 1.0 1.2000000000000002 0.4 1.0 1.4000000000000001 0.4 1.0 1.6 0.4 1.0 1.8 0.4 1.0 2.0 0.4 1.0 2.2 0.4 1.0 2.4000000000000004 0.4 1.0 2.6 0.4 1.0 2.8000000000000003 0.4 1.0 3.0 0.4 1.0 3.2 0.4 1.0 3.4000000000000004 0.4 1.0 3.6 0.4 1.0 3.8000000000000003 0.4 1.0 4.0 0.4 1.0 4.2 0.4 1.0 4.4 0.4 1.0 4.6000000000000005 0.4 1.0 4.800000000000001 0.4 1.0 5.0 0.4 1.0 5.2 0.4 1.0 5.4 0.4 1.0 5.6000000000000005 0.4 1.0 5.800000000000001 0.4 1.0 6.0 0.4 1.0 0.0 0.6000000000000001 1.0 0.2 0.6000000000000001 1.0 0.4 0.6000000000000001 1.0 0.6000000000000001 0.6000000000000001 1.0 0.8 0.6000000000000001 1.0 1.0 0.6000000000000001 1.0 1.2000000000000002 0.6000000000000001 1.0 1.4000000000000001 0.6000000000000001 1.0 1.6 0.6000000000000001 1.0 1.8 0.6000000000000001 1.0 2.0 0.6000000000000001 1.0 2.2 0.6000000000000001 1.0 2.4000000000000004 0.6000000000000001 1.0 2.6 0.6000000000000001 1.0 2.8000000000000003 0.6000000000000001 1.0 3.0 0.6000000000000001 1.0 3.2 0.6000000000000001 1.0 3.4000000000000004 0.6000000000000001 1.0 3.6 0.6000000000000001 1.0 3.8000000000000003 0.6000000000000001 1.0 4.0 0.6000000000000001 1.0 4.2 0.6000000000000001 1.0 4.4 0.6000000000000001 1.0 4.6000000000000005 0.6000000000000001 1.0 4.800000000000001 0.6000000000000001 1.0 5.0 0.6000000000000001 1.0 5.2 0.6000000000000001 1.0 5.4 0.6000000000000001 1.0 5.6000000000000005 0.6000000000000001 1.0 5.800000000000001 0.6000000000000001 1.0 6.0 0.6000000000000001 1.0 0.0 0.8 1.0 0.2 0.8 1.0 0.4 0.8 1.0 0.6000000000000001 0.8 1.0 0.8 0.8 1.0 1.0 0.8 1.0 1.2000000000000002 0.8 1.0 1.4000000000000001 0.8 1.0 1.6 0.8 1.0 1.8 0.8 1.0 2.0 0.8 1.0 2.2 0.8 1.0 2.4000000000000004 0.8 1.0 2.6 0.8 1.0 2.8000000000000003 0.8 1.0 3.0 0.8 1.0 3.2 0.8 1.0 3.4000000000000004 0.8 1.0 3.6 0.8 1.0 3.8000000000000003 0.8 1.0 4.0 0.8 1.0 4.2 0.8 1.0 4.4 0.8 1.0 4.6000000000000005 0.8 1.0 4.800000000000001 0.8 1.0 5.0 0.8 1.0 5.2 0.8 1.0 5.4 0.8 1.0 5.6000000000000005 0.8 1.0 5.800000000000001 0.8 1.0 6.0 0.8 1.0 0.0 1.0 1.0 0.2 1.0 1.0 0.4 1.0 1.0 0.6000000000000001 1.0 1.0 0.8 1.0 1.0 1.0 1.0 1.0 1.2000000000000002 1.0 1.0 1.4000000000000001 1.0 1.0 1.6 1.0 1.0 1.8 1.0 1.0 2.0 1.0 1.0 2.2 1.0 1.0 2.4000000000000004 1.0 1.0 2.6 1.0 1.0 2.8000000000000003 1.0 1.0 3.0 1.0 1.0 3.2 1.0 1.0 3.4000000000000004 1.0 1.0 3.6 1.0 1.0 3.8000000000000003 1.0 1.0 4.0 1.0 1.0 4.2 1.0 1.0 4.4 1.0 1.0 4.6000000000000005 1.0 1.0 4.800000000000001 1.0 1.0 5.0 1.0 1.0 5.2 1.0 1.0 5.4 1.0 1.0 5.6000000000000005 1.0 1.0 5.800000000000001 1.0 1.0 6.0 1.0 1.0
CELLS 3750 18750
4
0
32
217
187
4
1
32
0
187
4
31
0
32
217
4
186
187
0
217
4
218
32
187
217
4
2
32
187
219
4
1
187
2
32
4
33
32
2
219
4
188
219
2
187
4
218
187
32
219
4
2
34
219
189
4
3
34
2
189
4
33
2
34
219
4
188
189
2
219
4
220
34
189
219
4
4
34
189
221
4
3
189
4
34
4
35
34
4
221
4
190
221
4
189
4
220
189
34
221
4
4
36
221
191
4
5
36
4
191
4
35
4
36
221
4
190
191
4
221
4
222
36
191
221
4
6
36
191
223
4
5
191
6
36
4
37
36
6
223
4
192
223
6
191
4
222
191
36
223
4
6
38
223
193
4
7
38
6
193
4
37
6
38
223
4
192
193
6
223
4
224
38
193
223
4
8
38
193
225
4
7
193
8
38
4
39
38
8
225
4
194
225
8
193
4
224
193
38
225
4
8
40
225
195
4
9
40
8
195
4
39
8
40
225
4
194
195
8
225
4
226
40
195
225
4
10
40
195
227
4
9
195
10
40
4
41
40
10
227
4
196
227
10
195
4
226
195
40
227
4
10
42
227
197
4
11
42
10
197
4
41
10
42
227
4
196
197
10
227
4
228
42
197
227
4
12
42
197
229
4
11
197
12
42
4
43
42
12
229
4
198
229
12
197
4
228
197
42
229
4
12
44
229
199
4
13
44
12
199
4
43
12
44
229
4
198
199
12
229
4
230
44
199
229
4
14
44
199
231
4
13
199
14
44
4
45
44
14
231
4
200
231
14
199
4
230
199
44
231
4
14
46
231
201
4
15
46
14
201
4
45
14
46
231
4
200
201
14
231
4
232
46
201
231
4
16
46
201
233
4
15
201
16
46
4
47
46
16
233
4
202
233
16
201
4
232
201
46
233
4
16
48
233
203
4
17
48
16
203
4
47
16
48
233
4
202
203
16
233
4
234
48
203
233
4
18
48
203
235
4
17
203
18
48
4
49
48
18
235
4
204
235
18
203
4
234
203
48
235
4
18
50
235
205
4
19
50
18
205
4
49
18
50
235
4
204
205
18
235
4
236
50
205
235
4
20
50
205
237
4
19
205
20
50
4
51
50
20
237
4
206
237
20
205
4
236
205
50
237
4
20
52
237
207
4
21
52
20
207
4
51
20
52
237
4
206
207
20
237
4
238
52
207
237
4
22
52
207
239
4
21
207
22
52
4
53
52
22
239
4
208
239
22
207
4
238
207
52
239
4
22
54
239
209
4
23
54
22
209
4
53
22
54
239
4
208
209
22
239
4
240
54
209
239
4
24
54
209
241
4
23
209
24
54
4
55
54
24
241
4
210
241
24
209
4
240
209
54
241
4
24
56
241
211
4
25
56
24
211
4
55
24
56
241
4
210
211
24
241
4
242
56
211
241
4
26
56
211
243
4
25
211
26
56
4
57
56
26
243
4
212
243
26
211
4
242
211
56
243
4
26
58
243
213
4
27
58
26
213
4
57
26
58
243
4
212
213
26
243
4
244
58
213
243
4
28
58
213
245
4
27
213
28
58
4
59
58
28
245
4
214
245
28
213
4
244
213
58
245
4
28
60
245
215
4
29
60
28
215
4
59
28
60
245
4
214
215
28
245
4
246
60
215
245
4
30
60
215
247
4
29
215
30
60
4
61
60
30
247
4
216
247
30
215
4
246
215
60
247
4
32
62
217
249
4
31
217
32
62
4
63
62
32
249
4
218
249
32
217
4
248
217
62
249
4
32
64
249
219
4
33
64
32
219
4
63
32
64
249
4
218
219
32
249
4
250
64
219
249
4
34
64
219
251
4
33
219
34
64
4
65
64
34
251
4
220
251
34
219
4
250
219
64
251
4
34
66
251
221
4
35
66
34
221
4
65
34
66
251
4
220
221
34
251
4
252
66
221
251
4
36
66
221
253
4
35
221
36
66
4
67
66
36
253
4
222
253
36
221
4
252
221
66
253
4
36
68
253
223
4
37
68
36
223
4
67
36
68
253
4
222
223
36
253
4
254
68
223
253
4
38
68
223
255
4
37
223
38
68
4
69
68
38
255
4
224
255
38
223
4
254
223
68
255
4
38
70
255
225
4
39
70
38
225
4
69
38
70
255
4
224
225
38
255
4
256
70
225
255
4
40
70
225
257
4
39
225
40
70
4
71
70
40
257
4
226
257
40
225
4
256
225
70
257
4
40
72
257
227
4
41
72
40
227
4
71
40
72
257
4
226
227
40
257
4
258
72
227
257
4
42
72
227
259
4
41
227
42
72
4
73
72
42
259
4
228
259
42
227
4
258
227
72
259
4
42
74
259
229
4
43
74
42
229
4
73
42
74
259
4
228
229
42
259
4
260
74
229
259
4
44
74
229
261
4
43
229
44
74
4
75
74
44
261
4
230
261
44
229
4
260
229
74
261
4
44
76
261
231
4
45
76
44
231
4
75
44
76
261
4
230
231
44
261
4
262
76
231
261
4
46
76
231
263
4
45
231
46
76
4
77
76
46
263
4
232
263
46
231
4
262
231
76
263
4
46
78
263
233
4
47
78
46
233
4
77
46
78
263
4
232
233
46
263
4
264
78
233
263
4
48
78
233
265
4
47
233
48
78
4
79
78
48
265
4
234
265
48
233
4
264
233
78
265
4
48
80
265
235
4
49
80
48
235
4
79
48
80
265
4
234
235
48
265
4
266
80
235
265
4
50
80
235
267
4
49
235
50
80
4
81
80
50
267
4
236
267
50
235
4
266
235
80
267
4
50
82
267
237
4
51
82
50
237
4
81
50
82
267
4
236
237
50
267
4
268
82
237
267
4
52
82
237
269
4
51
237
52
82
4
83
82
52
269
4
238
269
52
237
4
268
237
82
269
4
52
84
269
239
4
53
84
52
239
4
83
52
84
269
4
238
239
52
269
4
270
84
239
269
4
54
84
239
271
4
53
239
54
84
4
85
84
54
271
4
240
271
54
239
4
270
239
84
271
4
54
86
271
241
4
55
86
54
241
4
85
54
86
271
4
240
241
54
271
4
272
86
241
271
4
56
86
241
273
4
55
241
56
86
4
87
86
56
273
4
242
273
56
241
4
272
241
86
273
4
56
88
273
243
4
57
88
56
243
4
87
56
88
273
4
242
243
56
273
4
274
88
243
273
4
58
88
243
275
4
57
243
58
88
4
89
88
58
275
4
244
275
58
243
4
274
243
88
275
4
58
90
275
245
4
59
90
58
245
4
89
58
90
275
4
244
245
58
275
4
276
90
245
275
4
60
90
245
277
4
59
245
60
90
4
91
90
60
277
4
246
277
60
245
4
276
245
90
277
4
60
92
277
247
4
61
92
60
247
4
91
60
92
277
4
246
247
60
277
4
278
92
247
277
4
62
94
279
249
4
63
94
62
249
4
93
62
94
279
4
248
249
62
279
4
280
94
249
279
4
64
94
249
281
4
63
249
64
94
4
95
94
64
281
4
250
281
64
249
4
280
249
94
281
4
64
96
281
251
4
65
96
64
251
4
95
64
96
281
4
250
251
64
281
4
282
96
251
281
4
66
96
251
283
4
65
251
66
96
4
97
96
66
283
4
252
283
66
251
4
282
251
96
283
4
66
98
283
253
4
67
98
66
253
4
97
66
98
283
4
252
253
66
283
4
284
98
253
283
4
68
98
253
285
4
67
253
68
98
4
99
98
68
285
4
254
285
68
253
4
284
253
98
285
4
68
100
285
255
4
69
100
68
255
4
99
68
100
285
4
254
255
68
285
4
286
100
255
285
4
70
100
255
287
4
69
255
70
100
4
101
100
70
287
4
256
287
70
255
4
286
255
100
287
4
70
102
287
257
4
71
102
70
257
4
101
70
102
287
4
256
257
70
287
4
288
102
257
287
4
72
102
257
289
4
71
257
72
102
4
103
102
72
289
4
258
289
72
257
4
288
257
102
289
4
72
104
289
259
4
73
104
72
259
4
103
72
104
289
4
258
259
72
289
4
290
104
259
289
4
74
104
259
291
4
73
259
74
104
4
105
104
74
291
4
260
291
74
259
4
290
259
104
291
4
74
106
291
261
4
75
106
74
261
4
105
74
106
291
4
260
261
74
291
4
292
106
261
291
4
76
106
261
293
4
75
261
76
106
4
107
106
76
293
4
262
293
76
261
4
292
261
106
293
4
76
108
293
263
4
77
108
76
263
4
107
76
108
293
4
262
263
76
293
4
294
108
263
293
4
78
108
263
295
4
77
263
78
108
4
109
108
78
295
4
264
295
78
263
4
294
263
108
295
4
78
110
295
265
4
79
110
78
265
4
109
78
110
295
4
264
265
78
295
4
296
110
265
295
4
80
110
265
297
4
79
265
80
110
4
111
110
80
297
4
266
297
80
265
4
296
265
110
297
4
80
112
297
267
4
81
112
80
267
4
111
80
112
297
4
266
267
80
297
4
298
112
267
297
4
82
112
267
299
4
81
267
82
112
4
113
112
82
299
4
268
299
82
267
4
298
267
112
299
4
82
114
299
269
4
83
114
82
269
4
113
82
114
299
4
268
269
82
299
4
300
114
269
299
4
84
114
269
301
4
83
269
84
114
4
115
114
84
301
4
270
301
84
269
4
300
269
114
301
4
84
116
301
271
4
85
116
84
271
4
115
84
116
301
4
270
271
84
301
4
302
116
271
301
4
86
116
271
303
4
85
271
86
116
4
117
116
86
303
4
272
303
86
271
4
302
271
116
303
4
86
118
303
273
4
87
118
86
273
4
117
86
118
303
4
272
273
86
303
4
304
118
273
303
4
88
118
273
305
4
87
273
88
118
4
119
118
88
305
4
274
305
88
273
4
304
273
118
305
4
88
120
305
275
4
89
120
88
275
4
119
88
120
305
4
274
275
88
305
4
306
120
275
305
4
90
120
275
307
4
89
275
90
120
4
121
120
90
307
4
276
307
90
275
4
306
275
120
307
4
90
122
307
277
4
91
122
90
277
4
121
90
122
307
4
276
277
90
307
4
308
122
277
307
4
92
122
277
309
4
91
277
92
122
4
123
122
92
309
4
278
309
92
277
4
308
277
122
309
4
94
124
279
311
4
93
279
94
124
4
125
124
94
311
4
280
311
94
279
4
310
279
124
311
4
94
126
311
281
4
95
126
94
281
4
125
94
126
311
4
280
281
94
311
4
312
126
281
311
4
96
126
281
313
4
95
281
96
126
4
127
126
96
313
4
282
313
96
281
4
312
281
126
313
4
96
128
313
283
4
97
128
96
283
4
127
96
128
313
4
282
283
96
313
4
314
128
283
313
4
98
128
283
315
4
97
283
98
128
4
129
128
98
315
4
284
315
98
283
4
314
283
128
315
4
98
130
315
285
4
99
130
98
285
4
129
98
130
315
4
284
285
98
315
4
316
130
285
315
4
100
130
285
317
4
99
285
100
130
4
131
130
100
317
4
286
317
100
285
4
316
285
130
317
4
100
132
317
287
4
101
132
100
287
4
131
100
132
317
4
286
287
100
317
4
318
132
287
317
4
102
132
287
319
4
101
287
102
132
4
133
132
102
319
4
288
319
102
287
4
318
287
132
319
4
102
134
319
289
4
103
134
102
289
4
133
102
134
319
4
288
289
102
319
4
320
134
289
319
4
104
134
289
321
4
103
289
104
134
4
135
134
104
321
4
290
321
104
289
4
320
289
134
321
4
104
136
321
291
4
105
136
104
291
4
135
104
136
321
4
290
291
104
321
4
322
136
291
321
4
106
136
291
323
4
105
291
106
136
4
137
136
106
323
4
292
323
106
291
4
322
291
136
323
4
106
138
323
293
4
107
138
106
293
4
137
106
138
323
4
292
293
106
323
4
324
138
293
323
4
108
138
293
325
4
107
293
108
138
4
139
138
108
325
4
294
325
108
293
4
324
293
138
325
4
108
140
325
295
4
109
140
108
295
4
139
108
140
325
4
294
295
108
325
4
326
140
295
325
4
110
140
295
327
4
109
295
110
140
4
141
140
110
327
4
296
327
110
295
4
326
295
140
327
4
110
142
327
297
4
111
142
110
297
4
141
110
142
327
4
296
297
110
327
4
328
142
297
327
4
112
142
297
329
4
111
297
112
142
4
143
142
112
329
4
298
329
112
297
4
328
297
142
329
4
112
144
329
299
4
113
144
112
299
4
143
112
144
329
4
298
299
112
329
4
330
144
299
329
4
114
144
299
331
4
113
299
114
144
4
145
144
114
331
4
300
331
114
299
4
330
299
144
331
4
114
146
331
301
4
115
146
114
301
4
145
114
146
331
4
300
301
114
331
4
332
146
301
331
4
116
146
301
333
4
115
301
116
146
4
147
146
116
333
4
302
333
116
301
4
332
301
146
333
4
116
148
333
303
4
117
148
116
303
4
147
116
148
333
4
302
303
116
333
4
334
148
303
333
4
118
148
303
335
4
117
303
118
148
4
149
148
118
335
4
304
335
118
303
4
334
303
148
335
4
118
150
335
305
4
119
150
118
305
4
149
118
150
335
4
304
305
118
335
4
336
150
305
335
4
120
150
305
337
4
119
305
120
150
4
151
150
120
337
4
306
337
120
305
4
336
305
150
337
4
120
152
337
307
4
121
152
120
307
4
151
120
152
337
4
306
307
120
337
4
338
152
307
337
4
122
152
307
339
4
121
307
122
152
4
153
152
122
339
4
308
339
122
307
4
338
307
152
339
4
122
154
339
309
4
123
154
122
309
4
153
122
154
339
4
308
309
122
339
4
340
154
309
339
4
124
156
341
311
4
125
156
124
311
4
155
124
156
341
4
310
311
124
341
4
342
156
311
341
4
126
156
311
343
4
125
311
126
156
4
157
156
126
343
4
312
343
126
311
4
342
311
156
343
4
126
158
343
313
4
127
158
126
313
4
157
126
158
343
4
312
313
126
343
4
344
158
313
343
4
128
158
313
345
4
127
313
128
158
4
159
158
128
345
4
314
345
128
313
4
344
313
158
345
4
128
160
345
315
4
129
160
128
315
4
159
128
160
345
4
314
315
128
345
4
346
160
315
345
4
130
160
315
347
4
129
315
130
160
4
161
160
130
347
4
316
347
130
315
4
346
315
160
347
4
130
162
347
317
4
131
162
130
317
4
161
130
162
347
4
316
317
130
347
4
348
162
317
347
4
132
162
317
349
4
131
317
132
162
4
163
162
132
349
4
318
349
132
317
4
348
317
162
349
4
132
164
349
319
4
133
164
132
319
4
163
132
164
349
4
318
319
132
349
4
350
164
319
349
4
134
164
319
351
4
133
319
134
164
4
165
164
134
351
4
320
351
134
319
4
350
319
164
351
4
134
166
351
321
4
135
166
134
321
4
165
134
166
351
4
320
321
134
351
4
352
166
321
351
4
136
166
321
353
4
135
321
136
166
4
167
166
136
353
4
322
353
136
321
4
352
321
166
353
4
136
168
353
323
4
137
168
136
323
4
167
136
168
353
4
322
323
136
353
4
354
168
323
353
4
138
168
323
355
4
137
323
138
168
4
169
168
138
355
4
324
355
138
323
4
354
323
168
355
4
138
170
355
325
4
139
170
138
325
4
169
138
170
355
4
324
325
138
355
4
356
170
325
355
4
140
170
325
357
4
139
325
140
170
4
171
170
140
357
4
326
357
140
325
4
356
325
170
357
4
140
172
357
327
4
141
172
140
327
4
171
140
172
357
4
326
327
140
357
4
358
172
327
357
4
142
172
327
359
4
141
327
142
172
4
173
172
142
359
4
328
359
142
327
4
358
327
172
359
4
142
174
359
329
4
143
174
142
329
4
173
142
174
359
4
328
329
142
359
4
360
174
329
359
4
144
174
329
361
4
143
329
144
174
4
175
174
144
361
4
330
361
144
329
4
360
329
174
361
4
144
176
361
331
4
145
176
144
331
4
175
144
176
361
4
330
331
144
361
4
362
176
331
361
4
146
176
331
363
4
145
331
146
176
4
177
176
146
363
4
332
363
146
331
4
362
331
176
363
4
146
178
363
333
4
147
178
146
333
4
177
146
178
363
4
332
333
146
363
4
364
178
333
363
4
148
178
333
365
4
147
333
148
178
4
179
178
148
365
4
334
365
148
333
4
364
333
178
365
4
148
180
365
335
4
149
180
148
335
4
179
148
180
365
4
334
335
148
365
4
366
180
335
365
4
150
180
335
367
4
149
335
150
180
4
181
180
150
367
4
336
367
150
335
4
366
335
180
367
4
150
182
367
337
4
151
182
150
337
4
181
150
182
367
4
336
337
150
367
4
368
182
337
367
4
152
182
337
369
4
151
337
152
182
4
183
182
152
369
4
338
369
152
337
4
368
337
182
369
4
152
184
369
339
4
153
184
152
339
4
183
152
184
369
4
338
339
152
369
4
370
184
339
369
4
154
184
339
371
4
153
339
154
184
4
185
184
154
371
4
340
371
154
339
4
370
339
184
371
4
187
217
372
404
4
186
372
187
217
4
218
217
187
404
4
373
404
187
372
4
403
372
217
404
4
187
219
404
374
4
188
219
187
374
4
218
187
219
404
4
373
374
187
404
4
405
219
374
404
4
189
219
374
406
4
188
374
189
219
4
220
219
189
406
4
375
406
189
374
4
405
374
219
406
4
189
221
406
376
4
190
221
189
376
4
220
189
221
406
4
375
376
189
406
4
407
221
376
406
4
191
221
376
408
4
190
376
191
221
4
222
221
191
408
4
377
408
191
376
4
407
376
221
408
4
191
223
408
378
4
192
223
191
378
4
222
191
223
408
4
377
378
191
408
4
409
223
378
408
4
193
223
378
410
4
192
378
193
223
4
224
223
193
410
4
379
410
193
378
4
409
378
223
410
4
193
225
410
380
4
194
225
193
380
4
224
193
225
410
4
379
380
193
410
4
411
225
380
410
4
195
225
380
412
4
194
380
195
225
4
226
225
195
412
4
381
412
195
380
4
411
380
225
412
4
195
227
412
382
4
196
227
195
382
4
226
195
227
412
4
381
382
195
412
4
413
227
382
412
4
197
227
382
414
4
196
382
197
227
4
228
227
197
414
4
383
414
197
382
4
413
382
227
414
4
197
229
414
384
4
198
229
197
384
4
228
197
229
414
4
383
384
197
414
4
415
229
384
414
4
199
229
384
416
4
198
384
199
229
4
230
229
199
416
4
385
416
199
384
4
415
384
229
416
4
199
231
416
386
4
200
231
199
386
4
230
199
231
416
4
385
386
199
416
4
417
231
386
416
4
201
231
386
418
4
200
386
201
231
4
232
231
201
418
4
387
418
201
386
4
417
386
231
418
4
201
233
418
388
4
202
233
201
388
4
232
201
233
418
4
387
388
201
418
4
419
233
388
418
4
203
233
388
420
4
202
388
203
233
4
234
233
203
420
4
389
420
203
388
4
419
388
233
420
4
203
235
420
390
4
204
235
203
390
4
234
203
235
420
4
389
390
203
420
4
421
235
390
420
4
205
235
390
422
4
204
390
205
235
4
236
235
205
422
4
391
422
205
390
4
421
390
235
422
4
205
237
422
392
4
206
237
205
392
4
236
205
237
422
4
391
392
205
422
4
423
237
392
422
4
207
237
392
424
4
206
392
207
237
4
238
237
207
424
4
393
424
207
392
4
423
392
237
424
4
207
239
424
394
4
208
239
207
394
4
238
207
239
424
4
393
394
207
424
4
425
239
394
424
4
209
239
394
426
4
208
394
209
239
4
240
239
209
426
4
395
426
209
394
4
425
394
239
426
4
209
241
426
396
4
210
241
209
396
4
240
209
241
426
4
395
396
209
426
4
427
241
396
426
4
211
241
396
428
4
210
396
211
241
4
242
241
211
428
4
397
428
211
396
4
427
396
241
428
4
211
243
428
398
4
212
243
211
398
4
242
211
243
428
4
397
398
211
428
4
429
243
398
428
4
213
243
398
430
4
212
398
213
243
4
244
243
213
430
4
399
430
213
398
4
429
398
243
430
4
213
245
430
400
4
214
245
213
400
4
244
213
245
430
4
399
400
213
430
4
431
245
400
430
4
215
245
400
432
4
214
400
215
245
4
246
245
215
432
4
401
432
215
400
4
431
400
245
432
4
215
247
432
402
4
216
247
215
402
4
246
215
247
432
4
401
402
215
432
4
433
247
402
432
4
217
249
434
404
4
218
249
217
404
4
248
217
249
434
4
403
404
217
434
4
435
249
404
434
4
219
249
404
436
4
218
404
219
249
4
250
249
219
436
4
405
436
219
404
4
435
404
249
436
4
219
251
436
406
4
220
251
219
406
4
250
219
251
436
4
405
406
219
436
4
437
251
406
436
4
221
251
406
438
4
220
406
221
251
4
252
251
221
438
4
407
438
221
406
4
437
406
251
438
4
221
253
438
408
4
222
253
221
408
4
252
221
253
438
4
407
408
221
438
4
439
253
408
438
4
223
253
408
440
4
222
408
223
253
4
254
253
223
440
4
409
440
223
408
4
439
408
253
440
4
223
255
440
410
4
224
255
223
410
4
254
223
255
440
4
409
410
223
440
4
441
255
410
440
4
225
255
410
442
4
224
410
225
255
4
256
255
225
442
4
411
442
225
410
4
441
410
255
442
4
225
257
442
412
4
226
257
225
412
4
256
225
257
442
4
411
412
225
442
4
443
257
412
442
4
227
257
412
444
4
226
412
227
257
4
258
257
227
444
4
413
444
227
412
4
443
412
257
444
4
227
259
444
414
4
228
259
227
414
4
258
227
259
444
4
413
414
227
444
4
445
259
414
444
4
229
259
414
446
4
228
414
229
259
4
260
259
229
446
4
415
446
229
414
4
445
414
259
446
4
229
261
446
416
4
230
261
229
416
4
260
229
261
446
4
415
416
229
446
4
447
261
416
446
4
231
261
416
448
4
230
416
231
261
4
262
261
231
448
4
417
448
231
416
4
447
416
261
448
4
231
263
448
418
4
232
263
231
418
4
262
231
263
448
4
417
418
231
448
4
449
263
418
448
4
233
263
418
450
4
232
418
233
263
4
264
263
233
450
4
419
450
233
418
4
449
418
263
450
4
233
265
450
420
4
234
265
233
420
4
264
233
265
450
4
419
420
233
450
4
451
265
420
450
4
235
265
420
452
4
234
420
235
265
4
266
265
235
452
4
421
452
235
420
4
451
420
265
452
4
235
267
452
422
4
236
267
235
422
4
266
235
267
452
4
421
422
235
452
4
453
267
422
452
4
237
267
422
454
4
236
422
237
267
4
268
267
237
454
4
423
454
237
422
4
453
422
267
454
4
237
269
454
424
4
238
269
237
424
4
268
237
269
454
4
423
424
237
454
4
455
269
424
454
4
239
269
424
456
4
238
424
239
269
4
270
269
239
456
4
425
456
239
424
4
455
424
269
456
4
239
271
456
426
4
240
271
239
426
4
270
239
271
456
4
425
426
239
456
4
457
271
426
456
4
241
271
426
458
4
240
426
241
271
4
272
271
241
458
4
427
458
241
426
4
457
426
271
458
4
241
273
458
428
4
242
273
241
428
4
272
241
273
458
4
427
428
241
458
4
459
273
428
458
4
243
273
428
460
4
242
428
243
273
4
274
273
243
460
4
429
460
243
428
4
459
428
273
460
4
243
275
460
430
4
244
275
243
430
4
274
243
275
460
4
429
430
243
460
4
461
275
430
460
4
245
275
430
462
4
244
430
245
275
4
276
275
245
462
4
431
462
245
430
4
461
430
275
462
4
245
277
462
432
4
246
277
245
432
4
276
245
277
462
4
431
432
245
462
4
463
277
432
462
4
247
277
432
464
4
246
432
247
277
4
278
277
247
464
4
433
464
247
432
4
463
432
277
464
4
249
279
434
466
4
248
434
249
279
4
280
279
249
466
4
435
466
249
434
4
465
434
279
466
4
249
281
466
436
4
250
281
249
436
4
280
249
281
466
4
435
436
249
466
4
467
281
436
466
4
251
281
436
468
4
250
436
251
281
4
282
281
251
468
4
437
468
251
436
4
467
436
281
468
4
251
283
468
438
4
252
283
251
438
4
282
251
283
468
4
437
438
251
468
4
469
283
438
468
4
253
283
438
470
4
252
438
253
283
4
284
283
253
470
4
439
470
253
438
4
469
438
283
470
4
253
285
470
440
4
254
285
253
440
4
284
253
285
470
4
439
440
253
470
4
471
285
440
470
4
255
285
440
472
4
254
440
255
285
4
286
285
255
472
4
441
472
255
440
4
471
440
285
472
4
255
287
472
442
4
256
287
255
442
4
286
255
287
472
4
441
442
255
472
4
473
287
442
472
4
257
287
442
474
4
256
442
257
287
4
288
287
257
474
4
443
474
257
442
4
473
442
287
474
4
257
289
474
444
4
258
289
257
444
4
288
257
289
474
4
443
444
257
474
4
475
289
444
474
4
259
289
444
476
4
258
444
259
289
4
290
289
259
476
4
445
476
259
444
4
475
444
289
476
4
259
291
476
446
4
260
291
259
446
4
290
259
291
476
4
445
446
259
476
4
477
291
446
476
4
261
291
446
478
4
260
446
261
291
4
292
291
261
478
4
447
478
261
446
4
477
446
291
478
4
261
293
478
448
4
262
293
261
448
4
292
261
293
478
4
447
448
261
478
4
479
293
448
478
4
263
293
448
480
4
262
448
263
293
4
294
293
263
480
4
449
480
263
448
4
479
448
293
480
4
263
295
480
450
4
264
295
263
450
4
294
263
295
480
4
449
450
263
480
4
481
295
450
480
4
265
295
450
482
4
264
450
265
295
4
296
295
265
482
4
451
482
265
450
4
481
450
295
482
4
265
297
482
452
4
266
297
265
452
4
296
265
297
482
4
451
452
265
482
4
483
297
452
482
4
267
297
452
484
4
266
452
267
297
4
298
297
267
484
4
453
484
267
452
4
483
452
297
484
4
267
299
484
454
4
268
299
267
454
4
298
267
299
484
4
453
454
267
484
4
485
299
454
484
4
269
299
454
486
4
268
454
269
299
4
300
299
269
486
4
455
486
269
454
4
485
454
299
486
4
269
301
486
456
4
270
301
269
456
4
300
269
301
486
4
455
456
269
486
4
487
301
456
486
4
271
301
456
488
4
270
456
271
301
4
302
301
271
488
4
457
488
271
456
4
487
456
301
488
4
271
303
488
458
4
272
303
271
458
4
302
271
303
488
4
457
458
271
488
4
489
303
458
488
4
273
303
458
490
4
272
458
273
303
4
304
303
273
490
4
459
490
273
458
4
489
458
303
490
4
273
305
490
460
4
274
305
273
460
4
304
273
305
490
4
459
460
273
490
4
491
305
460
490
4
275
305
460
492
4
274
460
275
305
4
306
305
275
492
4
461
492
275
460
4
491
460
305
492
4
275
307
492
462
4
276
307
275
462
4
306
275
307
492
4
461
462
275
492
4
493
307
462
492
4
277
307
462
494
4
276
462
277
307
4
308
307
277
494
4
463
494
277
462
4
493
462
307
494
4
277
309
494
464
4
278
309
277
464
4
308
277
309
494
4
463
464
277
494
4
495
309
464
494
4
279
311
496
466
4
280
311
279
466
4
310
279
311
496
4
465
466
279
496
4
497
311
466
496
4
281
311
466
498
4
280
466
281
311
4
312
311
281
498
4
467
498
281
466
4
497
466
311
498
4
281
313
498
468
4
282
313
281
468
4
312
281
313
498
4
467
468
281
498
4
499
313
468
498
4
283
313
468
500
4
282
468
283
313
4
314
313
283
500
4
469
500
283
468
4
499
468
313
500
4
283
315
500
470
4
284
315
283
470
4
314
283
315
500
4
469
470
283
500
4
501
315
470
500
4
285
315
470
502
4
284
470
285
315
4
316
315
285
502
4
471
502
285
470
4
501
470
315
502
4
285
317
502
472
4
286
317
285
472
4
316
285
317
502
4
471
472
285
502
4
503
317
472
502
4
287
317
472
504
4
286
472
287
317
4
318
317
287
504
4
473
504
287
472
4
503
472
317
504
4
287
319
504
474
4
288
319
287
474
4
318
287
319
504
4
473
474
287
504
4
505
319
474
504
4
289
319
474
506
4
288
474
289
319
4
320
319
289
506
4
475
506
289
474
4
505
474
319
506
4
289
321
506
476
4
290
321
289
476
4
320
289
321
506
4
475
476
289
506
4
507
321
476
506
4
291
321
476
508
4
290
476
291
321
4
322
321
291
508
4
477
508
291
476
4
507
476
321
508
4
291
323
508
478
4
292
323
291
478
4
322
291
323
508
4
477
478
291
508
4
509
323
478
508
4
293
323
478
510
4
292
478
293
323
4
324
323
293
510
4
479
510
293
478
4
509
478
323
510
4
293
325
510
480
4
294
325
293
480
4
324
293
325
510
4
479
480
293
510
4
511
325
480
510
4
295
325
480
512
4
294
480
295
325
4
326
325
295
512
4
481
512
295
480
4
511
480
325
512
4
295
327
512
482
4
296
327
295
482
4
326
295
327
512
4
481
482
295
512
4
513
327
482
512
4
297
327
482
514
4
296
482
297
327
4
328
327
297
514
4
483
514
297
482
4
513
482
327
514
4
297
329
514
484
4
298
329
297
484
4
328
297
329
514
4
483
484
297
514
4
515
329
484
514
4
299
329
484
516
4
298
484
299
329
4
330
329
299
516
4
485
516
299
484
4
515
484
329
516
4
299
331
516
486
4
300
331
299
486
4
330
299
331
516
4
485
486
299
516
4
517
331
486
516
4
301
331
486
518
4
300
486
301
331
4
332
331
301
518
4
487
518
301
486
4
517
486
331
518
4
301
333
518
488
4
302
333
301
488
4
332
301
333
518
4
487
488
301
518
4
519
333
488
518
4
303
333
488
520
4
302
488
303
333
4
334
333
303
520
4
489
520
303
488
4
519
488
333
520
4
303
335
520
490
4
304
335
303
490
4
334
303
335
520
4
489
490
303
520
4
521
335
490
520
4
305
335
490
522
4
304
490
305
335
4
336
335
305
522
4
491
522
305
490
4
521
490
335
522
4
305
337
522
492
4
306
337
305
492
4
336
305
337
522
4
491
492
305
522
4
523
337
492
522
4
307
337
492
524
4
306
492
307
337
4
338
337
307
524
4
493
524
307
492
4
523
492
337
524
4
307
339
524
494
4
308
339
307
494
4
338
307
339
524
4
493
494
307
524
4
525
339
494
524
4
309
339
494
526
4
308
494
309
339
4
340
339
309
526
4
495
526
309
494
4
525
494
339
526
4
311
341
496
528
4
310
496
311
341
4
342
341
311
528
4
497
528
311
496
4
527
496
341
528
4
311
343
528
498
4
312
343
311
498
4
342
311
343
528
4
497
498
311
528
4
529
343
498
528
4
313
343
498
530
4
312
498
313
343
4
344
343
313
530
4
499
530
313
498
4
529
498
343
530
4
313
345
530
500
4
314
345
313
500
4
344
313
345
530
4
499
500
313
530
4
531
345
500
530
4
315
345
500
532
4
314
500
315
345
4
346
345
315
532
4
501
532
315
500
4
531
500
345
532
4
315
347
532
502
4
316
347
315
502
4
346
315
347
532
4
501
502
315
532
4
533
347
502
532
4
317
347
502
534
4
316
502
317
347
4
348
347
317
534
4
503
534
317
502
4
533
502
347
534
4
317
349
534
504
4
318
349
317
504
4
348
317
349
534
4
503
504
317
534
4
535
349
504
534
4
319
349
504
536
4
318
504
319
349
4
350
349
319
536
4
505
536
319
504
4
535
504
349
536
4
319
351
536
506
4
320
351
319
506
4
350
319
351
536
4
505
506
319
536
4
537
351
506
536
4
321
351
506
538
4
320
506
321
351
4
352
351
321
538
4
507
538
321
506
4
537
506
351
538
4
321
353
538
508
4
322
353
321
508
4
352
321
353
538
4
507
508
321
538
4
539
353
508
538
4
323
353
508
540
4
322
508
323
353
4
354
353
323
540
4
509
540
323
508
4
539
508
353
540
4
323
355
540
510
4
324
355
323
510
4
354
323
355
540
4
509
510
323
540
4
541
355
510
540
4
325
355
510
542
4
324
510
325
355
4
356
355
325
542
4
511
542
325
510
4
541
510
355
542
4
325
357
542
512
4
326
357
325
512
4
356
325
357
542
4
511
512
325
542
4
543
357
512
542
4
327
357
512
544
4
326
512
327
357
4
358
357
327
544
4
513
544
327
512
4
543
512
357
544
4
327
359
544
514
4
328
359
327
514
4
358
327
359
544
4
513
514
327
544
4
545
359
514
544
4
329
359
514
546
4
328
514
329
359
4
360
359
329
546
4
515
546
329
514
4
545
514
359
546
4
329
361
546
516
4
330
361
329
516
4
360
329
361
546
4
515
516
329
546
4
547
361
516
546
4
331
361
516
548
4
330
516
331
361
4
362
361
331
548
4
517
548
331
516
4
547
516
361
548
4
331
363
548
518
4
332
363
331
518
4
362
331
363
548
4
517
518
331
548
4
549
363
518
548
4
333
363
518
550
4
332
518
333
363
4
364
363
333
550
4
519
550
333
518
4
549
518
363
550
4
333
365
550
520
4
334
365
333
520
4
364
333
365
550
4
519
520
333
550
4
551
365
520
550
4
335
365
520
552
4
334
520
335
365
4
366
365
335
552
4
521
552
335
520
4
551
520
365
552
4
335
367
552
522
4
336
367
335
522
4
366
335
367
552
4
521
522
335
552
4
553
367
522
552
4
337
367
522
554
4
336
522
337
367
4
368
367
337
554
4
523
554
337
522
4
553
522
367
554
4
337
369
554
524
4
338
369
337
524
4
368
337
369
554
4
523
524
337
554
4
555
369
524
554
4
339
369
524
556
4
338
524
339
369
4
370
369
339
556
4
525
556
339
524
4
555
524
369
556
4
339
371
556
526
4
340
371
339
526
4
370
339
371
556
4
525
526
339
556
4
557
371
526
556
4
372
404
589
559
4
373
404
372
559
4
403
372
404
589
4
558
559
372
589
4
590
404
559
589
4
374
404
559
591
4
373
559
374
404
4
405
404
374
591
4
560
591
374
559
4
590
559
404
591
4
374
406
591
561
4
375
406
374
561
4
405
374
406
591
4
560
561
374
591
4
592
406
561
591
4
376
406
561
593
4
375
561
376
406
4
407
406
376
593
4
562
593
376
561
4
592
561
406
593
4
376
408
593
563
4
377
408
376
563
4
407
376
408
593
4
562
563
376
593
4
594
408
563
593
4
378
408
563
595
4
377
563
378
408
4
409
408
378
595
4
564
595
378
563
4
594
563
408
595
4
378
410
595
565
4
379
410
378
565
4
409
378
410
595
4
564
565
378
595
4
596
410
565
595
4
380
410
565
597
4
379
565
380
410
4
411
410
380
597
4
566
597
380
565
4
596
565
410
597
4
380
412
597
567
4
381
412
380
567
4
411
380
412
597
4
566
567
380
597
4
598
412
567
597
4
382
412
567
599
4
381
567
382
412
4
413
412
382
599
4
568
599
382
567
4
598
567
412
599
4
382
414
599
569
4
383
414
382
569
4
413
382
414
599
4
568
569
382
599
4
600
414
569
599
4
384
414
569
601
4
383
569
384
414
4
415
414
384
601
4
570
601
384
569
4
600
569
414
601
4
384
416
601
571
4
385
416
384
571
4
415
384
416
601
4
570
571
384
601
4
602
416
571
601
4
386
416
571
603
4
385
571
386
416
4
417
416
386
603
4
572
603
386
571
4
602
571
416
603
4
386
418
603
573
4
387
418
386
573
4
417
386
418
603
4
572
573
386
603
4
604
418
573
603
4
388
418
573
605
4
387
573
388
418
4
419
418
388
605
4
574
605
388
573
4
604
573
418
605
4
388
420
605
575
4
389
420
388
575
4
419
388
420
605
4
574
575
388
605
4
606
420
575
605
4
390
420
575
607
4
389
575
390
420
4
421
420
390
607
4
576
607
390
575
4
606
575
420
607
4
390
422
607
577
4
391
422
390
577
4
421
390
422
607
4
576
577
390
607
4
608
422
577
607
4
392
422
577
609
4
391
577
392
422
4
423
422
392
609
4
578
609
392
577
4
608
577
422
609
4
392
424
609
579
4
393
424
392
579
4
423
392
424
609
4
578
579
392
609
4
610
424
579
609
4
394
424
579
611
4
393
579
394
424
4
425
424
394
611
4
580
611
394
579
4
610
579
424
611
4
394
426
611
581
4
395
426
394
581
4
425
394
426
611
4
580
581
394
611
4
612
426
581
611
4
396
426
581
613
4
395
581
396
426
4
427
426
396
613
4
582
613
396
581
4
612
581
426
613
4
396
428
613
583
4
397
428
396
583
4
427
396
428
613
4
582
583
396
613
4
614
428
583
613
4
398
428
583
615
4
397
583
398
428
4
429
428
398
615
4
584
615
398
583
4
614
583
428
615
4
398
430
615
585
4
399
430
398
585
4
429
398
430
615
4
584
585
398
615
4
616
430
585
615
4
400
430
585
617
4
399
585
400
430
4
431
430
400
617
4
586
617
400
585
4
616
585
430
617
4
400
432
617
587
4
401
432
400
587
4
431
400
432
617
4
586
587
400
617
4
618
432
587
617
4
402
432
587
619
4
401
587
402
432
4
433
432
402
619
4
588
619
402
587
4
618
587
432
619
4
404
434
589
621
4
403
589
404
434
4
435
434
404
621
4
590
621
404
589
4
620
589
434
621
4
404
436
621
591
4
405
436
404
591
4
435
404
436
621
4
590
591
404
621
4
622
436
591
621
4
406
436
591
623
4
405
591
406
436
4
437
436
406
623
4
592
623
406
591
4
622
591
436
623
4
406
438
623
593
4
407
438
406
593
4
437
406
438
623
4
592
593
406
623
4
624
438
593
623
4
408
438
593
625
4
407
593
408
438
4
439
438
408
625
4
594
625
408
593
4
624
593
438
625
4
408
440
625
595
4
409
440
408
595
4
439
408
440
625
4
594
595
408
625
4
626
440
595
625
4
410
440
595
627
4
409
595
410
440
4
441
440
410
627
4
596
627
410
595
4
626
595
440
627
4
410
442
627
597
4
411
442
410
597
4
441
410
442
627
4
596
597
410
627
4
628
442
597
627
4
412
442
597
629
4
411
597
412
442
4
443
442
412
629
4
598
629
412
597
4
628
597
442
629
4
412
444
629
599
4
413
444
412
599
4
443
412
444
629
4
598
599
412
629
4
630
444
599
629
4
414
444
599
631
4
413
599
414
444
4
445
444
414
631
4
600
631
414
599
4
630
599
444
631
4
414
446
631
601
4
415
446
414
601
4
445
414
446
631
4
600
601
414
631
4
632
446
601
631
4
416
446
601
633
4
415
601
416
446
4
447
446
416
633
4
602
633
416
601
4
632
601
446
633
4
416
448
633
603
4
417
448
416
603
4
447
416
448
633
4
602
603
416
633
4
634
448
603
633
4
418
448
603
635
4
417
603
418
448
4
449
448
418
635
4
604
635
418
603
4
634
603
448
635
4
418
450
635
605
4
419
450
418
605
4
449
418
450
635
4
604
605
418
635
4
636
450
605
635
4
420
450
605
637
4
419
605
420
450
4
451
450
420
637
4
606
637
420
605
4
636
605
450
637
4
420
452
637
607
4
421
452
420
607
4
451
420
452
637
4
606
607
420
637
4
638
452
607
637
4
422
452
607
639
4
421
607
422
452
4
453
452
422
639
4
608
639
422
607
4
638
607
452
639
4
422
454
639
609
4
423
454
422
609
4
453
422
454
639
4
608
609
422
639
4
640
454
609
639
4
424
454
609
641
4
423
609
424
454
4
455
454
424
641
4
610
641
424
609
4
640
609
454
641
4
424
456
641
611
4
425
456
424
611
4
455
424
456
641
4
610
611
424
641
4
642
456
611
641
4
426
456
611
643
4
425
611
426
456
4
457
456
426
643
4
612
643
426
611
4
642
611
456
643
4
426
458
643
613
4
427
458
426
613
4
457
426
458
643
4
612
613
426
643
4
644
458
613
643
4
428
458
613
645
4
427
613
428
458
4
459
458
428
645
4
614
645
428
613
4
644
613
458
645
4
428
460
645
615
4
429
460
428
615
4
459
428
460
645
4
614
615
428
645
4
646
460
615
645
4
430
460
615
647
4
429
615
430
460
4
461
460
430
647
4
616
647
430
615
4
646
615
460
647
4
430
462
647
617
4
431
462
430
617
4
461
430
462
647
4
616
617
430
647
4
648
462
617
647
4
432
462
617
649
4
431
617
432
462
4
463
462
432
649
4
618
649
432
617
4
648
617
462
649
4
432
464
649
619
4
433
464
432
619
4
463
432
464
649
4
618
619
432
649
4
650
464
619
649
4
434
466
651
621
4
435
466
434
621
4
465
434
466
651
4
620
621
434
651
4
652
466
621
651
4
436
466
621
653
4
435
621
436
466
4
467
466
436
653
4
622
653
436
621
4
652
621
466
653
4
436
468
653
623
4
437
468
436
623
4
467
436
468
653
4
622
623
436
653
4
654
468
623
653
4
438
468
623
655
4
437
623
438
468
4
469
468
438
655
4
624
655
438
623
4
654
623
468
655
4
438
470
655
625
4
439
470
438
625
4
469
438
470
655
4
624
625
438
655
4
656
470
625
655
4
440
470
625
657
4
439
625
440
470
4
471
470
440
657
4
626
657
440
625
4
656
625
470
657
4
440
472
657
627
4
441
472
440
627
4
471
440
472
657
4
626
627
440
657
4
658
472
627
657
4
442
472
627
659
4
441
627
442
472
4
473
472
442
659
4
628
659
442
627
4
658
627
472
659
4
442
474
659
629
4
443
474
442
629
4
473
442
474
659
4
628
629
442
659
4
660
474
629
659
4
444
474
629
661
4
443
629
444
474
4
475
474
444
661
4
630
661
444
629
4
660
629
474
661
4
444
476
661
631
4
445
476
444
631
4
475
444
476
661
4
630
631
444
661
4
662
476
631
661
4
446
476
631
663
4
445
631
446
476
4
477
476
446
663
4
632
663
446
631
4
662
631
476
663
4
446
478
663
633
4
447
478
446
633
4
477
446
478
663
4
632
633
446
663
4
664
478
633
663
4
448
478
633
665
4
447
633
448
478
4
479
478
448
665
4
634
665
448
633
4
664
633
478
665
4
448
480
665
635
4
449
480
448
635
4
479
448
480
665
4
634
635
448
665
4
666
480
635
665
4
450
480
635
667
4
449
635
450
480
4
481
480
450
667
4
636
667
450
635
4
666
635
480
667
4
450
482
667
637
4
451
482
450
637
4
481
450
482
667
4
636
637
450
667
4
668
482
637
667
4
452
482
637
669
4
451
637
452
482
4
483
482
452
669
4
638
669
452
637
4
668
637
482
669
4
452
484
669
639
4
453
484
452
639
4
483
452
484
669
4
638
639
452
669
4
670
484
639
669
4
454
484
639
671
4
453
639
454
484
4
485
484
454
671
4
640
671
454
639
4
670
639
484
671
4
454
486
671
641
4
455
486
454
641
4
485
454
486
671
4
640
641
454
671
4
672
486
641
671
4
456
486
641
673
4
455
641
456
486
4
487
486
456
673
4
642
673
456
641
4
672
641
486
673
4
456
488
673
643
4
457
488
456
643
4
487
456
488
673
4
642
643
456
673
4
674
488
643
673
4
458
488
643
675
4
457
643
458
488
4
489
488
458
675
4
644
675
458
643
4
674
643
488
675
4
458
490
675
645
4
459
490
458
645
4
489
458
490
675
4
644
645
458
675
4
676
490
645
675
4
460
490
645
677
4
459
645
460
490
4
491
490
460
677
4
646
677
460
645
4
676
645
490
677
4
460
492
677
647
4
461
492
460
647
4
491
460
492
677
4
646
647
460
677
4
678
492
647
677
4
462
492
647
679
4
461
647
462
492
4
493
492
462
679
4
648
679
462
647
4
678
647
492
679
4
462
494
679
649
4
463
494
462
649
4
493
462
494
679
4
648
649
462
679
4
680
494
649
679
4
464
494
649
681
4
463
649
464
494
4
495
494
464
681
4
650
681
464
649
4
680
649
494
681
4
466
496
651
683
4
465
651
466
496
4
497
496
466
683
4
652
683
466
651
4
682
651
496
683
4
466
498
683
653
4
467
498
466
653
4
497
466
498
683
4
652
653
466
683
4
684
498
653
683
4
468
498
653
685
4
467
653
468
498
4
499
498
468
685
4
654
685
468
653
4
684
653
498
685
4
468
500
685
655
4
469
500
468
655
4
499
468
500
685
4
654
655
468
685
4
686
500
655
685
4
470
500
655
687
4
469
655
470
500
4
501
500
470
687
4
656
687
470
655
4
686
655
500
687
4
470
502
687
657
4
471
502
470
657
4
501
470
502
687
4
656
657
470
687
4
688
502
657
687
4
472
502
657
689
4
471
657
472
502
4
503
502
472
689
4
658
689
472
657
4
688
657
502
689
4
472
504
689
659
4
473
504
472
659
4
503
472
504
689
4
658
659
472
689
4
690
504
659
689
4
474
504
659
691
4
473
659
474
504
4
505
504
474
691
4
660
691
474
659
4
690
659
504
691
4
474
506
691
661
4
475
506
474
661
4
505
474
506
691
4
660
661
474
691
4
692
506
661
691
4
476
506
661
693
4
475
661
476
506
4
507
506
476
693
4
662
693
476
661
4
692
661
506
693
4
476
508
693
663
4
477
508
476
663
4
507
476
508
693
4
662
663
476
693
4
694
508
663
693
4
478
508
663
695
4
477
663
478
508
4
509
508
478
695
4
664
695
478
663
4
694
663
508
695
4
478
510
695
665
4
479
510
478
665
4
509
478
510
695
4
664
665
478
695
4
696
510
665
695
4
480
510
665
697
4
479
665
480
510
4
511
510
480
697
4
666
697
480
665
4
696
665
510
697
4
480
512
697
667
4
481
512
480
667
4
511
480
512
697
4
666
667
480
697
4
698
512
667
697
4
482
512
667
699
4
481
667
482
512
4
513
512
482
699
4
668
699
482
667
4
698
667
512
699
4
482
514
699
669
4
483
514
482
669
4
513
482
514
699
4
668
669
482
699
4
700
514
669
699
4
484
514
669
701
4
483
669
484
514
4
515
514
484
701
4
670
701
484
669
4
700
669
514
701
4
484
516
701
671
4
485
516
484
671
4
515
484
516
701
4
670
671
484
701
4
702
516
671
701
4
486
516
671
703
4
485
671
486
516
4
517
516
486
703
4
672
703
486
671
4
702
671
516
703
4
486
518
703
673
4
487
518
486
673
4
517
486
518
703
4
672
673
486
703
4
704
518
673
703
4
488
518
673
705
4
487
673
488
518
4
519
518
488
705
4
674
705
488
673
4
704
673
518
705
4
488
520
705
675
4
489
520
488
675
4
519
488
520
705
4
674
675
488
705
4
706
520
675
705
4
490
520
675
707
4
489
675
490
520
4
521
520
490
707
4
676
707
490
675
4
706
675
520
707
4
490
522
707
677
4
491
522
490
677
4
521
490
522
707
4
676
677
490
707
4
708
522
677
707
4
492
522
677
709
4
491
677
492
522
4
523
522
492
709
4
678
709
492
677
4
708
677
522
709
4
492
524
709
679
4
493
524
492
679
4
523
492
524
709
4
678
679
492
709
4
710
524
679
709
4
494
524
679
711
4
493
679
494
524
4
525
524
494
711
4
680
711
494
679
4
710
679
524
711
4
494
526
711
681
4
495
526
494
681
4
525
494
526
711
4
680
681
494
711
4
712
526
681
711
4
496
528
713
683
4
497
528
496
683
4
527
496
528
713
4
682
683
496
713
4
714
528
683
713
4
498
528
683
715
4
497
683
498
528
4
529
528
498
715
4
684
715
498
683
4
714
683
528
715
4
498
530
715
685
4
499
530
498
685
4
529
498
530
715
4
684
685
498
715
4
716
530
685
715
4
500
530
685
717
4
499
685
500
530
4
531
530
500
717
4
686
717
500
685
4
716
685
530
717
4
500
532
717
687
4
501
532
500
687
4
531
500
532
717
4
686
687
500
717
4
718
532
687
717
4
502
532
687
719
4
501
687
502
532
4
533
532
502
719
4
688
719
502
687
4
718
687
532
719
4
502
534
719
689
4
503
534
502
689
4
533
502
534
719
4
688
689
502
719
4
720
534
689
719
4
504
534
689
721
4
503
689
504
534
4
535
534
504
721
4
690
721
504
689
4
720
689
534
721
4
504
536
721
691
4
505
536
504
691
4
535
504
536
721
4
690
691
504
721
4
722
536
691
721
4
506
536
691
723
4
505
691
506
536
4
537
536
506
723
4
692
723
506
691
4
722
691
536
723
4
506
538
723
693
4
507
538
506
693
4
537
506
538
723
4
692
693
506
723
4
724
538
693
723
4
508
538
693
725
4
507
693
508
538
4
539
538
508
725
4
694
725
508
693
4
724
693
538
725
4
508
540
725
695
4
509
540
508
695
4
539
508
540
725
4
694
695
508
725
4
726
540
695
725
4
510
540
695
727
4
509
695
510
540
4
541
540
510
727
4
696
727
510
695
4
726
695
540
727
4
510
542
727
697
4
511
542
510
697
4
541
510
542
727
4
696
697
510
727
4
728
542
697
727
4
512
542
697
729
4
511
697
512
542
4
543
542
512
729
4
698
729
512
697
4
728
697
542
729
4
512
544
729
699
4
513
544
512
699
4
543
512
544
729
4
698
699
512
729
4
730
544
699
729
4
514
544
699
731
4
513
699
514
544
4
545
544
514
731
4
700
731
514
699
4
730
699
544
731
4
514
546
731
701
4
515
546
514
701
4
545
514
546
731
4
700
701
514
731
4
732
546
701
731
4
516
546
701
733
4
515
701
516
546
4
547
546
516
733
4
702
733
516
701
4
732
701
546
733
4
516
548
733
703
4
517
548
516
703
4
547
516
548
733
4
702
703
516
733
4
734
548
703
733
4
518
548
703
735
4
517
703
518
548
4
549
548
518
735
4
704
735
518
703
4
734
703
548
735
4
518
550
735
705
4
519
550
518
705
4
549
518
550
735
4
704
705
518
735
4
736
550
705
735
4
520
550
705
737
4
519
705
520
550
4
551
550
520
737
4
706
737
520
705
4
736
705
550
737
4
520
552
737
707
4
521
552
520
707
4
551
520
552
737
4
706
707
520
737
4
738
552
707
737
4
522
552
707
739
4
521
707
522
552
4
553
552
522
739
4
708
739
522
707
4
738
707
552
739
4
522
554
739
709
4
523
554
522
709
4
553
522
554
739
4
708
709
522
739
4
740
554
709
739
4
524
554
709
741
4
523
709
524
554
4
555
554
524
741
4
710
741
524
709
4
740
709
554
741
4
524
556
741
711
4
525
556
524
711
4
555
524
556
741
4
710
711
524
741
4
742
556
711
741
4
526
556
711
743
4
525
711
526
556
4
557
556
526
743
4
712
743
526
711
4
742
711
556
743
4
559
589
744
776
4
558
744
559
589
4
590
589
559
776
4
745
776
559
744
4
775
744
589
776
4
559
591
776
746
4
560
591
559
746
4
590
559
591
776
4
745
746
559
776
4
777
591
746
776
4
561
591
746
778
4
560
746
561
591
4
592
591
561
778
4
747
778
561
746
4
777
746
591
778
4
561
593
778
748
4
562
593
561
748
4
592
561
593
778
4
747
748
561
778
4
779
593
748
778
4
563
593
748
780
4
562
748
563
593
4
594
593
563
780
4
749
780
563
748
4
779
748
593
780
4
563
595
780
750
4
564
595
563
750
4
594
563
595
780
4
749
750
563
780
4
781
595
750
780
4
565
595
750
782
4
564
750
565
595
4
596
595
565
782
4
751
782
565
750
4
781
750
595
782
4
565
597
782
752
4
566
597
565
752
4
596
565
597
782
4
751
752
565
782
4
783
597
752
782
4
567
597
752
784
4
566
752
567
597
4
598
597
567
784
4
753
784
567
752
4
783
752
597
784
4
567
599
784
754
4
568
599
567
754
4
598
567
599
784
4
753
754
567
784
4
785
599
754
784
4
569
599
754
786
4
568
754
569
599
4
600
599
569
786
4
755
786
569
754
4
785
754
599
786
4
569
601
786
756
4
570
601
569
756
4
600
569
601
786
4
755
756
569
786
4
787
601
756
786
4
571
601
756
788
4
570
756
571
601
4
602
601
571
788
4
757
788
571
756
4
787
756
601
788
4
571
603
788
758
4
572
603
571
758
4
602
571
603
788
4
757
758
571
788
4
789
603
758
788
4
573
603
758
790
4
572
758
573
603
4
604
603
573
790
4
759
790
573
758
4
789
758
603
790
4
573
605
790
760
4
574
605
573
760
4
604
573
605
790
4
759
760
573
790
4
791
605
760
790
4
575
605
760
792
4
574
760
575
605
4
606
605
575
792
4
761
792
575
760
4
791
760
605
792
4
575
607
792
762
4
576
607
575
762
4
606
575
607
792
4
761
762
575
792
4
793
607
762
792
4
577
607
762
794
4
576
762
577
607
4
608
607
577
794
4
763
794
577
762
4
793
762
607
794
4
577
609
794
764
4
578
609
577
764
4
608
577
609
794
4
763
764
577
794
4
795
609
764
794
4
579
609
764
796
4
578
764
579
609
4
610
609
579
796
4
765
796
579
764
4
795
764
609
796
4
579
611
796
766
4
580
611
579
766
4
610
579
611
796
4
765
766
579
796
4
797
611
766
796
4
581
611
766
798
4
580
766
581
611
4
612
611
581
798
4
767
798
581
766
4
797
766
611
798
4
581
613
798
768
4
582
613
581
768
4
612
581
613
798
4
767
768
581
798
4
799
613
768
798
4
583
613
768
800
4
582
768
583
613
4
614
613
583
800
4
769
800
583
768
4
799
768
613
800
4
583
615
800
770
4
584
615
583
770
4
614
583
615
800
4
769
770
583
800
4
801
615
770
800
4
585
615
770
802
4
584
770
585
615
4
616
615
585
802
4
771
802
585
770
4
801
770
615
802
4
585
617
802
772
4
586
617
585
772
4
616
585
617
802
4
771
772
585
802
4
803
617
772
802
4
587
617
772
804
4
586
772
587
617
4
618
617
587
804
4
773
804
587
772
4
803
772
617
804
4
587
619
804
774
4
588
619
587
774
4
618
587
619
804
4
773
774
587
804
4
805
619
774
804
4
589
621
806
776
4
590
621
589
776
4
620
589
621
806
4
775
776
589
806
4
807
621
776
806
4
591
621
776
808
4
590
776
591
621
4
622
621
591
808
4
777
808
591
776
4
807
776
621
808
4
591
623
808
778
4
592
623
591
778
4
622
591
623
808
4
777
778
591
808
4
809
623
778
808
4
593
623
778
810
4
592
778
593
623
4
624
623
593
810
4
779
810
593
778
4
809
778
623
810
4
593
625
810
780
4
594
625
593
780
4
624
593
625
810
4
779
780
593
810
4
811
625
780
810
4
595
625
780
812
4
594
780
595
625
4
626
625
595
812
4
781
812
595
780
4
811
780
625
812
4
595
627
812
782
4
596
627
595
782
4
626
595
627
812
4
781
782
595
812
4
813
627
782
812
4
597
627
782
814
4
596
782
597
627
4
628
627
597
814
4
783
814
597
782
4
813
782
627
814
4
597
629
814
784
4
598
629
597
784
4
628
597
629
814
4
783
784
597
814
4
815
629
784
814
4
599
629
784
816
4
598
784
599
629
4
630
629
599
816
4
785
816
599
784
4
815
784
629
816
4
599
631
816
786
4
600
631
599
786
4
630
599
631
816
4
785
786
599
816
4
817
631
786
816
4
601
631
786
818
4
600
786
601
631
4
632
631
601
818
4
787
818
601
786
4
817
786
631
818
4
601
633
818
788
4
602
633
601
788
4
632
601
633
818
4
787
788
601
818
4
819
633
788
818
4
603
633
788
820
4
602
788
603
633
4
634
633
603
820
4
789
820
603
788
4
819
788
633
820
4
603
635
820
790
4
604
635
603
790
4
634
603
635
820
4
789
790
603
820
4
821
635
790
820
4
605
635
790
822
4
604
790
605
635
4
636
635
605
822
4
791
822
605
790
4
821
790
635
822
4
605
637
822
792
4
606
637
605
792
4
636
605
637
822
4
791
792
605
822
4
823
637
792
822
4
607
637
792
824
4
606
792
607
637
4
638
637
607
824
4
793
824
607
792
4
823
792
637
824
4
607
639
824
794
4
608
639
607
794
4
638
607
639
824
4
793
794
607
824
4
825
639
794
824
4
609
639
794
826
4
608
794
609
639
4
640
639
609
826
4
795
826
609
794
4
825
794
639
826
4
609
641
826
796
4
610
641
609
796
4
640
609
641
826
4
795
796
609
826
4
827
641
796
826
4
611
641
796
828
4
610
796
611
641
4
642
641
611
828
4
797
828
611
796
4
827
796
641
828
4
611
643
828
798
4
612
643
611
798
4
642
611
643
828
4
797
798
611
828
4
829
643
798
828
4
613
643
798
830
4
612
798
613
643
4
644
643
613
830
4
799
830
613
798
4
829
798
643
830
4
613
645
830
800
4
614
645
613
800
4
644
613
645
830
4
799
800
613
830
4
831
645
800
830
4
615
645
800
832
4
614
800
615
645
4
646
645
615
832
4
801
832
615
800
4
831
800
645
832
4
615
647
832
802
4
616
647
615
802
4
646
615
647
832
4
801
802
615
832
4
833
647
802
832
4
617
647
802
834
4
616
802
617
647
4
648
647
617
834
4
803
834
617
802
4
833
802
647
834
4
617
649
834
804
4
618
649
617
804
4
648
617
649
834
4
803
804
617
834
4
835
649
804
834
4
619
649
804
836
4
618
804
619
649
4
650
649
619
836
4
805
836
619
804
4
835
804
649
836
4
621
651
806
838
4
620
806
621
651
4
652
651
621
838
4
807
838
621
806
4
837
806
651
838
4
621
653
838
808
4
622
653
621
808
4
652
621
653
838
4
807
808
621
838
4
839
653
808
838
4
623
653
808
840
4
622
808
623
653
4
654
653
623
840
4
809
840
623
808
4
839
808
653
840
4
623
655
840
810
4
624
655
623
810
4
654
623
655
840
4
809
810
623
840
4
841
655
810
840
4
625
655
810
842
4
624
810
625
655
4
656
655
625
842
4
811
842
625
810
4
841
810
655
842
4
625
657
842
812
4
626
657
625
812
4
656
625
657
842
4
811
812
625
842
4
843
657
812
842
4
627
657
812
844
4
626
812
627
657
4
658
657
627
844
4
813
844
627
812
4
843
812
657
844
4
627
659
844
814
4
628
659
627
814
4
658
627
659
844
4
813
814
627
844
4
845
659
814
844
4
629
659
814
846
4
628
814
629
659
4
660
659
629
846
4
815
846
629
814
4
845
814
659
846
4
629
661
846
816
4
630
661
629
816
4
660
629
661
846
4
815
816
629
846
4
847
661
816
846
4
631
661
816
848
4
630
816
631
661
4
662
661
631
848
4
817
848
631
816
4
847
816
661
848
4
631
663
848
818
4
632
663
631
818
4
662
631
663
848
4
817
818
631
848
4
849
663
818
848
4
633
663
818
850
4
632
818
633
663
4
664
663
633
850
4
819
850
633
818
4
849
818
663
850
4
633
665
850
820
4
634
665
633
820
4
664
633
665
850
4
819
820
633
850
4
851
665
820
850
4
635
665
820
852
4
634
820
635
665
4
666
665
635
852
4
821
852
635
820
4
851
820
665
852
4
635
667
852
822
4
636
667
635
822
4
666
635
667
852
4
821
822
635
852
4
853
667
822
852
4
637
667
822
854
4
636
822
637
667
4
668
667
637
854
4
823
854
637
822
4
853
822
667
854
4
637
669
854
824
4
638
669
637
824
4
668
637
669
854
4
823
824
637
854
4
855
669
824
854
4
639
669
824
856
4
638
824
639
669
4
670
669
639
856
4
825
856
639
824
4
855
824
669
856
4
639
671
856
826
4
640
671
639
826
4
670
639
671
856
4
825
826
639
856
4
857
671
826
856
4
641
671
826
858
4
640
826
641
671
4
672
671
641
858
4
827
858
641
826
4
857
826
671
858
4
641
673
858
828
4
642
673
641
828
4
672
641
673
858
4
827
828
641
858
4
859
673
828
858
4
643
673
828
860
4
642
828
643
673
4
674
673
643
860
4
829
860
643
828
4
859
828
673
860
4
643
675
860
830
4
644
675
643
830
4
674
643
675
860
4
829
830
643
860
4
861
675
830
860
4
645
675
830
862
4
644
830
645
675
4
676
675
645
862
4
831
862
645
830
4
861
830
675
862
4
645
677
862
832
4
646
677
645
832
4
676
645
677
862
4
831
832
645
862
4
863
677
832
862
4
647
677
832
864
4
646
832
647
677
4
678
677
647
864
4
833
864
647
832
4
863
832
677
864
4
647
679
864
834
4
648
679
647
834
4
678
647
679
864
4
833
834
647
864
4
865
679
834
864
4
649
679
834
866
4
648
834
649
679
4
680
679
649
866
4
835
866
649
834
4
865
834
679
866
4
649
681
866
836
4
650
681
649
836
4
680
649
681
866
4
835
836
649
866
4
867
681
836
866
4
651
683
868
838
4
652
683
651
838
4
682
651
683
868
4
837
838
651
868
4
869
683
838
868
4
653
683
838
870
4
652
838
653
683
4
684
683
653
870
4
839
870
653
838
4
869
838
683
870
4
653
685
870
840
4
654
685
653
840
4
684
653
685
870
4
839
840
653
870
4
871
685
840
870
4
655
685
840
872
4
654
840
655
685
4
686
685
655
872
4
841
872
655
840
4
871
840
685
872
4
655
687
872
842
4
656
687
655
842
4
686
655
687
872
4
841
842
655
872
4
873
687
842
872
4
657
687
842
874
4
656
842
657
687
4
688
687
657
874
4
843
874
657
842
4
873
842
687
874
4
657
689
874
844
4
658
689
657
844
4
688
657
689
874
4
843
844
657
874
4
875
689
844
874
4
659
689
844
876
4
658
844
659
689
4
690
689
659
876
4
845
876
659
844
4
875
844
689
876
4
659
691
876
846
4
660
691
659
846
4
690
659
691
876
4
845
846
659
876
4
877
691
846
876
4
661
691
846
878
4
660
846
661
691
4
692
691
661
878
4
847
878
661
846
4
877
846
691
878
4
661
693
878
848
4
662
693
661
848
4
692
661
693
878
4
847
848
661
878
4
879
693
848
878
4
663
693
848
880
4
662
848
663
693
4
694
693
663
880
4
849
880
663
848
4
879
848
693
880
4
663
695
880
850
4
664
695
663
850
4
694
663
695
880
4
849
850
663
880
4
881
695
850
880
4
665
695
850
882
4
664
850
665
695
4
696
695
665
882
4
851
882
665
850
4
881
850
695
882
4
665
697
882
852
4
666
697
665
852
4
696
665
697
882
4
851
852
665
882
4
883
697
852
882
4
667
697
852
884
4
666
852
667
697
4
698
697
667
884
4
853
884
667
852
4
883
852
697
884
4
667
699
884
854
4
668
699
667
854
4
698
667
699
884
4
853
854
667
884
4
885
699
854
884
4
669
699
854
886
4
668
854
669
699
4
700
699
669
886
4
855
886
669
854
4
885
854
699
886
4
669
701
886
856
4
670
701
669
856
4
700
669
701
886
4
855
856
669
886
4
887
701
856
886
4
671
701
856
888
4
670
856
671
701
4
702
701
671
888
4
857
888
671
856
4
887
856
701
888
4
671
703
888
858
4
672
703
671
858
4
702
671
703
888
4
857
858
671
888
4
889
703
858
888
4
673
703
858
890
4
672
858
673
703
4
704
703
673
890
4
859
890
673
858
4
889
858
703
890
4
673
705
890
860
4
674
705
673
860
4
704
673
705
890
4
859
860
673
890
4
891
705
860
890
4
675
705
860
892
4
674
860
675
705
4
706
705
675
892
4
861
892
675
860
4
891
860
705
892
4
675
707
892
862
4
676
707
675
862
4
706
675
707
892
4
861
862
675
892
4
893
707
862
892
4
677
707
862
894
4
676
862
677
707
4
708
707
677
894
4
863
894
677
862
4
893
862
707
894
4
677
709
894
864
4
678
709
677
864
4
708
677
709
894
4
863
864
677
894
4
895
709
864
894
4
679
709
864
896
4
678
864
679
709
4
710
709
679
896
4
865
896
679
864
4
895
864
709
896
4
679
711
896
866
4
680
711
679
866
4
710
679
711
896
4
865
866
679
896
4
897
711
866
896
4
681
711
866
898
4
680
866
681
711
4
712
711
681
898
4
867
898
681
866
4
897
866
711
898
4
683
713
868
900
4
682
868
683
713
4
714
713
683
900
4
869
900
683
868
4
899
868
713
900
4
683
715
900
870
4
684
715
683
870
4
714
683
715
900
4
869
870
683
900
4
901
715
870
900
4
685
715
870
902
4
684
870
685
715
4
716
715
685
902
4
871
902
685
870
4
901
870
715
902
4
685
717
902
872
4
686
717
685
872
4
716
685
717
902
4
871
872
685
902
4
903
717
872
902
4
687
717
872
904
4
686
872
687
717
4
718
717
687
904
4
873
904
687
872
4
903
872
717
904
4
687
719
904
874
4
688
719
687
874
4
718
687
719
904
4
873
874
687
904
4
905
719
874
904
4
689
719
874
906
4
688
874
689
719
4
720
719
689
906
4
875
906
689
874
4
905
874
719
906
4
689
721
906
876
4
690
721
689
876
4
720
689
721
906
4
875
876
689
906
4
907
721
876
906
4
691
721
876
908
4
690
876
691
721
4
722
721
691
908
4
877
908
691
876
4
907
876
721
908
4
691
723
908
878
4
692
723
691
878
4
722
691
723
908
4
877
878
691
908
4
909
723
878
908
4
693
723
878
910
4
692
878
693
723
4
724
723
693
910
4
879
910
693
878
4
909
878
723
910
4
693
725
910
880
4
694
725
693
880
4
724
693
725
910
4
879
880
693
910
4
911
725
880
910
4
695
725
880
912
4
694
880
695
725
4
726
725
695
912
4
881
912
695
880
4
911
880
725
912
4
695
727
912
882
4
696
727
695
882
4
726
695
727
912
4
881
882
695
912
4
913
727
882
912
4
697
727
882
914
4
696
882
697
727
4
728
727
697
914
4
883
914
697
882
4
913
882
727
914
4
697
729
914
884
4
698
729
697
884
4
728
697
729
914
4
883
884
697
914
4
915
729
884
914
4
699
729
884
916
4
698
884
699
729
4
730
729
699
916
4
885
916
699
884
4
915
884
729
916
4
699
731
916
886
4
700
731
699
886
4
730
699
731
916
4
885
886
699
916
4
917
731
886
916
4
701
731
886
918
4
700
886
701
731
4
732
731
701
918
4
887
918
701
886
4
917
886
731
918
4
701
733
918
888
4
702
733
701
888
4
732
701
733
918
4
887
888
701
918
4
919
733
888
918
4
703
733
888
920
4
702
888
703
733
4
734
733
703
920
4
889
920
703
888
4
919
888
733
920
4
703
735
920
890
4
704
735
703
890
4
734
703
735
920
4
889
890
703
920
4
921
735
890
920
4
705
735
890
922
4
704
890
705
735
4
736
735
705
922
4
891
922
705
890
4
921
890
735
922
4
705
737
922
892
4
706
737
705
892
4
736
705
737
922
4
891
892
705
922
4
923
737
892
922
4
707
737
892
924
4
706
892
707
737
4
738
737
707
924
4
893
924
707
892
4
923
892
737
924
4
707
739
924
894
4
708
739
707
894
4
738
707
739
924
4
893
894
707
924
4
925
739
894
924
4
709
739
894
926
4
708
894
709
739
4
740
739
709
926
4
895
926
709
894
4
925
894
739
926
4
709
741
926
896
4
710
741
709
896
4
740
709
741
926
4
895
896
709
926
4
927
741
896
926
4
711
741
896
928
4
710
896
711
741
4
742
741
711
928
4
897
928
711
896
4
927
896
741
928
4
711
743
928
898
4
712
743
711
898
4
742
711
743
928
4
897
898
711
928
4
929
743
898
928
4
744
776
961
931
4
745
776
744
931
4
775
744
776
961
4
930
931
744
961
4
962
776
931
961
4
746
776
931
963
4
745
931
746
776
4
777
776
746
963
4
932
963
746
931
4
962
931
776
963
4
746
778
963
933
4
747
778
746
933
4
777
746
778
963
4
932
933
746
963
4
964
778
933
963
4
748
778
933
965
4
747
933
748
778
4
779
778
748
965
4
934
965
748
933
4
964
933
778
965
4
748
780
965
935
4
749
780
748
935
4
779
748
780
965
4
934
935
748
965
4
966
780
935
965
4
750
780
935
967
4
749
935
750
780
4
781
780
750
967
4
936
967
750
935
4
966
935
780
967
4
750
782
967
937
4
751
782
750
937
4
781
750
782
967
4
936
937
750
967
4
968
782
937
967
4
752
782
937
969
4
751
937
752
782
4
783
782
752
969
4
938
969
752
937
4
968
937
782
969
4
752
784
969
939
4
753
784
752
939
4
783
752
784
969
4
938
939
752
969
4
970
784
939
969
4
754
784
939
971
4
753
939
754
784
4
785
784
754
971
4
940
971
754
939
4
970
939
784
971
4
754
786
971
941
4
755
786
754
941
4
785
754
786
971
4
940
941
754
971
4
972
786
941
971
4
756
786
941
973
4
755
941
756
786
4
787
786
756
973
4
942
973
756
941
4
972
941
786
973
4
756
788
973
943
4
757
788
756
943
4
787
756
788
973
4
942
943
756
973
4
974
788
943
973
4
758
788
943
975
4
757
943
758
788
4
789
788
758
975
4
944
975
758
943
4
974
943
788
975
4
758
790
975
945
4
759
790
758
945
4
789
758
790
975
4
944
945
758
975
4
976
790
945
975
4
760
790
945
977
4
759
945
760
790
4
791
790
760
977
4
946
977
760
945
4
976
945
790
977
4
760
792
977
947
4
761
792
760
947
4
791
760
792
977
4
946
947
760
977
4
978
792
947
977
4
762
792
947
979
4
761
947
762
792
4
793
792
762
979
4
948
979
762
947
4
978
947
792
979
4
762
794
979
949
4
763
794
762
949
4
793
762
794
979
4
948
949
762
979
4
980
794
949
979
4
764
794
949
981
4
763
949
764
794
4
795
794
764
981
4
950
981
764
949
4
980
949
794
981
4
764
796
981
951
4
765
796
764
951
4
795
764
796
981
4
950
951
764
981
4
982
796
951
981
4
766
796
951
983
4
765
951
766
796
4
797
796
766
983
4
952
983
766
951
4
982
951
796
983
4
766
798
983
953
4
767
798
766
953
4
797
766
798
983
4
952
953
766
983
4
984
798
953
983
4
768
798
953
985
4
767
953
768
798
4
799
798
768
985
4
954
985
768
953
4
984
953
798
985
4
768
800
985
955
4
769
800
768
955
4
799
768
800
985
4
954
955
768
985
4
986
800
955
985
4
770
800
955
987
4
769
955
770
800
4
801
800
770
987
4
956
987
770
955
4
986
955
800
987
4
770
802
987
957
4
771
802
770
957
4
801
770
802
987
4
956
957
770
987
4
988
802
957
987
4
772
802
957
989
4
771
957
772
802
4
803
802
772
989
4
958
989
772
957
4
988
957
802
989
4
772
804
989
959
4
773
804
772
959
4
803
772
804
989
4
958
959
772
989
4
990
804
959
989
4
774
804
959
991
4
773
959
774
804
4
805
804
774
991
4
960
991
774
959
4
990
959
804
991
4
776
806
961
993
4
775
961
776
806
4
807
806
776
993
4
962
993
776
961
4
992
961
806
993
4
776
808
993
963
4
777
808
776
963
4
807
776
808
993
4
962
963
776
993
4
994
808
963
993
4
778
808
963
995
4
777
963
778
808
4
809
808
778
995
4
964
995
778
963
4
994
963
808
995
4
778
810
995
965
4
779
810
778
965
4
809
778
810
995
4
964
965
778
995
4
996
810
965
995
4
780
810
965
997
4
779
965
780
810
4
811
810
780
997
4
966
997
780
965
4
996
965
810
997
4
780
812
997
967
4
781
812
780
967
4
811
780
812
997
4
966
967
780
997
4
998
812
967
997
4
782
812
967
999
4
781
967
782
812
4
813
812
782
999
4
968
999
782
967
4
998
967
812
999
4
782
814
999
969
4
783
814
782
969
4
813
782
814
999
4
968
969
782
999
4
1000
814
969
999
4
784
814
969
1001
4
783
969
784
814
4
815
814
784
1001
4
970
1001
784
969
4
1000
969
814
1001
4
784
816
1001
971
4
785
816
784
971
4
815
784
816
1001
4
970
971
784
1001
4
1002
816
971
1001
4
786
816
971
1003
4
785
971
786
816
4
817
816
786
1003
4
972
1003
786
971
4
1002
971
816
1003
4
786
818
1003
973
4
787
818
786
973
4
817
786
818
1003
4
972
973
786
1003
4
1004
818
973
1003
4
788
818
973
1005
4
787
973
788
818
4
819
818
788
1005
4
974
1005
788
973
4
1004
973
818
1005
4
788
820
1005
975
4
789
820
788
975
4
819
788
820
1005
4
974
975
788
1005
4
1006
820
975
1005
4
790
820
975
1007
4
789
975
790
820
4
821
820
790
1007
4
976
1007
790
975
4
1006
975
820
1007
4
790
822
1007
977
4
791
822
790
977
4
821
790
822
1007
4
976
977
790
1007
4
1008
822
977
1007
4
792
822
977
1009
4
791
977
792
822
4
823
822
792
1009
4
978
1009
792
977
4
1008
977
822
1009
4
792
824
1009
979
4
793
824
792
979
4
823
792
824
1009
4
978
979
792
1009
4
1010
824
979
1009
4
794
824
979
1011
4
793
979
794
824
4
825
824
794
1011
4
980
1011
794
979
4
1010
979
824
1011
4
794
826
1011
981
4
795
826
794
981
4
825
794
826
1011
4
980
981
794
1011
4
1012
826
981
1011
4
796
826
981
1013
4
795
981
796
826
4
827
826
796
1013
4
982
1013
796
981
4
1012
981
826
1013
4
796
828
1013
983
4
797
828
796
983
4
827
796
828
1013
4
982
983
796
1013
4
1014
828
983
1013
4
798
828
983
1015
4
797
983
798
828
4
829
828
798
1015
4
984
1015
798
983
4
1014
983
828
1015
4
798
830
1015
985
4
799
830
798
985
4
829
798
830
1015
4
984
985
798
1015
4
1016
830
985
1015
4
800
830
985
1017
4
799
985
800
830
4
831
830
800
1017
4
986
1017
800
985
4
1016
985
830
1017
4
800
832
1017
987
4
801
832
800
987
4
831
800
832
1017
4
986
987
800
1017
4
1018
832
987
1017
4
802
832
987
1019
4
801
987
802
832
4
833
832
802
1019
4
988
1019
802
987
4
1018
987
832
1019
4
802
834
1019
989
4
803
834
802
989
4
833
802
834
1019
4
988
989
802
1019
4
1020
834
989
1019
4
804
834
989
1021
4
803
989
804
834
4
835
834
804
1021
4
990
1021
804
989
4
1020
989
834
1021
4
804
836
1021
991
4
805
836
804
991
4
835
804
836
1021
4
990
991
804
1021
4
1022
836
991
1021
4
806
838
1023
993
4
807
838
806
993
4
837
806
838
1023
4
992
993
806
1023
4
1024
838
993
1023
4
808
838
993
1025
4
807
993
808
838
4
839
838
808
1025
4
994
1025
808
993
4
1024
993
838
1025
4
808
840
1025
995
4
809
840
808
995
4
839
808
840
1025
4
994
995
808
1025
4
1026
840
995
1025
4
810
840
995
1027
4
809
995
810
840
4
841
840
810
1027
4
996
1027
810
995
4
1026
995
840
1027
4
810
842
1027
997
4
811
842
810
997
4
841
810
842
1027
4
996
997
810
1027
4
1028
842
997
1027
4
812
842
997
1029
4
811
997
812
842
4
843
842
812
1029
4
998
1029
812
997
4
1028
997
842
1029
4
812
844
1029
999
4
813
844
812
999
4
843
812
844
1029
4
998
999
812
1029
4
1030
844
999
1029
4
814
844
999
1031
4
813
999
814
844
4
845
844
814
1031
4
1000
1031
814
999
4
1030
999
844
1031
4
814
846
1031
1001
4
815
846
814
1001
4
845
814
846
1031
4
1000
1001
814
1031
4
1032
846
1001
1031
4
816
846
1001
1033
4
815
1001
816
846
4
847
846
816
1033
4
1002
1033
816
1001
4
1032
1001
846
1033
4
816
848
1033
1003
4
817
848
816
1003
4
847
816
848
1033
4
1002
1003
816
1033
4
1034
848
1003
1033
4
818
848
1003
1035
4
817
1003
818
848
4
849
848
818
1035
4
1004
1035
818
1003
4
1034
1003
848
1035
4
818
850
1035
1005
4
819
850
818
1005
4
849
818
850
1035
4
1004
1005
818
1035
4
1036
850
1005
1035
4
820
850
1005
1037
4
819
1005
820
850
4
851
850
820
1037
4
1006
1037
820
1005
4
1036
1005
850
1037
4
820
852
1037
1007
4
821
852
820
1007
4
851
820
852
1037
4
1006
1007
820
1037
4
1038
852
1007
1037
4
822
852
1007
1039
4
821
1007
822
852
4
853
852
822
1039
4
1008
1039
822
1007
4
1038
1007
852
1039
4
822
854
1039
1009
4
823
854
822
1009
4
853
822
854
1039
4
1008
1009
822
1039
4
1040
854
1009
1039
4
824
854
1009
1041
4
823
1009
824
854
4
855
854
824
1041
4
1010
1041
824
1009
4
1040
1009
854
1041
4
824
856
1041
1011
4
825
856
824
1011
4
855
824
856
1041
4
1010
1011
824
1041
4
1042
856
1011
1041
4
826
856
1011
1043
4
825
1011
826
856
4
857
856
826
1043
4
1012
1043
826
1011
4
1042
1011
856
1043
4
826
858
1043
1013
4
827
858
826
1013
4
857
826
858
1043
4
1012
1013
826
1043
4
1044
858
1013
1043
4
828
858
1013
1045
4
827
1013
828
858
4
859
858
828
1045
4
1014
1045
828
1013
4
1044
1013
858
1045
4
828
860
1045
1015
4
829
860
828
1015
4
859
828
860
1045
4
1014
1015
828
1045
4
1046
860
1015
1045
4
830
860
1015
1047
4
829
1015
830
860
4
861
860
830
1047
4
1016
1047
830
1015
4
1046
1015
860
1047
4
830
862
1047
1017
4
831
862
830
1017
4
861
830
862
1047
4
1016
1017
830
1047
4
1048
862
1017
1047
4
832
862
1017
1049
4
831
1017
832
862
4
863
862
832
1049
4
1018
1049
832
1017
4
1048
1017
862
1049
4
832
864
1049
1019
4
833
864
832
1019
4
863
832
864
1049
4
1018
1019
832
1049
4
1050
864
1019
1049
4
834
864
1019
1051
4
833
1019
834
864
4
865
864
834
1051
4
1020
1051
834
1019
4
1050
1019
864
1051
4
834
866
1051
1021
4
835
866
834
1021
4
865
834
866
1051
4
1020
1021
834
1051
4
1052
866
1021
1051
4
836
866
1021
1053
4
835
1021
836
866
4
867
866
836
1053
4
1022
1053
836
1021
4
1052
1021
866
1053
4
838
868
1023
1055
4
837
1023
838
868
4
869
868
838
1055
4
1024
1055
838
1023
4
1054
1023
868
1055
4
838
870
1055
1025
4
839
870
838
1025
4
869
838
870
1055
4
1024
1025
838
1055
4
1056
870
1025
1055
4
840
870
1025
1057
4
839
1025
840
870
4
871
870
840
1057
4
1026
1057
840
1025
4
1056
1025
870
1057
4
840
872
1057
1027
4
841
872
840
1027
4
871
840
872
1057
4
1026
1027
840
1057
4
1058
872
1027
1057
4
842
872
1027
1059
4
841
1027
842
872
4
873
872
842
1059
4
1028
1059
842
1027
4
1058
1027
872
1059
4
842
874
1059
1029
4
843
874
842
1029
4
873
842
874
1059
4
1028
1029
842
1059
4
1060
874
1029
1059
4
844
874
1029
1061
4
843
1029
844
874
4
875
874
844
1061
4
1030
1061
844
1029
4
1060
1029
874
1061
4
844
876
1061
1031
4
845
876
844
1031
4
875
844
876
1061
4
1030
1031
844
1061
4
1062
876
1031
1061
4
846
876
1031
1063
4
845
1031
846
876
4
877
876
846
1063
4
1032
1063
846
1031
4
1062
1031
876
1063
4
846
878
1063
1033
4
847
878
846
1033
4
877
846
878
1063
4
1032
1033
846
1063
4
1064
878
1033
1063
4
848
878
1033
1065
4
847
1033
848
878
4
879
878
848
1065
4
1034
1065
848
1033
4
1064
1033
878
1065
4
848
880
1065
1035
4
849
880
848
1035
4
879
848
880
1065
4
1034
1035
848
1065
4
1066
880
1035
1065
4
850
880
1035
1067
4
849
1035
850
880
4
881
880
850
1067
4
1036
1067
850
1035
4
1066
1035
880
1067
4
850
882
1067
1037
4
851
882
850
1037
4
881
850
882
1067
4
1036
1037
850
1067
4
1068
882
1037
1067
4
852
882
1037
1069
4
851
1037
852
882
4
883
882
852
1069
4
1038
1069
852
1037
4
1068
1037
882
1069
4
852
884
1069
1039
4
853
884
852
1039
4
883
852
884
1069
4
1038
1039
852
1069
4
1070
884
1039
1069
4
854
884
1039
1071
4
853
1039
854
884
4
885
884
854
1071
4
1040
1071
854
1039
4
1070
1039
884
1071
4
854
886
1071
1041
4
855
886
854
1041
4
885
854
886
1071
4
1040
1041
854
1071
4
1072
886
1041
1071
4
856
886
1041
1073
4
855
1041
856
886
4
887
886
856
1073
4
1042
1073
856
1041
4
1072
1041
886
1073
4
856
888
1073
1043
4
857
888
856
1043
4
887
856
888
1073
4
1042
1043
856
1073
4
1074
888
1043
1073
4
858
888
1043
1075
4
857
1043
858
888
4
889
888
858
1075
4
1044
1075
858
1043
4
1074
1043
888
1075
4
858
890
1075
1045
4
859
890
858
1045
4
889
858
890
1075
4
1044
1045
858
1075
4
1076
890
1045
1075
4
860
890
1045
1077
4
859
1045
860
890
4
891
890
860
1077
4
1046
1077
860
1045
4
1076
1045
890
1077
4
860
892
1077
1047
4
861
892
860
1047
4
891
860
892
1077
4
1046
1047
860
1077
4
1078
892
1047
1077
4
862
892
1047
1079
4
861
1047
862
892
4
893
892
862
1079
4
1048
1079
862
1047
4
1078
1047
892
1079
4
862
894
1079
1049
4
863
894
862
1049
4
893
862
894
1079
4
1048
1049
862
1079
4
1080
894
1049
1079
4
864
894
1049
1081
4
863
1049
864
894
4
895
894
864
1081
4
1050
1081
864
1049
4
1080
1049
894
1081
4
864
896
1081
1051
4
865
896
864
1051
4
895
864
896
1081
4
1050
1051
864
1081
4
1082
896
1051
1081
4
866
896
1051
1083
4
865
1051
866
896
4
897
896
866
1083
4
1052
1083
866
1051
4
1082
1051
896
1083
4
866
898
1083
1053
4
867
898
866
1053
4
897
866
898
1083
4
1052
1053
866
1083
4
1084
898
1053
1083
4
868
900
1085
1055
4
869
900
868
1055
4
899
868
900
1085
4
1054
1055
868
1085
4
1086
900
1055
1085
4
870
900
1055
1087
4
869
1055
870
900
4
901
900
870
1087
4
1056
1087
870
1055
4
1086
1055
900
1087
4
870
902
1087
1057
4
871
902
870
1057
4
901
870
902
1087
4
1056
1057
870
1087
4
1088
902
1057
1087
4
872
902
1057
1089
4
871
1057
872
902
4
903
902
872
1089
4
1058
1089
872
1057
4
1088
1057
902
1089
4
872
904
1089
1059
4
873
904
872
1059
4
903
872
904
1089
4
1058
1059
872
1089
4
1090
904
1059
1089
4
874
904
1059
1091
4
873
1059
874
904
4
905
904
874
1091
4
1060
1091
874
1059
4
1090
1059
904
1091
4
874
906
1091
1061
4
875
906
874
1061
4
905
874
906
1091
4
1060
1061
874
1091
4
1092
906
1061
1091
4
876
906
1061
1093
4
875
1061
876
906
4
907
906
876
1093
4
1062
1093
876
1061
4
1092
1061
906
1093
4
876
908
1093
1063
4
877
908
876
1063
4
907
876
908
1093
4
1062
1063
876
1093
4
1094
908
1063
1093
4
878
908
1063
1095
4
877
1063
878
908
4
909
908
878
1095
4
1064
1095
878
1063
4
1094
1063
908
1095
4
878
910
1095
1065
4
879
910
878
1065
4
909
878
910
1095
4
1064
1065
878
1095
4
1096
910
1065
1095
4
880
910
1065
1097
4
879
1065
880
910
4
911
910
880
1097
4
1066
1097
880
1065
4
1096
1065
910
1097
4
880
912
1097
1067
4
881
912
880
1067
4
911
880
912
1097
4
1066
1067
880
1097
4
1098
912
1067
1097
4
882
912
1067
1099
4
881
1067
882
912
4
913
912
882
1099
4
1068
1099
882
1067
4
1098
1067
912
1099
4
882
914
1099
1069
4
883
914
882
1069
4
913
882
914
1099
4
1068
1069
882
1099
4
1100
914
1069
1099
4
884
914
1069
1101
4
883
1069
884
914
4
915
914
884
1101
4
1070
1101
884
1069
4
1100
1069
914
1101
4
884
916
1101
1071
4
885
916
884
1071
4
915
884
916
1101
4
1070
1071
884
1101
4
1102
916
1071
1101
4
886
916
1071
1103
4
885
1071
886
916
4
917
916
886
1103
4
1072
1103
886
1071
4
1102
1071
916
1103
4
886
918
1103
1073
4
887
918
886
1073
4
917
886
918
1103
4
1072
1073
886
1103
4
1104
918
1073
1103
4
888
918
1073
1105
4
887
1073
888
918
4
919
918
888
1105
4
1074
1105
888
1073
4
1104
1073
918
1105
4
888
920
1105
1075
4
889
920
888
1075
4
919
888
920
1105
4
1074
1075
888
1105
4
1106
920
1075
1105
4
890
920
1075
1107
4
889
1075
890
920
4
921
920
890
1107
4
1076
1107
890
1075
4
1106
1075
920
1107
4
890
922
1107
1077
4
891
922
890
1077
4
921
890
922
1107
4
1076
1077
890
1107
4
1108
922
1077
1107
4
892
922
1077
1109
4
891
1077
892
922
4
923
922
892
1109
4
1078
1109
892
1077
4
1108
1077
922
1109
4
892
924
1109
1079
4
893
924
892
1079
4
923
892
924
1109
4
1078
1079
892
1109
4
1110
924
1079
1109
4
894
924
1079
1111
4
893
1079
894
924
4
925
924
894
1111
4
1080
1111
894
1079
4
1110
1079
924
1111
4
894
926
1111
1081
4
895
926
894
1081
4
925
894
926
1111
4
1080
1081
894
1111
4
1112
926
1081
1111
4
896
926
1081
1113
4
895
1081
896
926
4
927
926
896
1113
4
1082
1113
896
1081
4
1112
1081
926
1113
4
896
928
1113
1083
4
897
928
896
1083
4
927
896
928
1113
4
1082
1083
896
1113
4
1114
928
1083
1113
4
898
928
1083
1115
4
897
1083
898
928
4
929
928
898
1115
4
1084
1115
898
1083
4
1114
1083
928
1115
CELL_TYPES 3750
10
10
10
10
10
10
10
10
10
10
10
10
10
10
10
10
10
10
10
10
10
10
10
10
10
10
10
10
10
10
10
10
10
10
10
10
10
10
10
10
10
10
10
10
10
10
10
10
10
10
10
10
10
10
10
10
10
10
10
10
10
10
10
10
10
10
10
10
10
10
10
10
10
10
10
10
10
10
10
10
10
10
10
10
10
10
10
10
10
10
10
10
10
10
10
10
10
10
10
10
10
10
10
10
10
10
10
10
10
10
10
10
10
10
10
10
10
10
10
10
10
10
10
10
10
10
10
10
10
10
10
10
10
10
10
10
10
10
10
10
10
10
10
10
10
10
10
10
10
10
10
10
10
10
10
10
10
10
10
10
10
10
10
10
10
10
10
10
10
10
10
10
10
10
10
10
10
10
10
10
10
10
10
10
10
10
10
10
10
10
10
10
10
10
10
10
10
10
10
10
10
10
10
10
10
10
10
10
10
10
10
10
10
10
10
10
10
10
10
10
10
10
10
10
10
10
10
10
10
10
10
10
10
10
10
10
10
10
10
10
10
10
10
10
10
10
10
10
10
10
10
10
10
10
10
10
10
10
10
10
10
10
10
10
10
10
10
10
10
10
10
10
10
10
10
10
10
10
10
10
10
10
10
10
10
10
10
10
10
10
10
10
10
10
10
10
10
10
10
10
10
10
10
10
10
10
10
10
10
10
10
10
10
10
10
10
10
10
10
10
10
10
10
10
10
10
10
10
10
10
10
10
10
10
10
10
10
10
10
10
10
10
10
10
10
10
10
10
10
10
10
10
10
10
10
10
10
10
10
10
10
10
10
10
10
10
10
10
10
10
10
10
10
10
10
10
10
10
10
10
10
10
10
10
10
10
10
10
10
10
10
10
10
10
10
10
10
10
10
10
10
10
10
10
10
10
10
10
10
10
10
10
10
10
10
10
10
10
10
10
10
10
10
10
10
10
10
10
10
10
10
10
10
10
10
10
10
10
10
10
10
10
10
10
10
10
10
10
10
10
10
10
10
10
10
10
10
10
10
10
10
10
10
10
10
10
10
10
10
10
10
10
10
10
10
10
10
10
10
10
10
10
10
10
10
10
10
10
10
10
10
10
10
10
10
10
10
10
10
10
10
10
10
10
10
10
10
10
10
10
10
10
10
10
10
10
10
10
10
10
10
10
10
10
10
10
10
10
10
10
10
10
10
10
10
10
10
10
10
10
10
10
10
10
10
10
10
10
10
10
10
10
10
10
10
10
10
10
10
10
10
10
10
10
10
10
10
10
10
10
10
10
10
10
10
10
10
10
10
10
10
10
10
10
10
10
10
10
10
10
10
10
10
10
10
10
10
10
10
10
10
10
10
10
10
10
10
10
10
10
10
10
10
10
10
10
10
10
10
10
10
10
10
10
10
10
10
10
10
10
10
10
10
10
10
10
10
10
10
10
10
10
10
10
10
10
10
10
10
10
10
10
10
10
10
10
10
10
10
10
10
10
10
10
10
10
10
10
10
10
10
10
10
10
10
10
10
10
10
10
10
10
10
10
10
10
10
10
10
10
10
10
10
10
10
10
10
10
10
10
10
10
10
10
10
10
10
10
10
10
10
10
10
10
10
10
10
10
10
10
10
10
10
10
10
10
10
10
10
10
10
10
10
10
10
10
10
10
10
10
10
10
10
10
10
10
10
10
10
10
10
10
10
10
10
10
10
10
10
10
10
10
10
10
10
10
10
10
10
10
10
10
10
10
10
10
10
10
10
10
10
10
10
10
10
10
10
10
10
10
10
10
10
10
10
10
10
10
10
10
10
10
10
10
10
10
10
10
10
10
10
10
10
10
10
10
10
10
10
10
10
10
10
10
10
10
10
10
10
10
10
10
10
10
10
10
10
10
10
10
10
10
10
10
10
10
10
10
10
10
10
10
10
10
10
10
10
10
10
10
10
10
10
10
10
10
10
10
10
10
10
10
10
10
10
10
10
10
10
10
10
10
10
10
10
10
10
10
10
10
10
10
10
10
10
10
10
10
10
10
10
10
10
10
10
10
10
10
10
10
10
10
10
10
10
10
10
10
10
10
10
10
10
10
10
10
10
10
10
10
10
10
10
10
10
10
10
10
10
10
10
10
10
10
10
10
10
10
10
10
10
10
10
10
10
10
10
10
10
10
10
10
10
10
10
10
10
10
10
10
10
10
10
10
10
10
10
10
10
10
10
10
10
10
10
10
10
10
10
10
10
10
10
10
10
10
10
10
10
10
10
10
10
10
10
10
10
10
10
10
10
10
10
10
10
10
10
10
10
10
10
10
10
10
10
10
10
10
10
10
10
10
10
10
10
10
10
10
10
10
10
10
10
10
10
10
10
10
10
10
10
10
10
10
10
10
10
10
10
10
10
10
10
10
10
10
10
10
10
10
10
10
10
10
10
10
10
10
10
10
10
10
10
10
10
10
10
10
10
10
10
10
10
10
10
10
10
10
10
10
10
10
10
10
10
10
10
10
10
10
10
10
10
10
10
10
10
10
10
10
10
10
10
10
10
10
10
10
10
10
10
10
10
10
10
10
10
10
10
10
10
10
10
10
10
10
10
10
10
10
10
10
10
10
10
10
10
10
10
10
10
10
10
10
10
10
10
10
10
10
10
10
10
10
10
10
10
10
10
10
10
10
10
10
10
10
10
10
10
10
10
10
10
10
10
10
10
10
10
10
10
10
10
10
10
10
10
10
10
10
10
10
10
10
10
10
10
10
10
10
10
10
10
10
10
10
10
10
10
10
10
10
10
10
10
10
10
10
10
10
10
10
10
10
10
10
10
10
10
10
10
10
10
10
10
10
10
10
10
10
10
10
10
10
10
10
10
10
10
10
10
10
10
10
10
10
10
10
10
10
10
10
10
10
10
10
10
10
10
10
10
10
10
10
10
10
10
10
10
10
10
10
10
10
10
10
10
10
10
10
10
10
10
10
10
10
10
10
10
10
10
10
10
10
10
10
10
10
10
10
10
10
10
10
10
10
10
10
10
10
10
10
10
10
10
10
10
10
10
10
10
10
10
10
10
10
10
10
10
10
10
10
10
10
10
10
10
10
10
10
10
10
10
10
10
10
10
10
10
10
10
10
10
10
10
10
10
10
10
10
10
10
10
10
10
10
10
10
10
10
10
10
10
10
10
10
10
10
10
10
10
10
10
10
10
10
10
10
10
10
10
10
10
10
10
10
10
10
10
10
10
10
10
10
10
10
10
10
10
10
10
10
10
10
10
10
10
10
10
10
10
10
10
10
10
10
10
10
10
10
10
10
10
10
10
10
10
10
10
10
10
10
10
10
10
10
10
10
10
10
10
10
10
10
10
10
10
10
10
10
10
10
10
10
10
10
10
10
10
10
10
10
10
10
10
10
10
10
10
10
10
10
10
10
10
10
10
10
10
10
10
10
10
10
10
10
10
10
10
10
10
10
10
10
10
10
10
10
10
10
10
10
10
10
10
10
10
10
10
10
10
10
10
10
10
10
10
10
10
10
10
10
10
10
10
10
10
10
10
10
10
10
10
10
10
10
10
10
10
10
10
10
10
10
10
10
10
10
10
10
10
10
10
10
10
10
10
10
10
10
10
10
10
10
10
10
10
10
10
10
10
10
10
10
10
10
10
10
10
10
10
10
10
10
10
10
10
10
10
10
10
10
10
10
10
10
10
10
10
10
10
10
10
10
10
10
10
10
10
10
10
10
10
10
10
10
10
10
10
10
10
10
10
10
10
10
10
10
10
10
10
10
10
10
10
10
10
10
10
10
10
10
10
10
10
10
10
10
10
10
10
10
10
10
10
10
10
10
10
10
10
10
10
10
10
10
10
10
10
10
10
10
10
10
10
10
10
10
10
10
10
10
10
10
10
10
10
10
10
10
10
10
10
10
10
10
10
10
10
10
10
10
10
10
10
10
10
10
10
10
10
10
10
10
10
10
10
10
10
10
10
10
10
10
10
10
10
10
10
10
10
10
10
10
10
10
10
10
10
10
10
10
10
10
10
10
10
10
10
10
10
10
10
10
10
10
10
10
10
10
10
10
10
10
10
10
10
10
10
10
10
10
10
10
10
10
10
10
10
10
10
10
10
10
10
10
10
10
10
10
10
10
10
10
10
10
10
10
10
10
10
10
10
10
10
10
10
10
10
10
10
10
10
10
10
10
10
10
10
10
10
10
10
10
10
10
10
10
10
10
10
10
10
10
10
10
10
10
10
10
10
10
10
10
10
10
10
10
10
10
10
10
10
10
10
10
10
10
10
10
10
10
10
10
10
10
10
10
10
10
10
10
10
10
10
10
10
10
10
10
10
10
10
10
10
10
10
10
10
10
10
10
10
10
10
10
10
10
10
10
10
10
10
10
10
10
10
10
10
10
10
10
10
10
10
10
10
10
10
10
10
10
10
10
10
10
10
10
10
10
10
10
10
10
10
10
10
10
10
10
10
10
10
10
10
10
10
10
10
10
10
10
10
10
10
10
10
10
10
10
10
10
10
10
10
10
10
10
10
10
10
10
10
10
10
10
10
10
10
10
10
10
10
10
10
10
10
10
10
10
10
10
10
10
10
10
10
10
10
10
10
10
10
10
10
10
10
10
10
10
10
10
10
10
10
10
10
10
10
10
10
10
10
10
10
10
10
10
10
10
10
10
10
10
10
10
10
10
10
10
10
10
10
10
10
10
10
10
10
10
10
10
10
10
10
10
10
10
10
10
10
10
10
10
10
10
10
10
10
10
10
10
10
10
10
10
10
10
10
10
10
10
10
10
10
10
10
10
10
10
10
10
10
10
10
10
10
10
10
10
10
10
10
10
10
10
10
10
10
10
10
10
10
10
10
10
10
10
10
10
10
10
10
10
10
10
10
10
10
10
10
10
10
10
10
10
10
10
10
10
10
10
10
10
10
10
10
10
10
10
10
10
10
10
10
10
10
10
10
10
10
10
10
10
10
10
10
10
10
10
10
10
10
10
10
10
10
10
10
10
10
10
10
10
10
10
10
10
10
10
10
10
10
10
10
10
10
10
10
10
10
10
10
10
10
10
10
10
10
10
10
10
10
10
10
10
10
10
10
10
10
10
10
10
10
10
10
10
10
10
10
10
10
10
10
10
10
10
10
10
10
10
10
10
10
10
10
10
10
10
10
10
10
10
10
10
10
10
10
10
10
10
10
10
10
10
10
10
10
10
10
10
10
10
10
10
10
10
10
10
10
10
10
10
10
10
10
10
10
10
10
10
10
10
10
10
10
10
10
10
10
10
10
10
10
10
10
10
10
10
10
10
10
10
10
10
10
10
10
10
10
10
10
10
10
10
10
10
10
10
10
10
10
10
10
10
10
10
10
10
10
10
10
10
10
10
10
10
10
10
10
10
10
10
10
10
10
10
10
10
10
10
10
10
10
10
10
10
10
10
10
10
10
10
10
10
10
10
10
10
10
10
10
10
10
10
10
10
10
10
10
10
10
10
10
10
10
10
10
10
10
10
10
10
10
10
10
10
10
10
10
10
10
10
10
10
10
10
10
10
10
10
10
10
10
10
10
10
10
10
10
10
10
10
10
10
10
10
10
10
10
10
10
10
10
10
10
10
10
10
10
10
10
10
10
10
10
10
10
10
10
10
10
10
10
10
10
10
10
10
10
10
10
10
10
10
10
10
10
10
10
10
10
10
10
10
10
10
10
10
10
10
10
10
10
10
10
10
10
10
10
10
10
10
10
10
10
10
10
10
10
10
10
10
10
10
10
10
10
10
10
10
10
10
10
10
10
10
10
10
10
10
10
10
10
10
10
10
10
10
10
10
10
10
10
10
10
10
10
10
10
10
10
10
10
10
10
10
10
10
10
10
10
10
10
10
10
10
10
10
10
10
10
10
10
10
10
10
10
10
10
10
10
10
10
10
10
10
10
10
10
10
10
10
10
10
10
10
10
10
10
10
10
10
10
10
10
10
10
10
10
10
10
10
10
10
10
10
10
10
10
10
10
10
10
10
10
10
10
10
10
10
10
10
10
10
10
10
10
10
10
10
10
10
10
10
10
10
10
10
10
10
10
10
10
10
10
10
10
10
10
10
10
10
10
10
10
10
10
10
10
10
10
10
10
10
10
10
10
10
10
10
10
10
10
10
10
10
10
10
10
10
10
10
10
10
10
10
10
10
10
10
10
10
10
10
10
10
10
10
10
10
10
10
10
10
10
10
10
10
10
10
10
10
10
10
10
10
10
10
10
10
10
10
10
10
10
10
10
10
10
10
10
10
10
10
10
10
10
10
10
10
10
10
10
10
10
10
10
10
10
10
10
10
10
10
10
10
10
10
10
10
10
10
10
10
10
10
10
10
10
10
10
10
10
10
10
10
10
10
10
10
10
10
10
10
10
10
10
10
10
10
10
10
10
10
10
10
10
10
10
10
10
10
10
10
10
10
10
10
10
10
10
10
10
10
10
10
10
10
10
10
10
10
10
10
10
10
10
10
10
10
10
10
10
10
10
10
10
10
10
10
10
10
10
10
10
10
10
10
10
10
10
10
10
10
10
10
10
10
10
10
10
10
10
10
10
10
10
10
10
10
10
10
10
10
10
10
10
10
10
10
10
10
10
10
10
10
10
10
10
10
10
10
10
10
10
10
10
10
10
10
10
10
10
10
10
10
10
10
10
10
10
10
10
10
10
10
10
10
10
10
10
10
10
10
10
10
10
10
10
10
10
10
10
10
10
10
10
10
10
10
10
10
10
10
10
10
10
10
10
10
10
10
10
10
10
10
10
10
10
10
10
10
10
10
10
10
10
10
10
10
10
10
10
10
10
10
10
10
10
10
10
10
10
10
10
10
10
10
10
10
10
10
10
10
10
10
10
10
10
10
10
10
10
10
10
10
10
10
10
10
10
10
10
10
10
10
10
10
10
10
10
10
10
10
10
10
10
10
10
10
10
10
10
10
10
10
10
10
10
10
10
10
10
10
10
10
10
10
10
10
10
10
10
10
10
10
10
10
10
10
10
10
10
10
10
10
10
10
10
10
10
10
10
10
10
10
10
10
10
10
10
10
10
10
10
10
10
10
10
10
10
10
10
10
10
10
10
10
10
10
10
10
10
10
10
10
10
10
10
10
10
10
10
10
10
10
10
10
10
10
10
10
10
10
10
10
10
10
10
10
10
10
10
10
10
10
10
10
10
10
10
10
10
10
10
10
10
10
10
10
10
10
10
10
10
10
10
10
10
10
10
10
10
10
10
10
10
10
10
10
10
10
10
10
10
10
10
10
10
10
10
10
10
10
10
10
10
10
10
10
10
10
10
10
10
10
10
10
10
10
10
10
10
10
10
10
10
10
10
10
10
10
10
10
10
10
10
10
10
10
10
10
10
10
10
10
10
10
10
10
10
10
10
10
10
10
10
10
10
10
10
10
10
10
10
10
10
10
10
10
10
10
10
10
10
10
10
10
10
10
10
10
10
10
10
10
10
10
10
10
10
10
10
10
10
10
10
10
10
10
10
10
10
10
10
10
10
10
10
10
10
10
10
10
10
10
10
10
10
10
10
10
10
10
10
10
10
10
10
10
10
10
10
10
10
10
10
10
10
10
10
10
10
10
10
10
10
10
10
10
10
10
10
10
10
10
10
10
10
10
10
10
10
10
10
10
10
10
10
10
10
10
10
10
10
10
10
10
10
10
10
10
10
10
10
10
10
10
10
10
10
10
10
10
10
10
10
10
10
10
10
10
10
10
10
10
10
10
10
10
10
10
10
10
10
10
10
10
10
10
10
10
10
10
10
10
10
10
10
10
10
10
10
10
10
10
10
10
10
10
10
10
10
10
10
10
10
10
10
10
10
10
10
10
10
10
10
10
10
10
10
10
10
10
10
10
10
10
10
10
10
10
10
10
10
10
10
10
10
10
10
10
10
10
10
10
10
10
10
10
10
10
10
10
10
10
10
10
10
10
10
10
10
10
10
10
10
10
10
10
10
10
10
10
10
10
10
10
10
10
10
10
10
10
10
10
10
10
10
10
10
10
10
10
10
10
10
10
10
10
10
10
10
10
10
10
10
10
10
10
10
10
10
10
10
10
10
10
10
10
10
10
10
10
10
10
10
10
10
10
10
10
10
10
10
10
10
10
10
10
10
10
10
10
10
10
10
10
10
10
10
10
10
10
10
10
10
10
10
10
10
10
10
10
10
10
10
10
10
10
10
10
10
10
10
10
10
10
10
10
10
10
10
10
10
10
10
10
10
10
10
10
10
10
10
10
10
10
10
10
10
10
10
10
10
10
10
10
10
10
10
10
10
10
10
10
10
10
10
10
10
10
10
10
10
10
10
10
10
10
10
10
10
10
10
10
10
10
10
10
10
10
10
10
10
10
10
10
10
10
10
10
10
10
10
10
10
10
10
10
10
10
10
10
10
10
10
10
10
10
10
10
10
10
10
10
10
10
