# vtk DataFile Version 4.2
written by meshio v5.3.5
ASCII
DATASET UNSTRUCTURED_GRID
POINTS 898 double
-1.8678717494199715 1.562955649736491 0.4748211444480048 -1.866983514652494 1.387694897063301 0.26129126214217185 -1.843359155643093 1.3348618996182524 0.8078486190282558 -1.836858482514106 1.4997589197117347 0.8313863638827397 -1.8234330718937015 1.3346135391868994 0.5916469128859443 -1.8199490495875723 1.7925759440684619 0.3560974209865078 -1.7984392659753181 2.01638932616786 0.3747580026589877 -1.763359098613239 1.7295669009571677 0.11792427493157118 -1.7917485961524033 1.7071930229390586 0.6119739259893946 -1.6677153561544493 1.2245037306172526 0.036630221334766996 -1.7892636191280626 0.9567432184597485 0.25881037597581297 -1.7450475245719284 1.461719998537526 -0.017953487256870727 -1.7476070711733647 0.8608661671041732 0.5030652149279828 -1.7123974697728244 1.2236504907897023 0.7771134228257724 -1.7267582306669063 0.633191439847049 0.32753428530582257 -1.7328682767944545 1.8120842668920432 0.809794005759571 -1.742401166195375 0.7699626227112933 0.05215037449377388 -1.7184057833536326 1.3286551335715853 0.9470943268563281 -1.7369342700975763 1.1525295118270606 0.2962184715167259 -1.6998663896779378 1.6261644436806133 0.9795593784860298 -1.6552231197264613 2.0103790916480544 0.6490213652031008 -1.660371741841049 1.0186685320869457 -0.0776386704829024 -1.647698700763724 0.49641050417851873 0.14977625330861885 -1.649193151197954 1.2030123059309905 0.5771972096126371 -1.6613428542263808 0.6214043318483643 0.560183757939079 -1.6192704458167375 1.7090480353472135 -0.06560148339400255 -1.560064107225305 2.0071259963315478 -0.06756781696626313 -1.5986488918049848 0.5630260352577143 -0.10056136159975315 -1.544287948141226 2.113225086374026 0.3057797181511909 -1.5407801743835596 1.612011048449666 1.0553439969734562 -1.5582625440554856 0.8171562298710014 -0.232594829894068 -1.4479414302579088 0.29406946054050465 0.3637302402467949 -1.5668310826806648 1.0150075957803117 0.6899358073535312 -1.5766174528628056 2.34784015271518 -0.6698141793217294 -1.472224185295383 1.2811126534313233 -0.13706677904464398 -1.5420553233389593 2.215595430701213 -0.5446141167257927 -1.5341070086675008 0.6901140550445596 0.7448599245181439 -1.5291746055818234 2.103227266516846 -0.36318313201848884 -1.5153200882419413 2.5207674443741066 -0.8762255718986514 -1.4646127123732189 1.180251571968625 0.7781144473208116 -1.4614753827542715 0.30518951648666515 0.10482436098420132 -1.5203593336844066 2.316653859175748 -0.4566713731155934 -1.3331735926682795 0.3650488823457656 0.6594685927246897 -1.4345450475216623 2.145048538316465 -0.0316396376443991 -1.4340434154635038 1.3197928837231678 1.036560640577451 -1.364332869293611 2.1084482110289278 0.5345082080410686 -1.452165365934882 0.5540756488652456 -0.2587772788232021 -1.3372791021992343 1.0510996074656005 -0.3147313236426324 -1.440033632673053 1.8421140062567816 -0.16728978038488845 -1.3990333987005152 1.6439987295828378 -0.16642119079167933 -1.4637249649882262 1.9793154270545548 -0.6246101103549623 -1.4532396941366104 2.608404822947991 -1.0705157082911858 -1.37240678719794 0.9551771182206046 0.8327034095267237 -1.4218848149739185 1.8991141755928036 -0.35535554302908495 -1.4159738192757294 1.9390969286146447 0.8366516990005091 -1.4173832119130734 2.4061518883650206 -1.0167771655432385 -1.4045292245349992 2.287825612545438 -0.320388180162991 -1.3366363118075444 2.4767343864975158 -0.9317485580234942 -1.442023779834348 -0.2992838514089266 0.06761359547650736 -1.3894976033938375 2.0157537526875697 -0.862095076332405 -1.3458057127329577 1.646348184958404 0.9217358286523014 -1.3661762101116353 0.8063896979918318 -0.34144913627322687 -1.364832869803452 -0.12881540595007512 0.134263670650031 -1.4018539786338806 2.19525146484375 -0.9575862288475037 -1.220063882705079 1.4698104434049437 -0.16881963569994743 -1.3338209493432094 1.474028898640085 1.0097302201812617 -1.2825896354920578 1.974388432143775 -0.5007537911864354 -1.365532541968015 -0.23933116166633048 -0.09706139035041396 -1.2365168103857689 -0.30998957254332393 0.38475563616648945 -1.3544448439145547 0.39044234790035276 -0.17738932743292674 -1.3202579569432655 2.1695828416638863 -0.2120005782376844 -1.2981833656292816 2.0975788334506715 0.08684644604947976 -1.2638388787495967 2.117715053252889 -0.7587077218886602 -1.2276750445067852 -0.3288689599906274 0.10380557716250902 -0.7001641997745387 1.1829156122003022 0.4146879428162786 -1.2008312495172762 0.6081585336628402 -0.3904090591218646 -1.2608536975604512 1.1938198043872357 0.7530441765836388 -1.3271588048232028 -0.2761524756012945 0.604597971845673 0.4961555716736954 0.03946957458496867 0.2296871233610386 -1.240755811002661 -0.12435238157991799 0.8057937847795464 -1.2947148059389808 -0.3307028379771314 -0.043818359325295445 -1.24851241547317 1.9864486194055555 -0.062054918196872325 -1.2391084319216377 0.7551202499728126 0.9012161120842049 -0.604573616073038 1.1937689946806198 0.11805123972220963 -1.2943806591764675 1.9125547747931302 -0.3309330437681472 -1.2397423620545673 2.2306400680626917 -0.632663248028913 -1.269195953982497 1.349019365576787 0.889929844962657 -1.098601306959957 2.044557851531087 0.5307578523222173 -1.273998770471829 -0.2815840910458086 0.8384961879615674 -1.2249307602659303 2.439066163679953 -1.206028148476427 -1.1290632265868756 -0.32838869779118 -0.1708526559362625 -1.2757450342178345 1.880905032157898 -0.2190299928188324 -1.1969650456080914 -0.18176146965693574 -0.15757323933257078 -0.7191009067502928 1.0940291498392585 0.51494593345974 -1.1442570231272062 0.49303984798000033 0.8355086125875151 -1.044927314416402 1.8139982964582213 0.446102231881717 -1.2620825004286604 -0.10009378555793362 -0.019195097666996157 -1.1591627570732412 0.15674362101844191 0.17877681967675696 -1.1345590070764717 0.16783119602030955 -0.03281291463631739 -1.1589726656411374 -0.024291712699107175 0.09379522173341293 -1.1544980477513573 2.1170572277951174 0.2610023264489227 -1.0932969859623882 1.4914001403445394 0.757626997401416 -1.1362030596222343 1.7601225047271973 -0.08886668996654096 -1.0752648945285794 1.1918958856296509 -0.362324941899749 -1.2214793313009529 -0.1313186982831645 0.532008548288624 -1.1249271615679821 -0.1943486070703645 0.9342127607735135 -1.0669889683351619 0.1957814735469823 0.5535584773022981 -1.015464030877439 0.8744787446096199 -0.43676958724169657 -0.9158172581296893 0.2800283526233429 -0.27363275887922717 -1.1236794921376454 2.1893104981965936 0.025168767086148697 -1.0995234847068787 -0.05475200153887272 -0.10581999644637108 -1.0518232885961776 0.8040952115057804 0.8988421889724831 -0.86347967426374 1.4402814427314583 -0.23298000491410428 -1.063887131189442 -0.028668609835578073 0.5430985202145256 -1.0168172396756936 1.9685079015004563 -0.05801661033038475 -0.9859591317523474 0.02033092679916859 0.7251746507732526 -1.0480365033971386 -0.051380008798953755 0.30513415795163257 -0.9956346811268123 1.3827871771554647 0.6369403890980085 -1.0314819392046677 1.5733209837290336 -0.07278827051173586 -0.9570305465632233 -0.17092574816389985 -0.22958301578637041 -0.9887919777778196 1.6267139820325633 0.570601599408594 -1.021303755984215 0.09954261797275388 0.36354977172965164 -1.0016081557120433 1.9615556424996783 0.2450147900011174 -0.960062789425773 2.156797643526867 -0.1382019454854754 -0.9460544223725813 1.0895262482387245 0.8158093011068455 -0.946404548735321 0.6098555348479597 -0.4010678661282825 -0.940602785089224 -0.3278333702914678 0.017235140735613996 -0.9692361606992207 2.3070979773908733 0.06476835388464663 -0.9671710630155793 0.3000735593518365 0.7430298561325838 -0.9594172599396154 0.08618084470875255 -0.2009638116869749 -0.9977213856376854 1.8089132778869443 0.09962047279405745 -0.6908664778101357 2.510226826048715 -0.2366146178600694 -0.8025320525569956 0.5115590032319755 0.8530165570068637 -0.9247398028088595 2.1240560743370063 0.16133886157161476 -0.866545448363056 -0.2910371062879955 0.8592193300607751 -0.7317431673985553 2.092340398923349 -0.17858534526776895 -0.9355467557907104 -0.11548599787056446 0.8584994822740555 -0.9163132656407346 1.6260101169816037 0.14190177277016414 -0.9090156802996843 -0.32888411134500073 -0.3582747644755706 -0.717039841764951 1.1986719368262855 -0.3789674552390662 -0.8781114038737573 1.5508006071440492 0.38448352970425154 -0.7003089546698269 0.7597479312529208 -0.4909291540110256 -0.7063726890567155 -0.30639191754442635 0.3297999198926699 -0.8191092413680893 -0.1648630591390978 -0.47771986328808047 -0.6127900795123639 2.376385384141726 -0.33524058312991817 -0.6642299945644237 1.4089174178957082 0.56766252399842 -0.7492248179691067 -0.05895329427230001 0.8010068462724764 -0.7706135410794512 2.4233804532613243 0.011168581401548517 -0.8044514132299748 1.9830264585372082 0.008305563080873681 -0.7358819358095152 -0.29992531616808094 -0.6054195616447035 -0.6902116032192815 0.37375190022517235 -0.34931503903735145 -0.5118646112698545 1.4527403369216507 -0.111622358655388 -0.5549141288363943 -0.23212793582929625 -0.1194311256815565 -0.7025674685011536 0.04953887334779656 -0.20834280678322845 -0.6636197143936293 2.316944557294765 -0.08561283122497827 -0.6650590699901723 -0.3261341795513871 -0.44436498004833325 -0.6251981263105689 -0.23934021984930579 -0.3349680029802683 -0.6139741524562289 0.7816386993872415 0.8800600300620508 -0.6296306183631675 1.5265359482189367 0.22548969336506552 -0.5874557849142892 -0.3065330594479743 0.8587260741495413 -0.5930192322256422 -0.08745195142339783 0.9839287405215341 -0.6674000024795532 -0.1725585013628006 -0.5950165092945099 -0.6246894468278383 2.5345136701548414 -0.08329816550692148 -0.5523476465880992 0.20512507226449628 0.7523456525521398 -0.5347104874214642 0.010283385162707558 -0.5132028609420006 -0.542018023853512 0.46649995673807043 -0.7107971171132946 -0.4298067811699121 2.1743322026425447 -0.10081532726018237 -0.5851601227554764 0.261547219873279 -0.5233723960981691 -0.4284792460046574 -0.3130847407764289 -0.5393315835355976 0.13738212480104076 0.48845923897679056 0.8292843865037802 -0.5252774434130241 -0.22246733360362117 0.7252869603709451 -0.2670241458920274 -0.30499003487022003 0.8771030060993268 -0.5524683756328369 1.0857078988318507 0.8366030362949229 -0.5391649957194964 0.678893148873928 -0.7258935474380136 -0.3434535252849493 -0.23486569488318368 0.2571888829682461 -0.41801985754963406 -0.15186854613557604 -0.5694954577480817 -0.48170557976202216 -0.24917489880528176 1.0798170391344324 -0.39877126300932736 0.006727183299373347 0.9301812003174574 -0.2160780355101965 1.2233781648415414 -0.4022393109559956 -0.5007838952777611 0.9887921279351211 -0.4806331942347458 -0.33574426847967814 0.48799503634269314 0.3334953714565385 -0.4914999379989751 2.4154299844244496 -0.23016128075872072 -0.5293580293655396 2.620850086212158 -0.1616230010986328 -0.4754774430327452 0.703326694999129 1.0789618839029276 -0.3638738355898704 0.3944532238670149 -0.7645989718832509 -0.4298500672880043 2.70887004809845 -0.330894538200597 -0.20218324579288627 1.5988747145604076 0.24295783778489824 -0.35509024769704994 -0.09964247610958334 1.031033806320102 -0.37553218058723087 0.8981623721393425 -0.6386825829770946 -0.3258560920593277 0.3276136768014708 1.0722247211196296 -0.26536001015655425 1.5109429954280955 0.5692299818129997 -0.37857622543501396 2.3902955771907015 -0.41554365412500066 -0.23552446417480197 0.16546826830614025 -0.6971370753926983 -0.253619520105667 -0.2223977952411686 -0.23787861621146109 -0.327832236915399 0.9888317942131281 0.8944229289270003 -0.2874050033544561 0.8756140727427039 1.091334364383229 -0.3320937960851511 2.365052612815236 -0.2877123500552959 -0.15654896150158462 -0.310459993989046 -0.36075436447722475 -0.27096539876517706 0.7707185486419946 -0.7569733975377948 -0.21681422066080844 -0.21255016680961258 0.7627524727300473 -0.14184064417390024 -0.2785894982003071 0.9676066666809516 -0.0672739960315544 0.9910508422895581 -0.49062474247025323 -0.3357930336525532 2.6079917462009385 -0.5129392188856008 -0.24573857647985706 2.609293212438014 -0.4890516365662272 -0.14379607092744065 1.5449598003872531 -0.10038899016516718 -0.22514838319068453 2.2903476086842263 -0.3580379311538039 -0.030928056774886865 1.0819084531536245 0.8810683111197049 -0.11322194824594725 -0.23101905736979936 0.4267981046123778 -0.2063705328923415 2.5176137031793715 -0.5801873347390686 -0.034722843411738195 -0.022623866704868222 -0.6034453155434129 -0.11703727614109316 0.49133396272595103 -0.7381354544343646 -0.17944262959078575 2.3997979739536217 -0.4621316352118997 -0.04473179783560344 0.8874977976528327 1.098524343012408 0.07002394469602666 -0.10539724564416003 0.933138094667463 -0.10517552649767128 0.06383300890451839 1.0664022674747768 -0.08024838071748686 -0.22688843491062655 0.0727842039147251 -0.009521404732956103 0.8047625512265553 -0.6890687347352199 0.017608050635180603 -0.28504459084672135 -0.48133202951619813 -0.029581293816619433 0.5239604891871372 1.1700413868536967 0.011226993076498763 0.2606498624127621 1.1299126981120273 0.06172008754304315 0.31107661246275337 -0.6727020549150627 0.06828568752795504 -0.3174512510069765 0.2623305824519511 0.053861909833995185 -0.21086260346979552 0.691179155037003 -0.11966708739596449 1.3575155369532055 0.77691932304669 0.10430014386985942 1.4624828079361192 0.6894502545776428 0.18954701839366692 1.346633335512644 -0.31861329905143426 0.11628188843818014 0.09282262640552941 1.0619834969666293 0.17164396051589048 1.6131920099974002 0.3967515240165609 0.4001313665273155 1.0335066768745564 -0.41873318305321544 0.20395435238442305 -0.31577643288020757 -0.01431688982692126 0.19926075100396473 0.998668841139102 0.9554630949066771 0.2387583392520858 -0.306378567198953 0.47304848234495855 0.1588598636973192 1.6147799733683101 0.09887208311636442 0.21298405226369757 0.7384882061111475 1.095827556206599 0.35941585309565977 0.6305054611831409 -0.5659523374917047 0.16281301344755766 -0.2640849137758876 -0.22030339319350695 0.28487594932899873 -0.2973022175859834 0.8303350816079159 0.2785784784857453 1.1925145053536923 0.8002949512272085 0.36110629611529527 0.4912460365228422 1.0370960503203996 0.16937066378843155 0.8936162092522891 -0.5766417140198372 0.23331734474556795 -0.2928058283662791 0.6519205593039724 0.3308158576447065 0.3647733141085575 -0.5944831149346005 0.28001589703496077 -0.16389123649972095 -0.4657865011541583 0.3389368399013971 1.4823564536565024 0.5760718177131278 0.32094556314606926 -0.30058145192687946 -0.30599504858543386 0.3748769603889138 0.060489913972452375 0.9253937295817992 0.38871704682916314 1.4448712882288464 -0.11085511937588444 0.4786364337239677 0.7415999008011893 0.9604591267003961 0.40681720719354464 1.2473299651614647 -0.2895248232184082 0.4422358924463745 0.11760988389631394 -0.5298505450361612 0.45886712048983663 -0.26401981156500826 0.5925310065429082 0.7052243181805211 0.35711042835994666 0.7658106656930148 0.4939715194523984 -0.2523558363059354 -0.037602467219680046 0.5917137371695875 -0.29938632906759693 0.2660411746790806 0.49299416216036085 -0.062203621832870065 -0.35103486879352946 0.4892226241457246 1.0038473984333882 0.862083466057466 0.6389288803558651 0.0027197335707135756 -0.15465528318504287 0.5536132472402177 1.4130814266122596 0.4650692635937068 0.7363848942877698 0.8016120904077192 -0.29528262315548626 0.5461520690890129 1.2295756763405774 0.6995022167833168 0.5640394210803014 1.4279234324443912 0.2834409287372985 0.6629609241494786 1.1386874340633653 -0.1921439527417579 0.6883018376610125 0.538637906742809 -0.32500877329298133 0.7486423076876263 0.3067039510557275 -0.2436169229063979 0.7183037862620483 0.7821392410821287 0.7663839871678632 0.6935268507965164 1.2832203460173337 0.08836533251423867 0.718718926678714 0.13409689467991484 0.6745913310744798 0.8196523340132104 0.995519076489618 0.4946405973430387 0.8254455102214278 0.20286522555233416 -0.08173140454759659 0.9172675693993717 -0.15395704492000128 0.36685312253453517 0.8516812364526274 -0.0663885819251184 0.6001805977604481 0.7494191161920656 -0.20219034856122056 -0.00025364274455458996 0.8499396724948248 -0.029386326082600743 -0.10922406840601338 0.8868065777559442 0.8841194996228989 0.04665267966794087 0.8190999506775791 1.0836668632838886 0.2981899376154095 -0.06817494175233799 0.14289148108665564 0.3579389943745108 0.8748921984364245 0.6254550327020745 0.521198049240045 0.9003019543636254 0.3426680643079161 0.5190395275288635 0.9744486988454789 -0.11589447835088745 0.11055462557432931 0.8872252659257622 0.41251791398473125 0.011612640513638998 0.988955786265646 0.1841193046265891 -0.08890495343295331 0.9337390878462207 0.5091093974440498 0.2791337398526111 0.9894904423937325 0.16438617018739027 0.6125240644442079 1.0085248033364125 -0.014750987406004784 -0.01823808670536166 1.0325481310585793 0.38643379561717917 0.4948252851506413 1.0473965803247256 0.02146266833372393 0.5110124726372142 1.1104979011455707 0.3819354348107894 0.07165216178686513 1.1460478944283636 0.4398098681894684 0.2594930239742528 1.105266940425504 0.05914307320750591 0.044332828811699976 1.153500183605673 0.30308957847800927 0.47693457564513936 1.1853268983081582 0.21399042723538253 0.10000800972751081 1.1576023591419013 0.05568326473814029 0.3347677873897368 1.209516987160488 0.3231066694327053 0.2405919951979093 -1.2620954007461576 1.3253224748137344 0.03891787643609061 -1.0192764315965506 1.0776072449957392 0.5999225818192881 -0.5499518999633805 1.1797581866155624 0.3347786798083412 -0.006160205492345875 0.8989599353703689 0.13233405333661882 0.013654558795970002 0.5469515888123707 -0.21237046965987177 0.24187847293511933 0.4834227069895565 0.5811498139777992 -0.44236790903092793 0.14250013780519122 0.2838914996205917 -0.05701367966120306 0.9322760652240479 -0.021125772609104157 -0.3723148620930123 0.6028073606065779 0.6885955063292298 -0.3616662592985871 1.068919624412576 0.21360140429350302 -1.4108888146315928 1.4765881254406437 0.4520571133631131 0.23383560188145713 0.488421335966026 0.4149253666130837 -0.21270688230554724 0.7244876224472776 0.46425209636944326 -0.5011843743574212 0.5631232674398615 0.5579533424977068 0.0599642827611505 1.067126687909372 0.2196584169532695 -0.7242775630066286 1.0783358497049007 -0.022202408965470127 -1.6142132867036942 0.8734357972551123 0.193458271611376 -0.5011539549397042 0.3805251100985665 0.4283008379461957 0.3097249754165703 -0.03683415395155176 0.20234551963497766 -1.5779911621647624 1.3386042871595683 0.18916837593193206 -1.645318507079203 1.5796455007427745 0.22122327128192013 -1.6294595563938883 1.5226663080758547 0.44629776033726837 -1.6541765910393522 1.4876131384322326 0.6978933897672834 -0.38497453704022827 1.3331858298838364 0.37343004531199986 -1.6205139975299405 1.781074597711161 0.464819839912183 -0.8753130110413629 1.0917016927518 0.5691526245663472 0.4763765368534817 0.07933015943229643 0.49767836616184047 -0.6435590382801439 0.9798895713026458 0.6509578827145863 -0.38482796566733213 0.15303271793118867 0.4822883587051645 -0.4793578597649584 0.08386584586558132 -0.3080851866768913 -1.4053380083988967 0.5453793807845102 -0.013867496604381645 -1.423837174920065 0.5944704678538886 0.2243788178363278 -1.3941094911977527 0.5965495588851041 0.4908510763765103 -1.4027803453792793 0.8045429886047882 -0.02485414081741327 -1.408154842200248 0.8065915117541456 0.2071985523789754 -0.5211967495402338 1.183342579888233 -0.06470560338744277 -1.3999871430085502 1.0186247769085288 -0.029384146302796267 -1.4344685393366214 1.0537820663350816 0.24236862795551095 -1.4102864944008144 1.0588712097900952 0.4435348405183617 0.48973806974642986 -0.09025508283340375 0.7606364374492212 -0.4052340708189873 0.9797302100729212 0.6692044287914061 -0.32918856633569543 0.8278189763922434 -0.46695117101171313 -0.5325172423251665 1.1153306138471573 0.5353968895049689 -1.4211777450190102 1.3467622523781726 0.6520625310655337 -1.379524715229341 1.5696318727227703 0.03679631808950387 -1.4225124488565266 1.528626575136878 0.25677097916170966 -1.1825737856481655 0.9311374722792043 0.7038327945335807 -1.4420072526870236 1.750029701320606 0.20573300882856885 -1.4109304589159692 1.7135156470530009 0.46332277049482895 -0.39268421224116407 1.3514201385877398 0.7102195048545902 -0.6207049957786519 0.6533932713376249 0.6435475164920782 -0.568800997755124 0.5050106612530428 0.8180416999573359 -0.5139125448104223 0.45422588363181265 0.9156537682275336 0.3583088609745412 -0.27853719248722725 0.22894190795938255 -1.3972125923259222 2.391664745270748 -0.6006712142577194 -1.1978384178212043 0.37962260704886186 -0.0032058562997527512 -1.2088314985438737 0.4035237536049041 0.18762832947590238 -0.666445712316834 2.15897605844055 0.05766064576548899 -0.15204201691488697 0.6327978536286436 0.9937300190158144 -1.1831852818754651 0.5738019774752264 -0.041677189473206394 -1.1802883913694504 0.6309240240480815 0.2156457892667189 -1.1745649966071554 0.559931606898722 0.43846489425085766 -1.1811971214108818 0.6647898327215919 0.6777015872809501 -1.1428458171650884 0.8694187492501698 -0.22749734266699476 -1.1868033173164412 0.8231450541386405 -0.018948507010894993 -1.165609924962593 0.8469476572907929 0.2615380326618798 -1.1808614725115387 1.050731851100919 -0.0031312803801931367 -1.1930984968825693 1.1092855795134207 0.2436767682524811 -1.1947708770916847 1.0447215252958972 0.5074623483203657 -0.2795276804261814 -0.041254971027654325 0.47697747130400425 -1.2259451157030061 1.2662101181721115 0.459304395484521 -1.1528486769792732 1.5434319640018572 0.20956430954292943 -1.1644353656384443 1.5480533933472564 0.46646052617475076 -1.174785906101134 1.7873491278855917 0.17636647696389932 0.3895263685717062 0.9527790575683428 0.020429657815223486 0.3558424533664075 0.24372545012525404 0.22337616083633258 -0.330639974302015 0.6987341177617956 0.2180260285561442 -0.08281335599583646 0.30820611300090894 0.2036722276633815 -0.9104614885941151 -0.10043488943403668 0.22087539227132638 -0.920981500242188 -0.13450995034931706 0.4352907689683994 -0.0801552846944415 1.2147989900561278 0.21241397366661535 -0.9912631895083399 0.35759965853566794 -0.03296434746491602 -0.9423284002347299 0.35575948398705565 0.23324090712628553 -0.9036699270911283 0.3817058618594732 0.46579713347754365 -0.9214139055634838 0.61046633828303 -0.041548101961331914 -0.9556593939024156 0.6265713302335167 0.2287798318302997 -0.9356683551701597 0.6190264345081113 0.465378957256886 -0.9476477892680165 0.5943735757047549 0.7120986269942389 -0.9357904244718892 0.8148682384918337 -0.22892670998911263 -0.9558577266131568 0.8241669154345517 -0.010862265488379479 -0.963166647809313 0.8582748856745449 0.22521794132012954 -0.9642070774690461 0.8169608674652493 0.44421924726603934 -0.9422489592197107 0.8494653105569714 0.684500814205466 -0.9557799259038806 1.0551577256430322 -0.24232169944459653 -0.9222659849188306 1.042684165794658 -0.02308127611192997 -0.9128869137143666 1.1033309540213911 0.2009536440729637 -0.9356999396794423 1.2917864956878125 -0.005201035881714101 -0.013130288582863352 -0.049084299133265744 0.5041502019664454 -1.4067436128906232 1.1879257162738657 0.08708229073342555 0.2547373292057939 0.474381667891561 0.07267853671939566 0.22360825958372196 0.47722614848930245 -0.14357265675367262 -0.6314075550273797 0.9446950131898307 0.1396773517698492 0.19820554526923725 0.46457609240869197 -0.3406881888027708 -0.6827789331428504 1.2101270458675943 -0.14351611522746416 -0.649368219520342 0.9755094037115076 0.33835473451257136 0.2893303994913971 0.5431789649750352 -0.44068054615978275 -0.7226135781946216 -0.0878339792622438 0.02189550017058557 -0.7195359462644435 0.11931692999156376 -0.017208646262921578 -0.6847601841923516 0.12304310680574956 0.21500562802310919 -0.6791801351109246 0.3882715564653107 -0.012519623487247741 -0.6487993110893647 0.2810602349796967 0.44691323278898454 -0.6860083653058173 0.601979371079092 -0.27197651554408914 -0.6950067306935594 0.6069932669552256 -0.027508930191516928 -0.6832205246244696 0.6182714092442936 0.1998487982455285 -0.6640695481726536 0.5844650079597216 0.4338447809790563 -0.7385235586459417 0.9055180663773397 -0.2910596031630645 -0.7010533275380034 0.8475528877749976 0.01246176503522118 -0.6980587007855013 0.8334372504375943 0.48181706246756995 -1.0402955480601754 1.3137958440547015 0.2992534988562372 0.422525355056232 0.06743552512899115 -0.21004773894376144 -0.36600059081682396 0.3305076545141124 0.10922437630437788 -0.33676300985999597 0.36168443112995496 -0.13638099385533045 -0.11720538597957743 1.0905884786610667 -0.18832422437716892 -0.14426896058713018 1.0841424073217762 0.11307409931043302 -1.3355402981900395 0.8077349020875076 0.5872445231695465 0.6115800046957923 0.09641101287801362 0.3245736200335637 0.32545652204591274 0.3762688504022725 0.3404150584997353 0.09844072253138725 0.33144171431919484 0.3634333228523475 -0.14865764387969824 0.32747442531249954 -0.11932323237567613 0.09759198368888515 0.3501343175308402 0.5465638267648592 -0.08713323873504539 0.7600058618711151 0.331581391272081 -0.47565845637363174 -0.07839254842365227 0.1802214132443539 -0.4861414637958023 -0.07654998849876177 0.43742913084902385 -0.45678120039945513 0.14842118819503372 -0.05186180620790784 -0.48101549375546904 0.6352694056348805 -0.49524503262861935 -0.45232568389710187 0.5644814490891438 -0.25813480641329734 -0.4443249776447839 0.5820110224670816 -0.039972575274207896 -0.4843848642203507 0.5708485414715884 0.2558612597708442 -0.48020488295361663 0.8165150561759927 -0.2962670295929216 -0.4015046853049037 0.8499705470288966 -0.034600421394025624 -0.4668998612848305 0.8216025727794798 0.4777329120730852 -0.44703883970531594 1.0910300782584093 -0.24288953443324432 -0.34862804263298497 0.6431371753369884 0.9024329066842331 -0.23289865594584128 0.001791467558080841 -0.4504557027860504 -0.40806368164824325 1.236381341023161 0.5603975164742602 -0.8022256927371031 0.08730981202335687 0.5625150751377861 -0.1866558731726133 1.3472684684707599 0.3012591854802046 0.2368296421873302 1.3673326095995502 0.2002793548264835 -0.14302456956599163 0.781718714155266 0.8740549524773835 -0.2297427449215213 0.13485182321138842 -0.2704371837819666 -0.22315967015260396 0.15837995372887106 -0.003681109672796222 -0.20676915157317005 0.11032474065796669 0.23124057414185237 -0.23508244796163386 0.1269227190674982 0.7001362430324812 -0.17668933825121066 0.362006662669951 -0.4940882617281603 -0.1736459718715983 0.34578434621716464 0.48510477449039024 -0.214496080395484 0.3640087451619348 0.9417512536629489 -0.23079947126115902 0.6266912357656342 -0.5367933839132936 -0.2279985301231511 0.555958171526998 -0.23786633601629464 -1.1183406677480061 1.2070723329851587 -0.16049438922831855 -0.7600504273535177 0.26477364573126305 0.821942654151137 -0.22224207643464206 0.8185876140720882 -0.26953277587408797 0.05531207004248697 1.4750959230966227 0.2202181141785483 -0.2214369329070422 0.8574904406271142 0.22319815316689734 -0.21056096861658571 0.8211384668175331 0.6705906126292507 -0.19141058646284445 1.0973327396135812 0.44615506587486264 -0.22556375931982553 1.076099843186151 0.6638258216177547 -0.23854382343687655 1.2937558214138698 -0.014571147190630145 -0.9363131592304031 0.062019721779606345 0.0465831900762031 -0.7724296323884824 1.3278503001418416 0.21042901041404477 -0.016853400573229718 -0.29889793161824957 0.7645117827016497 -0.7252825557355692 -0.311669137753395 0.59904293761244 0.12246048795086124 1.4949155443080497 -0.1056220547705258 0.05820446734246015 -0.07738937300870445 0.2076093567290486 0.02101197423895861 0.15268223525282248 -0.25108914347357913 0.035167771177021565 0.11488963030129161 0.0017638959682347662 -1.0994211052941798 -0.18306425881735736 0.6496293200093494 0.022777959209427715 0.3463026138358226 0.9331137975332062 0.014058430634866073 0.5927682803129197 -0.4978217967642117 0.9108479231043389 0.7618623209634662 0.2792132999369191 0.024428276974248042 0.6117468632949461 -0.013477932914526302 0.026003543355295623 0.6192976701003723 0.2274006147810324 0.016617545446261334 0.5995644585079579 0.7029052128210758 0.019030456601895816 0.8633645672622808 -0.27105766897326605 0.0387150882575328 0.8425121493082423 0.43709052463769554 0.005764791191022973 0.8715989829339266 0.6626891829997729 0.02839375754069607 0.8106279508032941 0.9393226698062079 0.6759068814746412 -0.22666034986510453 0.4712910377847447 0.6442485796240099 0.813811132759902 0.02579806925340722 0.04238354826529337 1.1148857491365856 0.6987555481342557 0.02380785331394315 1.3173748195769714 -0.0020955511550579888 0.019309608461416022 1.285126954453332 0.4505200918395867 0.13267018504284694 0.1688628718991678 0.21975494655222597 0.27840140138999453 -0.09110031889507277 -0.26916144702569156 0.249636704481098 -0.0738508851203788 -0.03366026140863246 0.2622786855891918 0.14369993037136825 0.4563244571299445 0.28045884094314844 0.13925369227103168 0.7074017435236853 0.26210295497013286 0.5818227084516551 0.7074099785984084 0.2644542544231736 0.6223603095975333 0.9087851936924625 0.28235915300397146 0.8123372532466551 -0.3412088073829933 0.2453821204794276 0.8451508678696431 -0.03880178775476494 -0.7181550562909317 -0.06504917507834174 0.36158631788999307 0.22817307340532064 0.845203434454399 0.4491959112677343 0.319069336901812 0.8407070455964558 0.7022453418651133 0.25278301779567863 1.047131988352553 -0.23443213778507288 0.26490336163460365 1.0529565748101324 0.20323041447228898 0.2785673878620625 1.0645265933260226 0.472617770201956 0.28153769874802276 1.3071313321818008 0.47111991161385275 0.0356264901946446 0.16253313166070976 0.6042740961006994 0.48059752097845343 0.6653059041429048 -0.018552343718939747 0.5164392276687773 0.1523467804744511 -0.023257665667513056 0.45068842363668016 0.33573897794407837 -0.2508879476097846 0.4700683287586861 0.40876866775325327 -0.010123326388979007 0.4676590691624943 0.3560079845208711 0.43757778702900285 0.47718285962587165 0.35439317568712736 0.7117119352454766 0.5146225416028662 0.20113858982648214 0.2175148504061117 0.5193705057747559 0.5774329970202634 0.21192660650867925 0.5448400540983798 0.5879778341266392 0.47004686644584437 0.5381741136092347 0.6002410846578983 0.6994935445889083 -0.1927697216498397 0.4831590665698725 0.22251272254036294 0.4885864259147545 0.8693586724367552 -0.21995581624118737 0.4884014567774157 0.8245852147251477 0.19084975069142476 0.5100365166855902 0.8609644722265917 0.4866264408568295 0.545631563687772 1.065324635516459 -0.029647153434221266 0.5263659588690419 1.0913133590302684 0.2095064085978949 0.5315996919430283 1.081528345744352 0.4709697474376055 -1.1549007710883348 0.7111934297289894 0.4776866176477826 0.6995791606202981 -0.10568800979033152 0.22017897028107852 0.7338861570084118 0.1560904387874614 0.21679087670081842 0.7759827098851355 0.13596061435128445 0.45532491559258254 0.2575489326968314 0.22360464182963136 -0.019861860465814944 0.27627647109370074 0.2417227635741029 -0.2887150547802417 0.7379388940173957 0.3677767012144777 0.2634649300723986 0.7491185815341391 0.4127332203048216 0.4691793411500011 0.7245985972031225 0.6372779941330622 0.06276755407429427 -0.9340767420145794 0.9742564607752853 0.48557225941166177 0.7004239209035992 0.9016090500809976 0.24832503745423012 -1.0832229232582544 0.40109591965889113 0.38008280313517473 -1.413556818077062 1.291452819263044 0.35089232250741975 0.9908121929864677 0.1299954941009326 0.2020311037910868 -1.3546730954935637 1.5452765000999475 0.6156442872443254 -1.4080287054659062 0.8430265384043066 0.3607094579091073 -1.1362511078722528 0.8435371515552103 0.5596032156729389 0.2878580211530824 0.36779962816897227 0.8646034301213229 0.07009660489684995 0.35868963334543924 -0.40146668674586306 -0.2190100474582643 0.6107429486678668 0.7860146813357995 -0.19998783272154574 0.6323273388719711 0.2963989107412142 -0.19069103081235356 0.574843783689521 0.6200403538980571 -1.489936254700611 2.142330696875037 -0.17209322815027067 -1.5390139653029906 1.8636776523582284 0.9521432804885639 0.1284264968026816 1.061520329033348 -0.0013342543830313193 -1.3186175557755138 1.7740907383956253 -0.15669737508158135 -0.3605783466025201 1.0831344446239894 -0.012768611509558908 -0.7586092627671183 0.8606661885241211 0.23958430994557822 -1.2860565966846242 2.229132327318677 -1.1535222962744671 0.09121337778673236 0.3871201553204125 0.7122932192836016 -1.162577239042675 -0.3158967488736438 0.5580422042534304 0.38523515503580724 0.5678753327595075 0.4782567741948827 0.41522735125120674 0.619833078241636 -0.24322238810634497 -0.9683972833472716 -0.3187801828665907 0.4914126950333747 -0.10304476132089146 0.3817180865789771 -0.3013515724909849 -0.07099160814907361 0.32365036528692853 0.7037377189716928 -0.34113748468984556 0.6021663502607688 0.4637062126847656 -0.5878214453237656 0.11371053789864864 0.45017577160829475 -0.6556255568743012 0.38882702860252566 0.2690941571258174 -0.35679515177728194 0.20491858756227757 -0.5053590064609734 -1.7044134442891834 2.0192030681585877 0.14578222367326632 -0.46468284291203066 2.1817455788635174 -0.2471875764535431 -0.3114574360192637 -0.2299731800306858 0.5388696236062925 -0.89963950397936 1.2386402515510448 0.43407896381901434 -0.8141519648810086 0.450770755055989 -0.16345499351696996 -0.798632715185637 0.6855448708579538 0.6166210433150332 -0.4377788154013082 1.3958209087012168 0.14137628590198326 -0.5248619474655005 1.0102638325579798 0.23672735928802957 0.4761989868486276 -0.12742633781546236 0.41133337235914086 0.32508786571928555 1.2463865973666042 0.02965107408675034 -0.3982833828055025 0.18600279780595697 -0.6798807873356775 -0.4363476662792041 1.5158696029606784 0.40456654917344703 -0.10381489819595469 0.13063771574118604 -0.4781590524661608 -0.16929832640669668 -0.07372070976885654 0.9493273546529606 -0.5323552182825136 1.0301390939139021 0.034033269323676035 -0.018170506608447094 0.15562968465950697 0.8662058969505687 -0.3301330247723431 1.2008491834839758 0.8225148407561941 -0.7242211602199489 1.5332893539602113 0.0015660184996459624 0.568274192763693 0.5754189251764062 0.8994628041857671 -0.35006489919525213 -0.07699957415090966 -0.07711279237571188 -1.028898368933187 -0.3076117279886704 0.684567755946745 0.20000825374149403 0.39669646016886156 0.2103371435151064 0.23891490559673287 1.0151571380270286 0.7273100523980354 -0.10830478628755859 -0.03708908263028827 -0.13380962602572274 -0.7980839512175072 1.2413189463309169 0.6968063621863941 -0.44572710312934605 1.2011524098751 -0.40352735304815 -0.8055650991882772 2.2643149255973443 -0.22343567552161153 -0.30587196056247634 -0.22985888297214419 -0.005990807796677031 0.60421794137277 0.2030441884050502 -0.3694779595980296 0.6713399776781053 0.8965181169354572 -0.10557598084388267 -0.8078939862638821 0.972919059604892 0.6362816777433253 0.686632790626714 1.2043002515509387 0.4798549304683728 0.8219576750018421 0.5588330252417153 -0.14839308387080294 0.18525055233639834 0.03123868808501605 -0.5780353000866063 -0.369438882586081 1.532119795661998 0.03644340317944625 0.5489714999932236 0.7166820998155317 -0.43004911428675735 0.19472410514686395 0.11481316404883433 -0.389351237704173 -0.38135705611598064 -0.2668635172162894 -0.34002107286447325 -0.2525293684246823 0.6136435920931331 1.1245016353783122 -1.2462170689664 2.303406962942381 -0.9216614542008936 -1.1633970326623175 0.9798063004081138 0.8576560335628353 -1.2391471071747326 2.098527166544979 -0.38877774703175133 0.8950612936480024 0.6431115304357895 0.008523347394708995 -1.420034649936219 1.7839500566817728 0.7040967345745099 0.3614496423888103 1.5213517029063506 0.19115650592683145 -0.45227817930310704 -0.22926643886656606 0.49567365289848236 -0.3646478138996036 1.3335481532811406 -0.2599759921613472 0.2441238392546256 -0.057384130557509586 0.5457747331280569 -1.6204158408989302 1.9189861343730874 0.23262584737084727 -0.6306434089465549 -0.2692599266868613 0.10518439710555669 0.48673935332517 0.8401282534812371 -0.010681472696851687 0.2988778029255769 1.0876604844085398 -0.017644585968406536 0.48526178947638804 0.3912934151171774 0.21743097285237534 0.2769620971575649 0.80944951566594 0.21969300892402555 0.03396891202846088 1.2957755357213288 0.21428555413941633 -0.5075305268269684 0.823794156603043 0.23907316388988917 -0.8917024023404814 2.3642915521801875 -0.11464752204561182 -0.00032529998317966906 0.6089187218102846 0.4859858329393696 -0.25289472814740704 0.4005186648758209 0.6966261081564857 -0.18227295967732887 0.12220414501660874 0.4644095018621558 0.02340561163681178 -0.052823553213297854 -0.37570422614955257 -0.4838647300670298 2.482153136481151 -0.4202278768408588 0.27204826201474896 0.6033235036591892 0.2366458127493274 -1.7715996109299712 1.9052069901566686 0.5932236575910665 -0.3662816906813418 0.34646590215087886 0.5610044517176036 -1.2030283758971416 1.3423116834702646 0.24105069475930765 0.041231798015206565 1.0394873039161445 0.43524410421708115 0.26292209198829264 0.3458498262872254 0.6939927615375526 0.004071615342560301 0.38155779521902194 0.041250673138397746 0.05990371007954066 0.6219696772204072 0.9450186382412402 0.049027042677190824 1.1506159058981402 -0.41201590941231186 0.4002668922760763 1.2163554897208955 0.2911424868755842 -0.06480926595842268 1.2605805761543794 -0.19896036190750063 -0.3894620041188801 -0.057640288068590256 0.7098941030426947 -1.3360320712294573 0.6812781740976147 -0.1819543196222051 -0.8185388187591632 0.8044957308736849 0.8912899681675075 -0.9939509649324829 -0.3140701058768186 0.26110384400261766 0.3835743474527046 1.5427535868577167 0.36972919553653766 0.056191109671394006 0.1872591287544633 -0.4811639663191394 -1.5476895413765153 0.466024851611184 0.4788624944371301 -0.16167719231846592 0.7360394859585597 1.1442638802830756 -0.20211974713300793 1.2667388105062831 0.5829514489338988 0.6268332893257788 -0.1007315150122787 0.6210273693844038 0.7177757857145026 0.5787507812107421 0.7655393263712608 -0.18028740388365125 1.3905838134715995 -0.27570274910411025 -1.5702864978268203 1.427883570906995 0.8639629620326919 -1.2221083624011182 1.390039947943633 0.5969475222089492 0.6863565989588984 1.248374144948074 0.3816296006045582 -0.5864836463277411 1.246834798634493 0.7200253076035157 -0.7202016032974164 1.3410491188250604 -0.05234874033081495 -1.2794185645998652 1.2627016701018343 -0.2406437755853118 -0.7538495523983975 -0.2459948791604972 -0.18919739454727624 -0.6833178400067103 0.9627566391544432 -0.456184619082852 0.20447180617079416 0.4781164746480471 -0.6189923171624334 -0.09354004890913858 1.412532910148435 0.13358390477935034 0.3983117607869102 1.0368321926812676 0.6427004136292481 -0.3573600827443993 0.5421848232011646 0.9844909552754877 -0.08017863290127744 1.5900322306229664 0.49280956151306593 -0.0993158818774084 1.006683606621173 0.2910747112142859 0.6888856700941944 1.0553292818168096 0.147657521275155 0.47722982110328005 0.12483958885722388 0.6666484654098247 0.2621326682428893 -0.1010624656282594 0.7723926388472032 0.022875473733113133 1.4457965679499485 -0.20950114460830072 -0.8762570227566899 1.0763963814222135 -0.41798031512863604 -0.5119596759685924 0.8114096732799636 0.6849197903096033 0.6842755042382745 1.0218581935085764 0.6976169131472489 0.3838625057635666 -0.051455464370744275 0.6429652735665672 -0.7465156922078232 0.9897943329608929 0.8416405484135392 -1.3470442221292496 1.7849161664312323 0.000839236009867741 -1.1216035669475242 0.4378339759903601 0.5974670091557115 0.7903237052786632 1.085359367303952 0.0711537924448998 -0.05145175597617524 -0.01330516824768415 0.775302116104443 -0.9044256763070652 -0.1447420809627852 0.6525278332485582 0.5002106518137359 0.4315882939514268 -0.4713170262499079 -0.5528261460512547 0.011859890350911246 0.6093939951617298 -0.7730181963835406 1.0478695882808062 -0.18630407330242046 0.14130898506289355 1.2529628321378397 0.6131280705527815 -1.3470966958373543 0.5733803233839793 0.814084333032156 0.7781659163569223 0.47651838472241315 0.6526342106912707 -0.024524966707682658 1.3212337958326192 -0.34432555697935957 0.7882726594273921 -0.20773126253707294 0.178969883581062 -0.6974784867000445 0.823669904280342 0.6535236817595805 -1.2574651992965353 0.24492546704374346 0.4586443587745465 -1.5804991130452952 0.9793155530149521 0.41282692428124806 0.699022863579171 0.7629348455326869 0.5064893692041458 -0.8496554417181026 1.2450526112079043 -0.20313216303346932 -0.724810949886429 0.43015010939745946 0.6267235994222445 0.704903471389748 0.9680550085905827 0.025188908675189917 0.4763782339547322 1.4363973603366187 0.08629290468070702 -1.3474294914333633 1.9885893370328938 -0.689169772975429 -1.0584422477303626 -0.2849535137852684 0.8462519684129122 -1.621411912109299 1.757471758061531 0.22274784542517706 -1.545871210735268 1.4891299251515042 -0.10285469216483226 -1.6603088812637194 1.868613509495778 0.04195514500893503 -0.06503696875015494 1.4468446992302355 0.34316016984395453 0.3808447361129965 0.8326293930489503 -0.49177439423562197 -1.2801172963278016 1.9506847968272851 0.2625280786734637 0.06409331692563314 -0.2856382594656253 0.9081919295822457 -0.663833918595727 -0.2563441892586311 0.9937092612880126 -0.41204476097463255 1.561526547642115 0.23109136836970004 0.5682581304075427 0.9175593836411378 -0.3570079031043508 0.5106502660587934 0.41336705776204136 0.8971701232990054 -0.723393025400537 1.0948391049056634 0.2515556559421013 -1.305552463647311 2.116767754176045 -0.9849325034512414 -0.47119074116769644 -0.23473586144350558 0.048689471070344256 -0.3871192363882525 -0.07303680734088576 -0.267782409001418 -1.4421984926556313 1.933900174115122 0.08547266128906522 -0.1427628948453802 -0.07291386823963243 0.3258981455725382 -1.8504790852133877 1.6100435585230066 0.28262265177104967 0.5670553318001986 0.0862602569244391 0.7943958889380441 0.15236968612130306 0.676208281026718 -0.657537589110157 -0.6110737634406053 1.3380850532176256 -0.2758075056502365 0.23943635544553685 0.24766657314812615 1.0460135009129832 0.33592304662455824 1.2208166757572858 -0.1451769016819234 0.5498947327313053 1.3240060282386745 -0.12743725237186643 0.6920806186306491 -0.011355789237642796 0.04466336686910165 -0.075860182129927 0.8147630272471782 -0.49221055813229425 -0.37617721933963927 0.30056975982983386 0.8047586420845929 -1.3550197306624294 1.0014353781838272 0.6472874772730319 0.7750407419551444 1.013092911326968 -0.06910085018309847 -0.22478461067923428 -0.30403293673994025 -0.5093329798365935 -1.5221682978496196 1.0555306772424162 -0.20481542625394883 0.4398895372575222 1.0766655350871466 -0.18307750146463553 0.6950560925041636 0.6087938002029801 0.5969970041691481 -0.3581905191373261 0.7922847035071848 0.8162674501466847 0.185953651020444 0.44805294994649436 1.109213745366744 0.5685501912301049 0.9483924403043671 0.10654285655071999 -1.276391952727126 2.0442127692893495 -0.3371011908549739 -1.5214891768932124 1.0080416758397006 0.11095984317677365 -0.8046977821393952 0.9592789731583894 0.11108427508794506 -1.078114643034255 1.4085534434054694 0.08480988975159916 0.2123466008848297 0.9492456658723806 0.09775094609427779 0.638686279118505 0.26971595453395053 0.09949604748407462 -0.3090921580802969 0.023525802203022753 0.09114243947587293 -0.5946092438878899 0.9871966453932531 -0.13665733534143013 0.17637748075454013 0.9677112969090967 0.3336887163630256 -0.7971163336212291 0.9598288175237103 0.38994390989618205 0.6272415626385368 0.7214098899138703 -0.12909024913306463 -1.5610075037984121 0.6957514433813259 0.10171817255236487 0.16116012796330997 1.192285634285036 0.10828158065293295 0.1284102764556255 1.180985549083407 -0.12733868396991044 0.11661265071361962 0.7199647403788499 0.09068440726952645 0.15507690310571765 0.7300392090837571 -0.1442561194172608 -0.8261825602145122 0.7215590925712203 0.09984880262588233 0.6310095730209696 0.24731386543300574 0.3358956395628747 0.1468613367727214 0.2466618172364229 0.8325571033825353 -1.2863166964811092 0.49262679722250685 0.33487038768603605 0.1418908666304129 -0.014701425074904488 0.38889454308876525 -0.592981239245591 0.7295453751100807 -0.1329120107960133 -0.5433353760127962 0.7320924097050338 0.08885882561717272 -1.2755348100599768 1.6651983638997696 0.33842502784639034 -1.2753735892555862 0.6933755156309668 0.35116454634874983 0.6496127106533164 0.6812155470157262 0.30791968976127854 0.6164459239591883 0.4248260988814788 0.6045441310075602 -1.5638618836676146 1.1721822420478654 0.3619595142047234 -1.5628455329548379 0.7541084107213659 0.36565701422484964 0.15785963327359842 1.1702008210549861 0.3176984568034889 0.1651182038855471 0.7055978455818087 0.37462348340144874 0.17287664704282574 0.6868406491498165 -0.3797476252008487 -0.8369013539491259 0.7271829374945988 0.34120762906455104 -1.0767390849186464 1.1863858031925085 0.12168645954523276 0.37266176183198657 0.694013968539871 0.34926665988344197 -1.5531380063929436 1.660492215837291 0.6058420581743529 0.1506597285038198 0.7386322547671155 0.5779955253402338 -0.11241984905239275 0.6988475238294248 0.12599016202466357 -1.0468104043021342 0.9335183897627873 0.5781009376382934 0.39477196169197487 0.6982573778938966 0.5742173320020998 -0.07197654297880828 0.24687827786569197 -0.37714635657191775 -0.0797664148600643 0.49691304848562046 0.8122843955533556 -0.08313837623182964 0.5358505422822676 0.35921592524111945 -1.0570888901251316 0.7063969348954404 0.3480287172256566 -0.10536068944578475 0.6437680224695697 -0.3417166096907982 -1.0085042060398273 0.722821918374669 0.583691565742888 -0.9765852350639801 1.7582340351089405 0.28039404760423503 -0.6952602789445542 0.5667499157390465 -0.4201220965241885 -0.3089513687186016 -0.12833649166135616 0.1097415590060938 -1.4035917926100139 1.4569945872916628 0.8154551816506547 0.3989661253114122 0.2638191479386086 0.9721648730218708 -0.29998997961351653 0.9916023181578264 -0.33187564395640695 0.6978428228603286 0.4039960967196392 0.018198556233354556 -1.554140358001585 1.6549603955228593 0.8363488484577895 -0.3339013032500117 0.5975924058032662 -0.778943869944846 -0.22637135048068613 -0.08724620642022213 -0.5864703866457472 -1.2573499387675793 1.8382268510618387 0.4813679059566847 -1.3559176164506268 2.411923052157633 -1.1233882894431526 -0.14143463046263355 -0.048919570622197685 0.11661245125471244 -0.4006667675460365 0.5154701859002999 1.0755933025112787 0.2623509004067034 -0.14278430913063794 0.3432257563150276 -0.27326904585672335 1.0528839230838989 -0.4731575636118398 0.37514238008162915 1.1711410750572626 0.6046137449118143 -1.1577564242354677 1.7346585663834941 0.6742627738491304 -0.5388086588764517 0.8430052773948008 -0.5996285617311226 0.08662601836773459 1.233934229699227 0.8289812966292045 -0.3008199448113026 -0.031104957506631177 0.2407646612572416 -0.396018640001322 0.4798741439742246 0.8547053581440349 -1.6765751230403954 1.3183448946985294 0.3948851125462588 -1.069015017185948 1.6174045082536637 0.307062936173516 -1.1986710288012081 1.552661515795804 0.017599873631581445 0.20848680699210012 1.3686243147269246 -0.046873887316176845 0.4050407655863353 0.20209480350112477 0.8036379808841952 -0.643863795628315 0.15554304661053778 -0.3658576014406988 -0.6308920412937643 2.0675285273258535 -0.07019480898170798 -0.058697270680626246 -0.2176903476792452 -0.19444790329215766 -0.7728124984918007 0.8119700497519582 0.7648085254364039 -0.2819630150929719 0.28263170335740834 0.3330269383092072 -1.5211128203092095 1.9208197891255263 0.3706486435388192 -0.024413478947110646 0.7148486451267873 1.128846693283272 0.8117527270242899 0.8445552394991449 -0.12067018538996266 -1.3087065431195029 1.1700229243690812 -0.09330587584487807 -0.8355611372294601 1.0882555435001147 0.3941547095884912 -1.10887920952229 0.33904979728178686 -0.2271671381739364 -1.3761709433322658 2.1457706176094944 -0.42270009401214237 0.39972757307560686 0.5491658893099017 0.8368792622592932 0.6142561934031836 0.24734756811371858 0.5089293679941824 -1.0583598667032852 -0.17907160219153737 0.12212487093850281 -0.5457945871886398 -0.027304413269458844 -0.044914562190547035 0.8544225624224542 0.030582732433233173 0.11645861584545396 -0.8092411918347098 2.235099132808304 0.055178308917098476 0.19016367402840834 1.0461974197571557 -0.42413298680343353 -1.4503005626979246 0.5274328732681934 0.6868423085328869 -0.5954480997573688 1.3631174710096092 0.31399608166008264 0.4550459567206021 -0.07160183276604348 0.0018159138409167606 0.9652655260038968 0.2485272798573627 0.3811164587968613 0.09944876787454279 -0.11277931346516222 -0.5099915938953643 0.1465828056614894 0.03695765851147388 0.7851785139597811 -0.521320073400184 2.542627716120088 -0.33306756066525756 -1.705498431306983 1.075364800035644 0.10851252487467158 0.024899034533833315 0.9079252788480222 0.2906320344252452 -1.3567051375108572 -0.30186927841256256 0.25438042290023044 -1.7807747610735813 1.891824654074612 0.23061943325291373 -0.5270186965196864 1.0257783018593658 0.4131917365639537 -0.4314160137710413 0.8519122868030635 0.9796987726665025 0.2275919327247251 0.08352315606541338 -0.18558931092735473 0.0780465447735181 0.3362395819839231 -0.17866639974697046 0.31008380816842634 0.6461233484316404 0.035257450875227386 0.26360755349697274 0.6373747371147943 0.4673386651764835 0.2535081780412691 0.3375782215239799 0.4859660772582696 -0.16567500684038397 0.8689791021961151 0.45499617438974743 -0.18544502336691138 0.7384026997582227 -0.06685888270890386 -1.1452646284572165 1.992814798131058 0.12144833302396825 -0.3893507774232313 2.531405161319732 -0.3697032332623982 -0.8056148406974056 0.24269332468519958 -0.11764357812172464 -1.2851029895957022 1.419287456050933 0.7323382784796826 -0.20941809588032356 0.9149517768831091 -0.6415350402178688 0.4231656231352861 1.277465517352739 0.5600941834530461 0.33868743314224603 0.027875352100345436 -0.36387858979258564 -1.7258939723929125 1.0359294188545907 0.4961720320734796 -1.4742830598908658 2.3242926445071252 -0.8345280631597215 -0.4414013582962957 -0.16762932583531637 0.8879289794440057 0.007531896384939271 1.5798698868777816 -0.0007584535244013826 0.8331075025045249 0.03229444320384766 0.345684606582085 -0.172836580956808 -0.22355175325856033 -0.08970800098214807 -0.3032620972753856 2.2236441164018244 -0.2158738605799058 -0.566510652811887 -0.017405284566435898 0.8615515984940176 -0.5723679663842395 2.61120226881937 -0.27126820202509183 -0.21764205540447024 -0.11342242062506441 0.0002881490502824875 0.30298964240114623 1.3378618449788409 0.6930792182087042 0.4884333349452806 -0.1323779349680187 -0.1903751110883216 -0.47390997042955446 0.42516551401466196 -0.5003267691268009 0.5315461453383971 1.0860970554689608 -0.3054385678974867 0.24989795727003927 1.1534966313692439 0.6394232010907497 0.6996729092186242 0.9701497622355422 -0.24371328794862207 0.11350661050975629 0.9411893483814866 -0.14501952397915402 0.3661679166645434 0.5285082003034309 0.34256824203409786 0.32475810171276986 0.8711591815929285 0.9628193416980322 -0.3468856661351279 0.9050541703036294 0.3429058240404117 -0.3812663028887275 0.9501416404268532 0.10667722593722533 -1.2582562965226671 1.9906250574045807 0.7123068522027796 0.9785802375778866 0.32043143609129443 0.18655152987465584 0.27378845526324114 1.5298256307985783 -0.0059915181297600095 -0.19194053243161072 0.5437762966669487 0.4400024502494797 -0.36611598086110886 0.7358279752926464 -0.6084044698373061 0.6209833226796715 0.5333506558245923 -0.14920312509151082 -0.3898802089342765 1.0642002754518076 0.5200382086268251 0.333718113119498 -0.18982114948945605 -0.14489846439005358 -0.4858084311025356 0.4080607452800688 0.6637971541735214 0.5727422712959815 1.0049901575368612 -0.18955830393751488 0.665746043717823 -0.04159410945022074 0.4304500458400366 0.5132253788826219 1.2611348170805243 0.41926614397364054 0.4393652851859696 1.361844197816807 0.635873112899863 -0.2983162245775792 1.4688660086929524 -0.1356454506167807 -0.48482035960818926 0.9295627056690445 0.890447889141123 -1.237501864359701 1.541643099723846 0.8421264461917916 -1.3002478063550553 0.5792708538505318 0.08916588452628195 -0.2629189998019228 0.5612530169232064 0.0510442919089657 -0.7840734930658877 0.8224799119623203 -0.1267053418008671 0.355850676868808 0.8401735185828362 0.0882521457968233 -0.5455777766443664 0.34126396506093354 -0.17968059885806117 -0.8095239200309636 0.5339860538202977 0.3315762453884679 -1.0662149048290543 0.8969625290504538 0.1152068861658159 0.14857705646823136 0.8066058101534552 0.8145852489651904 -0.35424752906669943 0.3760349101231433 -0.33951264079979016 0.14664687301087384 0.9996287586252068 0.5730002448301009 -1.0353273715420483 1.0728976533766055 0.3609044581002326 -1.0525705921961104 0.5653182429679623 0.552642810445405 -0.9243691716101814 0.9622040557225662 0.3471438401153809 -1.4017515578691704 1.176946717328704 0.5813424698133325 -1.0619399784177141 0.9419364085641008 0.4310196855974603 0.39124464174370194 1.1855071087530196 0.45978442012702675 -1.5075844824536662 2.249275019889378 -0.3049551440484498
CELLS 3828 19140
4
363
561
891
411
4
650
139
408
434
4
0
4
314
315
4
0
5
8
314
4
322
436
703
175
4
0
315
314
8
4
20
601
54
541
4
1
4
18
793
4
85
597
72
63
4
1
4
793
0
4
1
9
11
312
4
1
312
18
9
4
1
313
312
11
4
75
352
125
356
4
1
312
313
0
4
2
3
17
643
4
2
3
643
315
4
2
643
17
13
4
3
8
15
315
4
3
15
19
315
4
3
643
19
17
4
9
391
312
726
4
3
19
643
315
4
2
3
315
4
4
4
793
23
18
4
5
606
827
6
4
5
317
803
6
4
5
7
606
689
4
5
8
314
317
4
5
803
317
689
4
5
317
314
313
4
6
317
621
5
4
6
803
28
20
4
63
85
845
35
4
7
11
25
313
4
7
25
691
689
4
7
689
313
25
4
7
691
606
689
4
76
361
716
894
4
11
313
312
690
4
504
508
610
777
4
7
689
5
313
4
740
475
860
491
4
8
760
315
314
4
8
315
760
15
4
9
18
824
726
4
496
609
367
720
4
10
12
14
309
4
10
12
309
681
4
10
16
824
309
4
10
309
824
18
4
10
681
309
18
4
690
313
337
25
4
12
753
24
14
4
12
14
309
753
4
12
10
844
681
4
12
844
32
681
4
12
32
36
681
4
359
382
356
387
4
13
17
39
643
4
13
23
643
39
4
23
336
643
39
4
14
22
324
637
4
605
319
250
566
4
16
22
27
736
4
16
736
14
22
4
16
309
736
30
4
17
44
39
643
4
78
502
507
713
4
83
151
459
328
4
74
145
93
335
4
734
397
700
807
4
18
726
309
824
4
18
752
793
23
4
734
700
388
807
4
460
374
375
839
4
20
28
45
803
4
20
45
54
601
4
399
400
401
813
4
20
601
15
317
4
21
30
719
329
4
21
329
326
30
4
851
631
846
170
4
22
323
40
27
4
22
31
40
324
4
569
697
818
158
4
529
892
376
379
4
22
31
324
637
4
22
40
323
324
4
22
324
736
14
4
23
894
39
32
4
23
39
894
336
4
24
36
817
325
4
172
879
157
662
4
150
428
856
404
4
25
690
49
337
4
25
704
48
26
4
25
666
49
48
4
25
666
337
49
4
137
130
364
794
4
2
315
13
4
4
26
704
43
28
4
43
704
71
28
4
443
467
370
444
4
48
81
540
26
4
895
893
384
383
4
26
43
704
81
4
27
632
46
30
4
304
620
833
861
4
34
337
64
49
4
44
29
65
643
4
237
854
858
674
4
597
55
57
782
4
44
39
643
774
4
387
308
396
389
4
44
65
86
774
4
545
734
700
388
4
388
83
700
727
4
28
694
100
45
4
28
803
694
45
4
28
71
100
694
4
29
643
778
60
4
30
46
61
632
4
891
893
388
807
4
331
363
360
530
4
338
303
623
364
4
868
511
447
180
4
31
349
97
40
4
31
40
324
349
4
31
97
349
680
4
31
324
325
744
4
32
39
76
894
4
32
716
76
52
4
32
52
36
716
4
540
81
70
43
4
26
81
540
43
4
26
48
81
704
4
43
704
81
71
4
705
617
390
275
4
571
199
213
171
4
361
117
561
363
4
361
895
891
294
4
34
806
329
47
4
34
648
806
47
4
35
56
41
37
4
36
82
417
52
4
469
766
169
547
4
469
535
743
169
4
474
169
547
489
4
743
488
625
535
4
37
66
50
35
4
37
35
56
809
4
37
66
53
50
4
37
53
66
725
4
37
70
809
56
4
38
57
55
51
4
163
310
622
321
4
430
180
413
882
4
40
97
348
349
4
40
323
324
881
4
817
36
675
417
4
817
417
325
36
4
42
94
128
667
4
42
667
106
680
4
45
781
87
865
4
45
87
781
694
4
46
61
632
75
4
46
352
75
632
4
47
451
356
103
4
35
50
59
72
4
35
72
66
50
4
35
85
347
56
4
35
59
63
72
4
35
85
56
809
4
35
66
72
85
4
49
64
102
337
4
49
666
337
102
4
444
484
465
467
4
275
444
802
370
4
51
89
57
782
4
51
782
57
55
4
52
339
716
76
4
293
758
360
359
4
53
66
725
84
4
294
124
385
588
4
294
527
763
895
4
828
863
433
565
4
863
433
871
828
4
58
80
67
62
4
58
62
826
73
4
58
62
73
80
4
60
774
880
65
4
36
82
675
417
4
739
472
300
740
4
882
297
836
472
4
297
475
472
740
4
62
96
80
67
4
62
73
80
96
4
62
73
96
99
4
62
99
116
73
4
64
795
118
102
4
67
80
90
92
4
67
80
92
96
4
474
615
298
422
4
474
298
761
489
4
68
73
116
634
4
833
764
489
549
4
69
98
808
348
4
69
75
352
808
4
69
352
75
46
4
109
81
114
837
4
71
837
694
81
4
71
837
109
100
4
71
100
694
837
4
73
92
90
80
4
73
96
92
80
4
73
812
99
116
4
455
296
762
300
4
666
366
102
81
4
81
102
114
130
4
81
102
130
366
4
81
114
837
130
4
81
366
130
837
4
82
355
111
94
4
79
468
88
77
4
79
88
468
105
4
865
87
788
781
4
433
301
554
305
4
554
539
616
447
4
554
447
868
539
4
572
864
432
544
4
316
459
302
83
4
90
92
110
119
4
302
656
457
455
4
94
380
355
111
4
94
128
667
380
4
95
694
122
366
4
95
122
771
366
4
95
771
140
794
4
95
794
365
781
4
370
420
473
767
4
97
460
99
98
4
767
473
615
420
4
97
121
529
680
4
97
375
529
121
4
98
99
110
460
4
100
122
837
109
4
100
133
122
109
4
100
109
127
133
4
101
644
117
76
4
101
76
840
644
4
101
117
644
365
4
102
366
795
118
4
103
386
356
107
4
103
451
683
112
4
103
386
451
356
4
76
644
363
336
4
106
113
121
438
4
106
438
115
113
4
106
438
376
128
4
107
381
356
125
4
314
315
303
760
4
314
303
338
341
4
315
532
336
303
4
303
363
644
336
4
108
839
153
150
4
108
562
839
150
4
108
839
129
153
4
88
468
105
688
4
109
133
122
114
4
109
114
123
133
4
109
123
127
133
4
113
116
121
372
4
113
438
372
121
4
114
123
133
148
4
474
761
298
615
4
115
128
452
438
4
115
670
146
136
4
116
372
371
121
4
455
416
296
300
4
118
137
364
728
4
119
129
110
460
4
119
138
143
649
4
121
680
106
529
4
121
376
529
106
4
121
493
372
371
4
121
371
460
401
4
121
372
493
438
4
475
496
415
860
4
123
127
133
815
4
123
815
133
148
4
450
882
297
836
4
124
582
665
588
4
124
385
588
665
4
582
320
665
588
4
297
470
475
756
4
125
404
772
141
4
125
381
404
141
4
433
456
835
871
4
433
835
863
871
4
835
455
656
423
4
128
132
452
684
4
401
403
299
556
4
128
106
667
376
4
128
376
667
380
4
128
132
684
380
4
129
400
399
153
4
131
181
154
144
4
132
684
344
452
4
306
433
301
554
4
684
132
344
343
4
134
136
146
670
4
134
146
159
463
4
344
662
157
722
4
178
434
776
415
4
148
350
815
133
4
137
461
158
140
4
137
140
794
411
4
137
364
728
411
4
138
156
155
143
4
140
818
158
145
4
140
818
461
158
4
140
411
365
794
4
140
365
411
117
4
141
772
173
427
4
141
408
404
431
4
141
431
404
427
4
142
371
372
493
4
143
138
149
155
4
143
161
155
149
4
143
161
156
155
4
144
823
131
181
4
144
191
823
181
4
145
646
335
437
4
146
170
160
159
4
146
463
170
159
4
146
160
170
851
4
146
163
851
672
4
146
672
438
163
4
146
170
463
672
4
149
168
161
155
4
150
885
839
153
4
150
153
798
885
4
150
856
167
772
4
150
885
404
402
4
150
856
889
167
4
709
396
683
139
4
457
656
373
483
4
482
307
542
737
4
307
482
612
737
4
152
153
399
813
4
152
813
322
153
4
152
156
153
322
4
152
703
595
156
4
152
577
585
193
4
152
193
703
577
4
152
577
702
585
4
152
399
702
813
4
152
577
813
702
4
153
885
839
400
4
153
426
885
400
4
155
156
168
161
4
156
175
168
161
4
156
164
143
153
4
156
322
164
153
4
156
161
164
175
4
156
322
175
164
4
156
168
175
595
4
159
846
170
160
4
199
846
177
631
4
153
164
798
322
4
163
631
177
851
4
163
851
672
631
4
409
432
732
572
4
297
740
472
393
4
297
470
756
395
4
164
192
557
175
4
165
856
167
184
4
403
299
556
310
4
141
173
789
427
4
141
334
789
179
4
403
310
556
407
4
141
179
431
334
4
141
334
427
789
4
141
334
431
427
4
170
199
846
171
4
221
785
745
231
4
231
250
566
605
4
171
846
187
199
4
200
571
171
187
4
320
172
662
333
4
173
869
198
188
4
175
436
780
192
4
308
727
394
83
4
459
316
439
186
4
302
871
457
316
4
178
776
434
583
4
178
583
786
776
4
786
776
334
201
4
231
253
346
566
4
604
151
434
459
4
178
604
415
630
4
179
188
786
334
4
179
776
434
431
4
179
431
334
776
4
294
318
124
588
4
891
527
807
561
4
207
390
362
222
4
222
822
390
669
4
183
596
351
195
4
184
192
210
446
4
184
856
167
557
4
507
418
505
319
4
266
811
319
658
4
266
319
811
521
4
487
488
319
505
4
185
838
202
203
4
319
811
418
505
4
320
410
828
433
4
93
145
646
335
4
320
172
157
662
4
320
662
157
679
4
592
459
151
878
4
845
57
347
597
4
186
652
459
204
4
186
692
454
227
4
186
652
439
459
4
186
439
652
692
4
188
198
841
869
4
190
223
639
483
4
638
212
351
195
4
191
202
203
208
4
191
211
208
203
4
192
446
220
210
4
193
197
436
618
4
193
618
800
197
4
193
436
442
618
4
193
849
800
581
4
299
802
321
444
4
193
581
442
577
4
193
442
581
618
4
662
879
722
333
4
879
157
722
829
4
321
617
444
802
4
197
618
217
209
4
197
618
235
217
4
171
571
199
187
4
201
239
714
216
4
201
714
239
475
4
152
703
322
813
4
175
192
557
436
4
206
478
230
212
4
206
223
790
481
4
206
481
790
230
4
206
195
441
212
4
207
465
221
215
4
207
231
390
222
4
572
328
544
732
4
207
221
390
231
4
209
217
821
618
4
209
618
821
591
4
209
220
636
591
4
209
192
436
570
4
209
192
570
220
4
210
446
220
470
4
212
478
233
804
4
212
804
351
478
4
212
230
233
478
4
332
664
640
250
4
332
707
658
245
4
213
659
236
222
4
213
222
669
822
4
213
659
245
236
4
213
822
226
245
4
194
333
458
456
4
433
333
456
871
4
213
573
226
822
4
215
221
229
465
4
215
229
235
486
4
215
486
465
229
4
215
235
581
486
4
215
783
853
773
4
215
486
581
465
4
334
453
714
201
4
217
235
242
618
4
218
469
723
219
4
218
723
627
233
4
828
433
335
320
4
218
469
627
723
4
219
469
710
226
4
322
426
885
153
4
219
469
226
214
4
322
442
889
426
4
222
236
240
659
4
222
240
231
605
4
222
605
231
390
4
223
224
790
674
4
223
224
674
483
4
52
417
716
339
4
716
361
417
331
4
223
458
639
481
4
223
483
481
639
4
339
124
111
385
4
224
227
243
499
4
224
499
483
227
4
82
111
355
339
4
225
246
711
248
4
225
796
711
246
4
226
822
710
245
4
227
499
635
243
4
227
499
440
635
4
227
440
483
454
4
227
483
440
499
4
228
512
491
693
4
228
720
857
248
4
228
720
512
857
4
223
639
574
342
4
229
872
244
235
4
229
872
252
244
4
229
252
486
346
4
190
342
639
223
4
230
233
478
862
4
230
237
255
580
4
230
580
481
237
4
230
495
255
862
4
230
255
495
580
4
230
888
478
206
4
230
888
481
580
4
343
344
662
157
4
343
679
157
662
4
163
715
873
344
4
163
715
344
345
4
232
440
867
602
4
232
796
867
440
4
233
247
490
862
4
233
862
627
478
4
234
398
651
241
4
234
241
671
398
4
234
491
550
593
4
235
485
244
242
4
235
244
485
872
4
235
618
581
485
4
235
486
485
581
4
236
332
250
240
4
236
659
332
240
4
237
854
259
787
4
237
653
259
255
4
854
259
787
842
4
237
481
674
858
4
238
775
710
535
4
238
775
535
699
4
238
810
490
247
4
535
699
506
810
4
240
250
231
605
4
241
651
395
398
4
242
244
254
485
4
243
257
877
842
4
703
442
193
436
4
245
707
658
797
4
183
654
784
345
4
346
253
252
819
4
247
255
264
495
4
247
264
510
495
4
248
712
246
711
4
251
525
277
266
4
251
266
506
751
4
251
676
277
525
4
251
506
510
751
4
251
676
751
510
4
135
166
154
350
4
135
148
799
350
4
351
441
195
212
4
253
250
479
566
4
254
412
855
256
4
255
663
653
259
4
255
495
653
663
4
256
713
272
268
4
256
271
272
713
4
256
713
252
271
4
256
819
412
855
4
256
713
819
252
4
257
259
842
876
4
705
362
207
390
4
640
319
250
664
4
258
587
717
859
4
258
805
587
735
4
259
787
842
517
4
261
515
668
265
4
261
685
587
717
4
262
870
503
263
4
262
870
550
503
4
263
268
279
777
4
367
515
608
512
4
250
479
566
640
4
265
668
274
657
4
265
516
657
274
4
266
506
811
658
4
579
620
392
473
4
368
504
507
502
4
268
272
280
283
4
268
272
283
814
4
268
814
713
272
4
268
730
777
502
4
269
270
285
848
4
269
531
291
278
4
269
278
519
814
4
269
285
291
531
4
269
848
875
270
4
269
519
848
814
4
270
266
282
521
4
270
282
285
521
4
271
713
278
272
4
272
278
283
814
4
272
814
713
278
4
273
274
657
528
4
273
480
685
587
4
273
587
526
480
4
274
528
516
657
4
266
277
282
521
4
266
277
521
525
4
430
882
747
369
4
266
811
506
751
4
266
525
521
811
4
276
525
281
277
4
511
767
538
868
4
370
626
484
467
4
444
370
484
467
4
273
600
471
526
4
277
281
820
525
4
277
820
284
282
4
277
282
521
820
4
282
284
289
820
4
277
525
820
521
4
278
531
288
283
4
278
283
814
531
4
278
531
291
288
4
279
526
524
281
4
279
280
286
866
4
279
777
524
526
4
279
866
524
268
4
280
283
288
531
4
281
524
525
750
4
281
276
750
525
4
282
820
289
285
4
282
285
521
820
4
289
287
292
820
4
284
820
287
289
4
280
531
290
286
4
280
288
290
531
4
285
289
291
820
4
286
866
292
287
4
286
290
292
531
4
288
531
291
290
4
289
820
292
291
4
290
291
292
531
4
455
656
296
416
4
373
307
482
612
4
656
835
423
476
4
207
705
390
465
4
444
705
465
275
4
275
390
465
745
4
293
360
758
623
4
34
806
391
329
4
34
391
806
293
4
329
359
391
330
4
330
360
359
391
4
391
293
360
359
4
467
484
522
626
4
610
508
504
392
4
522
504
503
393
4
830
412
486
485
4
466
523
831
522
4
522
502
503
504
4
467
522
311
486
4
409
432
572
394
4
406
613
545
410
4
394
613
432
864
4
393
395
550
503
4
241
395
503
398
4
466
536
831
523
4
709
434
396
139
4
139
434
396
732
4
396
151
328
434
4
410
433
397
828
4
828
565
433
397
4
410
397
433
613
4
397
433
613
565
4
347
33
35
41
4
440
737
612
482
4
440
483
754
499
4
234
756
708
398
4
234
398
550
491
4
398
470
395
756
4
314
23
530
303
4
23
530
894
331
4
860
496
492
491
4
475
496
860
491
4
522
412
503
502
4
426
889
414
442
4
426
443
442
414
4
414
421
443
442
4
300
453
415
475
4
178
201
415
776
4
416
373
307
482
4
416
482
459
373
4
52
82
417
339
4
339
534
355
417
4
417
534
355
518
4
309
326
327
736
4
309
753
736
327
4
309
726
327
326
4
309
533
753
327
4
309
327
726
330
4
78
519
418
875
4
875
848
519
418
4
418
519
520
848
4
393
550
504
503
4
419
505
610
861
4
313
338
317
314
4
313
314
312
338
4
313
317
338
340
4
610
505
508
861
4
313
312
337
338
4
314
315
23
303
4
314
341
338
317
4
314
338
530
312
4
314
530
338
303
4
315
303
336
23
4
317
340
341
338
4
539
615
474
422
4
487
419
368
420
4
487
420
834
419
4
450
421
552
297
4
421
831
467
466
4
402
885
413
426
4
420
422
487
834
4
445
447
553
500
4
422
625
488
487
4
423
615
473
476
4
423
825
476
473
4
323
881
326
324
4
324
749
533
325
4
324
325
744
749
4
680
106
529
667
4
326
324
881
327
4
326
357
47
329
4
632
356
352
75
4
324
327
353
881
4
325
417
749
533
4
329
391
726
330
4
329
359
357
47
4
330
530
312
752
4
330
331
533
360
4
330
530
391
312
4
331
361
417
533
4
331
533
360
361
4
312
337
338
293
4
312
293
530
391
4
331
363
530
894
4
331
361
360
363
4
337
364
340
338
4
337
338
293
364
4
338
748
340
341
4
338
341
303
748
4
338
364
623
293
4
341
748
365
303
4
106
376
529
667
4
353
378
768
354
4
353
354
529
378
4
353
357
358
887
4
354
892
518
355
4
354
355
667
892
4
354
768
353
749
4
354
529
378
379
4
355
667
892
380
4
356
382
359
357
4
357
887
359
358
4
358
359
360
887
4
518
770
534
355
4
518
355
892
770
4
358
360
361
891
4
355
770
380
892
4
359
887
758
360
4
361
360
363
891
4
363
117
561
411
4
361
294
763
895
4
294
527
891
561
4
360
411
623
363
4
360
411
758
623
4
360
758
388
887
4
363
117
411
365
4
435
537
448
792
4
435
351
441
195
4
183
195
351
435
4
460
400
399
129
4
871
437
457
316
4
437
172
333
574
4
639
457
458
437
4
375
886
378
376
4
376
378
379
886
4
354
667
529
892
4
376
407
886
379
4
302
316
457
439
4
439
373
457
302
4
439
457
373
483
4
377
741
382
378
4
377
378
375
741
4
377
381
382
883
4
377
741
883
382
4
378
382
383
741
4
378
741
406
375
4
379
768
384
757
4
380
770
385
563
4
381
386
387
883
4
382
727
387
383
4
382
381
387
883
4
382
409
883
387
4
382
741
883
409
4
383
545
893
384
4
383
387
388
727
4
383
545
727
388
4
384
385
563
410
4
384
893
734
545
4
448
351
766
537
4
380
563
132
684
4
456
441
474
477
4
441
477
478
474
4
386
139
683
673
4
387
308
389
388
4
318
582
561
117
4
449
450
446
769
4
433
301
305
456
4
433
333
301
456
4
34
293
806
648
4
648
34
293
64
4
452
438
163
146
4
454
440
612
482
4
183
596
654
351
4
435
448
537
351
4
183
351
654
435
4
221
465
346
229
4
229
346
486
465
4
486
346
311
465
4
461
83
388
389
4
461
388
83
700
4
411
388
389
461
4
222
462
240
236
4
403
299
555
401
4
402
404
405
885
4
402
429
885
405
4
404
405
885
746
4
405
746
429
885
4
684
343
563
132
4
684
163
310
873
4
406
410
407
613
4
308
388
727
83
4
551
463
142
372
4
545
397
394
700
4
410
613
433
407
4
796
246
225
464
4
796
464
232
867
4
622
310
180
802
4
622
447
802
180
4
622
310
306
180
4
622
447
180
554
4
139
396
683
673
4
628
496
415
475
4
409
732
432
746
4
545
727
700
394
4
201
628
475
816
4
628
816
496
475
4
647
83
328
151
4
647
151
328
396
4
222
695
462
236
4
468
113
115
670
4
578
670
136
134
4
113
372
468
68
4
551
68
468
372
4
31
680
325
42
4
31
680
744
325
4
325
744
749
354
4
106
438
121
376
4
253
479
269
519
4
875
269
519
848
4
273
528
685
480
4
273
480
526
528
4
467
311
522
484
4
78
368
507
502
4
296
492
729
611
4
424
426
299
731
4
424
791
731
299
4
484
275
465
745
4
484
487
420
500
4
484
487
368
420
4
484
465
311
745
4
484
368
487
78
4
426
889
885
414
4
426
413
414
885
4
142
371
493
607
4
557
446
436
192
4
429
430
413
882
4
371
493
399
401
4
163
310
873
622
4
406
613
430
747
4
429
882
747
430
4
430
369
747
613
4
430
433
554
369
4
344
435
722
157
4
662
157
722
879
4
157
435
722
829
4
328
459
434
151
4
493
425
424
401
4
500
420
422
487
4
500
488
487
422
4
192
570
446
436
4
192
446
570
220
4
442
446
889
552
4
443
626
413
370
4
443
444
783
467
4
705
390
465
275
4
617
444
802
275
4
214
226
573
469
4
450
836
453
429
4
450
882
421
297
4
450
449
453
769
4
446
536
636
220
4
882
297
626
421
4
882
626
297
472
4
511
767
868
447
4
511
447
370
767
4
882
626
472
511
4
554
180
538
868
4
447
616
445
553
4
448
553
573
445
4
448
469
766
351
4
501
512
608
735
4
457
456
835
477
4
456
457
458
477
4
456
206
477
458
4
456
477
474
615
4
455
457
835
656
4
457
656
476
835
4
458
206
477
481
4
368
504
610
507
4
507
730
504
610
4
507
505
418
742
4
457
476
656
624
4
302
416
656
455
4
369
836
762
882
4
444
370
413
802
4
466
467
830
522
4
467
522
486
830
4
617
445
390
500
4
467
311
465
486
4
467
465
311
484
4
390
745
231
221
4
390
745
605
231
4
226
573
469
743
4
220
241
536
636
4
466
522
831
467
4
617
500
447
445
4
469
766
627
169
4
469
723
169
627
4
325
518
749
417
4
325
749
518
354
4
354
768
749
518
4
473
755
476
615
4
474
888
477
478
4
474
298
547
422
4
474
547
298
489
4
472
473
392
739
4
64
293
728
795
4
330
360
530
331
4
330
360
391
530
4
473
611
825
476
4
530
293
360
391
4
476
611
755
473
4
477
580
890
481
4
832
501
550
492
4
522
504
368
502
4
522
368
504
392
4
522
393
392
504
4
472
300
740
475
4
523
503
393
522
4
241
503
395
523
4
825
476
611
733
4
523
395
393
503
4
476
825
624
733
4
476
733
494
611
4
796
246
567
711
4
483
498
754
499
4
588
410
385
527
4
527
410
385
384
4
527
384
893
734
4
744
353
529
349
4
744
529
353
354
4
485
819
412
486
4
486
252
819
346
4
221
346
785
231
4
231
250
253
566
4
605
664
250
319
4
487
505
625
488
4
530
338
303
623
4
473
620
739
611
4
473
620
392
739
4
312
293
338
530
4
293
623
338
530
4
494
833
759
764
4
489
490
810
495
4
492
884
729
611
4
492
611
832
884
4
492
496
609
367
4
492
884
367
729
4
492
832
501
884
4
494
514
498
495
4
494
495
764
514
4
494
733
498
514
4
494
514
764
759
4
711
712
246
567
4
498
497
499
629
4
498
896
629
499
4
315
760
532
303
4
303
365
341
532
4
246
567
712
686
4
178
434
415
604
4
432
864
300
544
4
416
373
459
302
4
626
420
473
370
4
626
579
392
473
4
882
511
472
762
4
626
472
473
392
4
626
420
579
473
4
413
626
882
511
4
443
626
421
413
4
414
889
421
442
4
442
552
889
421
4
402
429
430
413
4
250
640
566
319
4
502
730
504
507
4
505
418
742
811
4
309
330
533
327
4
309
533
330
681
4
550
870
501
504
4
508
505
610
524
4
505
751
509
506
4
505
508
509
524
4
505
524
811
742
4
505
811
524
525
4
506
509
510
751
4
504
526
501
508
4
508
509
524
750
4
508
501
513
480
4
508
750
480
513
4
509
276
682
721
4
509
721
525
276
4
509
276
750
682
4
509
525
750
276
4
512
480
515
608
4
512
608
735
480
4
513
528
516
514
4
682
276
471
267
4
534
763
361
339
4
339
361
534
417
4
417
361
534
358
4
358
895
361
534
4
534
763
895
361
4
503
870
550
504
4
469
723
535
169
4
169
535
489
490
4
238
490
535
723
4
238
535
490
810
4
535
489
490
810
4
651
395
470
536
4
450
769
552
446
4
446
470
536
220
4
450
552
769
297
4
220
651
470
536
4
536
470
297
395
4
281
524
750
526
4
281
276
471
750
4
537
456
441
474
4
369
455
538
762
4
433
863
554
369
4
433
554
863
305
4
762
473
455
538
4
538
455
423
473
4
301
539
305
456
4
539
305
456
615
4
539
474
615
456
4
301
456
537
539
4
539
474
456
537
4
303
363
365
644
4
530
360
293
623
4
60
778
532
774
4
23
793
530
752
4
360
891
411
363
4
360
388
758
411
4
296
300
542
492
4
860
542
492
496
4
296
492
542
729
4
542
492
496
609
4
83
302
544
459
4
83
328
459
544
4
544
459
434
328
4
544
459
415
434
4
544
416
459
302
4
387
727
308
388
4
139
396
673
732
4
383
757
545
384
4
384
545
410
757
4
610
505
742
524
4
523
522
412
503
4
469
547
169
743
4
547
743
488
625
4
445
500
553
573
4
547
625
488
422
4
426
443
414
413
4
413
421
443
414
4
299
413
802
444
4
1
706
313
11
4
10
16
309
14
4
121
438
401
376
4
438
555
401
403
4
637
817
325
24
4
48
91
81
543
4
107
103
386
661
4
392
508
504
832
4
393
392
504
832
4
298
549
489
506
4
304
505
549
298
4
861
505
508
549
4
549
489
506
764
4
549
505
508
509
4
131
823
182
181
4
234
398
671
550
4
443
467
421
626
4
552
421
466
831
4
552
536
466
765
4
442
446
552
765
4
552
466
536
831
4
442
466
552
421
4
447
616
553
539
4
448
766
469
553
4
553
547
766
469
4
553
539
474
422
4
553
547
422
474
4
177
187
199
571
4
604
151
459
878
4
554
447
180
868
4
538
511
868
180
4
163
438
555
672
4
555
672
321
163
4
342
437
646
145
4
556
430
402
406
4
556
430
413
402
4
233
238
490
247
4
708
470
216
210
4
236
332
659
245
4
253
678
519
269
4
698
228
512
857
4
6
317
20
621
4
827
6
606
558
4
37
897
56
41
4
50
59
72
687
4
86
76
840
101
4
123
614
109
127
4
218
627
469
351
4
351
478
627
441
4
351
469
766
627
4
164
167
557
568
4
167
184
557
568
4
164
557
167
322
4
167
889
557
856
4
199
171
462
695
4
701
63
72
597
4
7
558
606
691
4
700
561
388
807
4
891
807
388
561
4
117
294
361
561
4
108
839
562
374
4
788
532
341
365
4
801
563
679
157
4
407
343
410
563
4
563
679
157
343
4
495
255
264
663
4
495
264
510
514
4
564
459
316
83
4
564
83
151
459
4
151
459
592
564
4
459
564
316
186
4
295
302
565
83
4
394
864
432
572
4
295
83
565
700
4
700
565
394
83
4
487
319
566
78
4
78
519
875
566
4
311
78
566
253
4
253
519
78
566
4
440
482
567
737
4
651
470
210
220
4
461
561
388
700
4
461
411
388
561
4
686
516
515
265
4
686
567
515
516
4
686
260
516
265
4
629
516
686
260
4
387
308
409
883
4
883
409
732
308
4
209
570
636
220
4
570
765
446
442
4
570
446
636
220
4
253
566
479
519
4
540
48
37
70
4
540
26
37
48
4
640
266
270
521
4
640
521
270
875
4
266
640
319
521
4
640
521
875
319
4
403
684
310
407
4
407
684
310
306
4
308
83
572
328
4
308
394
572
83
4
294
124
339
385
4
339
763
361
294
4
213
669
573
822
4
213
573
669
214
4
699
238
576
810
4
251
576
641
510
4
577
581
849
193
4
577
731
426
424
4
548
88
578
468
4
610
508
392
620
4
419
861
610
620
4
420
419
368
579
4
522
368
392
579
4
484
420
368
579
4
580
237
255
653
4
580
858
481
237
4
580
255
495
653
4
774
86
44
39
4
12
753
36
24
4
36
52
417
716
4
845
347
38
33
4
581
467
421
443
4
275
420
370
447
4
845
38
347
57
4
57
845
38
55
4
582
145
646
93
4
845
55
597
63
4
64
293
337
34
4
437
458
871
457
4
437
333
871
458
4
574
458
194
333
4
671
503
263
262
4
295
316
302
83
4
316
302
871
295
4
540
37
56
70
4
540
70
56
43
4
61
632
75
356
4
336
39
76
86
4
142
493
372
463
4
585
577
849
193
4
585
853
773
215
4
586
503
263
671
4
258
512
587
859
4
258
587
512
735
4
261
515
874
587
4
587
480
515
512
4
587
512
735
480
4
588
410
93
320
4
801
320
157
679
4
601
45
54
865
4
36
417
325
533
4
267
589
274
517
4
591
843
242
249
4
591
249
594
843
4
273
526
471
528
4
601
54
60
865
4
597
845
57
55
4
592
564
697
158
4
186
459
592
204
4
592
459
186
564
4
193
581
800
618
4
297
395
756
393
4
831
395
297
393
4
258
262
550
593
4
698
693
512
228
4
594
523
536
466
4
594
466
618
830
4
595
168
175
197
4
201
453
714
475
4
449
453
769
714
4
453
714
475
769
4
152
577
703
813
4
577
443
442
426
4
460
399
400
401
4
596
638
351
195
4
63
59
701
72
4
643
29
19
17
4
206
441
477
478
4
44
643
65
774
4
643
774
778
60
4
591
241
594
249
4
598
339
124
111
4
82
111
339
598
4
694
95
781
366
4
600
279
281
526
4
64
795
728
118
4
590
526
279
600
4
341
601
532
788
4
227
602
635
440
4
64
337
293
795
4
635
602
260
629
4
174
603
560
425
4
178
434
604
583
4
134
146
463
670
4
222
822
605
390
4
240
250
605
664
4
500
487
488
605
4
5
803
606
6
4
5
606
803
689
4
606
26
28
704
4
606
6
28
558
4
606
558
28
26
4
694
748
341
340
4
607
152
399
702
4
492
884
608
367
4
367
724
513
608
4
492
501
608
884
4
501
608
513
480
4
608
480
724
513
4
482
542
738
737
4
492
609
729
367
4
609
497
367
516
4
542
492
609
729
4
482
567
737
738
4
609
516
567
497
4
368
610
505
507
4
507
742
610
505
4
473
620
611
755
4
611
514
733
494
4
611
494
759
514
4
440
754
483
612
4
186
692
652
454
4
454
440
483
612
4
565
433
613
863
4
430
369
613
433
4
613
433
369
863
4
163
715
622
873
4
792
537
448
616
4
616
766
537
448
4
616
448
445
553
4
616
448
553
766
4
321
445
617
447
4
299
310
321
802
4
310
413
180
802
4
299
413
310
802
4
833
755
494
759
4
610
620
861
508
4
755
759
611
494
4
522
311
502
78
4
522
368
78
502
4
146
672
463
438
4
493
425
401
555
4
500
743
547
469
4
500
488
422
547
4
573
500
469
743
4
621
317
20
15
4
201
475
415
453
4
201
415
475
628
4
76
339
124
598
4
76
124
339
294
4
622
616
447
554
4
622
445
447
616
4
622
445
321
447
4
140
794
365
95
4
11
313
690
25
4
312
337
34
690
4
303
365
363
623
4
293
364
623
728
4
623
411
365
363
4
623
411
728
364
4
120
365
117
101
4
12
681
753
309
4
309
753
533
681
4
12
36
753
681
4
36
716
417
331
4
457
624
656
483
4
624
890
483
481
4
624
498
754
483
4
120
365
140
117
4
130
118
364
366
4
120
365
95
140
4
169
625
489
535
4
625
298
489
506
4
547
169
625
489
4
547
625
298
489
4
626
472
392
393
4
626
297
472
393
4
421
626
882
413
4
889
446
450
552
4
414
450
421
889
4
889
552
450
421
4
402
429
413
885
4
885
428
429
414
4
885
413
414
429
4
162
154
147
131
4
375
376
556
886
4
281
526
750
471
4
550
735
512
501
4
234
550
671
593
4
627
474
478
888
4
441
627
474
478
4
535
245
710
488
4
535
245
488
797
4
440
499
497
629
4
440
497
567
629
4
497
516
567
629
4
646
172
437
574
4
342
437
574
646
4
630
459
415
482
4
630
482
415
738
4
630
660
204
482
4
630
482
738
225
4
630
204
459
482
4
334
431
428
453
4
199
631
177
445
4
199
362
560
631
4
219
469
214
448
4
448
214
573
469
4
323
352
632
326
4
326
357
352
632
4
357
632
326
61
4
633
665
385
124
4
564
818
316
697
4
564
158
818
697
4
408
431
434
732
4
408
434
139
732
4
179
650
431
434
4
618
485
242
591
4
226
743
469
710
4
238
710
723
535
4
535
710
469
743
4
635
499
257
243
4
471
600
281
526
4
581
466
467
830
4
581
486
830
467
4
582
93
646
320
4
487
319
605
566
4
231
605
785
745
4
487
488
605
319
4
209
636
618
591
4
765
536
466
636
4
209
570
618
636
4
570
446
765
636
4
594
536
636
466
4
196
166
181
559
4
362
390
669
222
4
362
617
445
390
4
199
669
222
362
4
31
42
325
637
4
804
212
351
638
4
196
166
559
850
4
596
218
351
638
4
639
316
457
437
4
639
439
457
316
4
439
639
457
483
4
172
879
662
333
4
320
335
333
433
4
274
273
471
528
4
332
658
266
640
4
266
319
640
658
4
641
576
264
510
4
642
878
459
204
4
642
660
204
630
4
642
204
459
630
4
199
170
846
631
4
19
778
29
643
4
199
631
560
170
4
123
614
815
135
4
135
350
154
815
4
231
566
785
605
4
231
566
346
785
4
108
562
125
374
4
374
125
377
562
4
108
808
374
125
4
705
174
207
362
4
645
274
517
516
4
589
645
274
517
4
425
424
362
174
4
582
646
172
320
4
389
83
308
647
4
647
389
575
112
4
784
183
596
654
4
156
703
595
175
4
703
436
193
175
4
183
829
435
157
4
141
650
431
179
4
652
204
847
482
4
652
482
459
204
4
652
482
373
459
4
652
373
482
612
4
652
612
482
454
4
237
787
259
653
4
653
517
787
259
4
653
495
498
514
4
580
237
653
858
4
580
653
495
498
4
345
448
792
654
4
654
448
189
345
4
792
448
435
654
4
654
596
448
351
4
654
351
448
435
4
189
654
596
448
4
113
468
104
68
4
186
692
227
655
4
655
483
227
224
4
410
397
613
545
4
397
613
394
565
4
191
211
203
196
4
196
211
205
191
4
656
416
307
296
4
455
656
423
296
4
656
825
476
423
4
265
668
657
515
4
265
516
515
657
4
273
657
685
528
4
657
724
516
515
4
156
164
161
143
4
484
368
522
579
4
484
368
78
522
4
658
505
319
488
4
332
658
488
245
4
245
658
488
797
4
137
411
389
461
4
461
647
83
389
4
647
389
461
575
4
575
389
461
137
4
484
420
370
275
4
447
420
615
422
4
420
615
422
304
4
669
500
390
445
4
362
390
445
669
4
199
445
669
362
4
419
579
304
620
4
420
579
304
419
4
553
447
422
500
4
553
500
422
547
4
20
541
15
601
4
213
822
659
222
4
213
822
245
659
4
222
659
240
605
4
332
664
250
240
4
659
664
332
240
4
659
332
488
245
4
630
225
660
482
4
482
464
225
660
4
661
103
386
139
4
352
125
356
377
4
511
370
626
473
4
413
626
511
370
4
369
511
538
180
4
554
369
538
180
4
626
297
393
831
4
206
481
458
223
4
626
484
522
579
4
206
441
195
194
4
626
393
392
522
4
241
523
395
536
4
536
395
297
831
4
306
433
662
301
4
320
433
662
410
4
343
306
433
662
4
343
410
662
433
4
433
662
301
333
4
320
333
662
433
4
153
322
798
885
4
322
889
442
557
4
322
557
167
889
4
463
603
425
170
4
663
259
589
517
4
663
267
514
517
4
332
488
658
664
4
658
319
664
488
4
605
488
664
319
4
659
605
664
240
4
659
488
332
664
4
665
172
157
320
4
665
320
157
801
4
633
157
801
665
4
48
49
543
666
4
48
543
81
666
4
49
666
102
543
4
543
666
102
81
4
42
94
667
355
4
42
667
325
355
4
178
677
642
630
4
261
685
717
668
4
178
630
415
628
4
668
273
274
657
4
668
273
657
685
4
482
464
660
204
4
482
204
847
464
4
209
436
618
570
4
557
446
442
436
4
436
570
446
442
4
78
875
418
319
4
319
521
875
418
4
78
875
319
566
4
669
445
573
500
4
669
199
571
445
4
74
145
561
93
4
140
145
561
818
4
551
468
670
372
4
670
146
463
438
4
551
670
463
372
4
578
468
670
551
4
254
249
843
412
4
672
170
463
425
4
672
425
493
555
4
672
463
493
425
4
82
598
339
52
4
371
401
399
460
4
672
170
425
631
4
425
362
321
672
4
672
631
425
362
4
386
683
389
387
4
386
387
883
673
4
673
396
683
387
4
387
673
308
883
4
883
732
673
308
4
224
674
483
499
4
674
481
483
890
4
674
499
498
483
4
42
675
94
355
4
675
82
94
355
4
676
276
277
525
4
676
276
525
721
4
676
641
276
721
4
677
225
660
630
4
677
630
628
225
4
678
278
519
269
4
278
519
271
678
4
320
662
679
410
4
343
410
679
662
4
385
563
410
679
4
563
410
679
343
4
588
385
410
679
4
588
320
679
410
4
500
487
605
745
4
376
438
401
403
4
718
217
209
197
4
264
510
514
682
4
509
682
514
510
4
509
682
750
514
4
514
682
528
267
4
581
443
442
577
4
581
442
443
421
4
386
683
387
673
4
673
308
396
387
4
647
396
389
683
4
647
396
308
389
4
112
647
389
683
4
458
871
457
456
4
128
684
452
438
4
855
252
256
819
4
535
506
699
775
4
707
251
266
506
4
396
328
732
434
4
647
83
308
328
4
647
328
308
396
4
753
325
36
24
4
753
36
325
533
4
261
515
587
685
4
685
480
515
587
4
685
724
515
480
4
685
657
515
724
4
261
515
685
668
4
668
685
657
515
4
260
257
635
876
4
602
629
686
260
4
671
241
503
398
4
671
550
503
262
4
50
687
72
66
4
105
136
134
688
4
688
578
136
134
4
484
311
522
78
4
601
865
788
781
4
341
788
365
781
4
618
442
581
466
4
800
581
235
618
4
11
312
34
690
4
690
34
49
337
4
301
537
616
539
4
539
474
537
766
4
691
25
26
704
4
691
26
606
704
4
691
558
606
26
4
493
555
401
438
4
500
447
422
420
4
275
420
447
500
4
281
820
284
277
4
553
500
547
469
4
281
866
524
279
4
146
851
170
672
4
160
851
177
846
4
851
170
672
631
4
281
820
287
284
4
692
483
454
227
4
612
439
373
483
4
692
439
612
483
4
692
483
612
454
4
692
483
227
655
4
693
593
491
234
4
436
197
209
618
4
695
236
222
213
4
645
265
274
516
4
48
81
70
540
4
47
648
451
103
4
598
76
339
52
4
592
564
186
697
4
564
697
316
186
4
569
186
316
697
4
42
325
667
680
4
680
667
529
354
4
258
698
512
859
4
258
593
512
698
4
705
207
215
465
4
705
215
783
465
4
803
28
606
6
4
699
251
506
510
4
251
699
576
510
4
699
506
251
707
4
74
397
700
295
4
74
295
700
461
4
461
83
295
700
4
223
674
790
481
4
223
674
481
483
4
546
63
701
597
4
403
299
310
321
4
403
555
299
321
4
222
659
605
822
4
659
488
664
605
4
634
812
126
73
4
652
439
373
612
4
652
439
612
692
4
424
607
702
174
4
174
424
585
702
4
152
322
703
156
4
156
322
703
175
4
322
436
557
442
4
25
666
48
704
4
704
694
71
28
4
704
48
81
666
4
704
694
81
71
4
606
704
28
803
4
444
362
705
617
4
617
362
705
390
4
791
174
705
362
4
706
313
7
5
4
876
645
517
516
4
876
629
896
499
4
260
876
635
629
4
260
516
645
876
4
332
266
658
707
4
707
266
658
506
4
95
365
120
788
4
532
60
774
880
4
151
396
647
709
4
151
434
396
709
4
112
575
647
709
4
604
434
151
709
4
788
101
365
120
4
42
128
106
667
4
113
116
372
68
4
649
126
607
399
4
548
77
88
468
4
225
711
496
248
4
225
482
738
796
4
248
720
711
496
4
482
796
567
738
4
74
335
93
828
4
74
828
295
335
4
74
93
397
828
4
74
828
397
295
4
818
561
461
74
4
818
145
561
74
4
118
366
130
102
4
126
460
371
399
4
578
88
688
468
4
666
366
337
102
4
111
633
385
124
4
712
248
261
720
4
712
261
265
515
4
334
453
449
714
4
334
841
869
188
4
137
118
364
130
4
210
449
446
470
4
715
448
792
345
4
715
448
616
792
4
715
445
616
448
4
345
448
189
715
4
618
570
442
466
4
618
436
442
570
4
32
331
894
716
4
32
716
36
331
4
162
181
154
131
4
258
587
805
717
4
717
685
587
273
4
717
685
273
668
4
578
670
134
463
4
873
306
301
622
4
873
616
622
301
4
873
306
344
301
4
873
792
301
344
4
873
792
616
301
4
407
684
306
343
4
551
142
634
372
4
407
343
563
684
4
719
30
47
329
4
719
329
47
34
4
720
515
874
261
4
264
510
682
721
4
509
721
682
510
4
509
510
751
721
4
641
264
721
510
4
676
721
751
510
4
676
641
721
510
4
256
502
503
412
4
818
145
316
569
4
263
586
256
503
4
586
412
256
503
4
666
694
366
81
4
366
364
340
337
4
666
340
337
366
4
194
722
333
456
4
194
722
441
195
4
722
456
537
301
4
722
301
333
456
4
722
435
441
195
4
643
44
29
17
4
723
469
710
219
4
723
233
238
490
4
663
495
653
514
4
663
517
514
653
4
495
663
264
514
4
603
170
560
425
4
174
207
215
705
4
571
177
445
199
4
178
642
604
630
4
574
194
458
206
4
213
226
573
214
4
213
571
214
669
4
201
475
239
816
4
574
206
458
223
4
574
458
639
223
4
225
816
496
628
4
254
249
242
843
4
576
238
247
810
4
576
247
264
510
4
260
876
645
257
4
590
258
262
870
4
590
735
805
258
4
260
265
645
516
4
590
262
263
870
4
286
279
866
281
4
286
281
866
287
4
782
597
546
89
4
782
55
546
597
4
725
599
84
66
4
91
725
84
70
4
329
327
357
359
4
47
359
357
356
4
601
865
60
788
4
480
528
724
513
4
513
724
516
528
4
657
528
516
724
4
685
528
724
480
4
685
657
724
528
4
21
726
326
329
4
575
389
118
112
4
103
683
139
112
4
144
584
154
131
4
162
131
182
181
4
123
135
584
614
4
575
461
158
137
4
409
394
308
727
4
383
382
727
741
4
383
545
741
727
4
545
409
727
394
4
387
409
308
727
4
883
732
746
408
4
386
883
408
673
4
883
673
732
408
4
583
434
709
139
4
574
333
194
172
4
118
137
728
389
4
137
728
389
411
4
293
728
758
389
4
758
411
389
728
4
101
532
788
365
4
296
729
307
611
4
307
611
729
497
4
296
729
542
307
4
542
307
729
497
4
171
695
213
200
4
190
145
437
342
4
40
349
348
881
4
881
352
349
348
4
171
695
199
213
4
268
713
730
502
4
507
520
730
610
4
502
713
730
507
4
730
610
520
524
4
870
526
501
504
4
78
713
418
519
4
713
418
519
520
4
496
225
248
816
4
581
466
830
618
4
581
486
485
830
4
586
249
254
412
4
244
855
872
252
4
678
519
271
253
4
589
257
645
876
4
589
257
876
259
4
590
263
279
777
4
215
783
581
853
4
731
426
413
443
4
731
444
443
413
4
577
443
426
731
4
251
641
676
510
4
267
274
471
528
4
375
405
406
402
4
129
839
460
400
4
375
402
401
400
4
129
374
460
839
4
460
401
400
375
4
597
546
63
55
4
599
56
809
70
4
599
85
809
56
4
330
533
327
360
4
533
358
360
361
4
274
528
517
516
4
274
517
528
267
4
514
516
517
528
4
514
267
528
517
4
681
533
330
331
4
307
733
611
497
4
733
307
754
497
4
733
498
497
754
4
614
131
147
154
4
159
134
696
146
4
619
191
823
144
4
410
397
734
93
4
588
410
734
93
4
588
93
734
318
4
384
734
410
545
4
410
734
397
545
4
527
410
734
588
4
527
384
734
410
4
559
181
191
144
4
619
185
838
202
4
586
254
256
412
4
887
387
383
382
4
326
881
352
357
4
881
357
353
352
4
508
501
480
526
4
508
750
526
480
4
258
870
735
550
4
501
735
480
526
4
587
735
526
480
4
262
870
258
550
4
870
526
735
501
4
504
508
501
832
4
620
759
508
513
4
832
508
501
513
4
620
508
832
513
4
620
508
392
832
4
34
391
9
329
4
329
391
9
726
4
256
502
412
819
4
22
324
323
736
4
736
326
324
323
4
737
307
542
497
4
307
737
754
497
4
440
497
754
737
4
440
737
567
497
4
737
542
609
497
4
737
567
497
609
4
860
738
542
496
4
225
496
738
628
4
738
542
496
609
4
415
496
738
860
4
628
496
738
415
4
225
738
496
711
4
738
711
609
496
4
477
476
890
761
4
477
495
761
890
4
476
624
494
733
4
890
498
495
494
4
739
492
296
611
4
472
739
832
740
4
739
832
492
611
4
475
740
756
491
4
740
550
491
492
4
740
300
492
860
4
431
429
428
453
4
429
836
882
450
4
883
746
405
404
4
507
742
418
520
4
742
418
520
521
4
742
524
521
520
4
610
742
520
524
4
507
520
610
742
4
226
573
743
822
4
500
488
547
743
4
822
500
743
488
4
226
822
743
710
4
535
710
743
488
4
121
375
376
401
4
375
376
401
556
4
376
556
403
401
4
31
324
744
349
4
31
680
349
744
4
484
500
745
487
4
215
783
465
581
4
783
444
465
467
4
889
449
450
446
4
362
299
321
444
4
362
617
444
321
4
424
791
299
362
4
362
424
791
174
4
747
409
394
432
4
409
747
746
432
4
747
432
394
613
4
404
885
150
428
4
885
428
414
889
4
375
406
378
886
4
375
886
556
406
4
121
401
493
371
4
121
493
401
438
4
891
895
893
527
4
338
364
340
748
4
338
748
303
364
4
748
364
365
303
4
340
748
364
366
4
748
794
365
364
4
327
358
533
749
4
327
749
353
358
4
750
513
514
528
4
750
276
471
682
4
750
682
528
514
4
251
676
525
751
4
676
721
525
751
4
238
535
810
699
4
18
681
752
23
4
330
530
752
331
4
23
752
530
331
4
753
533
325
324
4
440
754
497
499
4
754
498
497
499
4
474
761
477
489
4
474
888
169
489
4
888
169
489
490
4
477
489
761
495
4
476
611
494
755
4
234
491
756
398
4
398
756
550
491
4
428
450
449
453
4
334
449
428
427
4
334
428
449
453
4
362
445
617
321
4
199
445
362
631
4
362
445
321
672
4
672
631
362
445
4
379
768
757
378
4
379
407
886
757
4
757
407
406
410
4
383
741
545
757
4
757
545
410
406
4
128
376
684
438
4
376
379
684
407
4
758
389
388
387
4
758
388
389
411
4
353
382
378
377
4
498
497
629
514
4
498
517
514
629
4
876
516
517
629
4
260
876
629
516
4
861
549
508
759
4
759
549
508
509
4
759
750
509
508
4
861
620
759
508
4
314
760
303
341
4
314
341
317
760
4
760
341
532
303
4
298
549
506
505
4
549
506
505
509
4
761
833
764
489
4
755
761
833
494
4
755
494
476
761
4
762
739
472
300
4
882
472
836
762
4
762
473
472
739
4
836
297
475
472
4
836
472
475
300
4
450
836
297
769
4
450
769
453
836
4
836
453
300
475
4
380
770
563
379
4
384
563
757
410
4
380
684
379
563
4
294
527
385
763
4
763
527
385
384
4
534
385
763
339
4
534
385
384
763
4
339
385
763
294
4
764
514
510
509
4
442
765
552
466
4
570
466
765
442
4
570
765
466
636
4
448
553
469
573
4
573
500
553
469
4
529
378
376
375
4
766
537
441
474
4
766
351
627
441
4
767
423
615
473
4
511
473
538
767
4
511
767
370
473
4
767
538
423
473
4
406
407
430
613
4
407
613
433
430
4
354
379
378
768
4
354
379
768
518
4
768
518
379
384
4
354
892
529
379
4
449
769
470
714
4
769
714
475
470
4
539
766
553
474
4
360
388
411
891
4
891
561
388
411
4
527
734
893
807
4
518
384
534
770
4
518
770
379
384
4
770
385
384
534
4
69
352
348
808
4
771
130
794
366
4
771
137
140
794
4
125
404
150
772
4
637
31
324
325
4
471
526
750
528
4
45
87
694
100
4
345
715
189
163
4
663
589
267
517
4
773
791
731
424
4
577
731
424
773
4
585
577
424
773
4
174
424
773
585
4
174
773
424
791
4
228
496
720
248
4
880
840
101
86
4
774
315
532
336
4
643
336
315
774
4
788
880
532
101
4
222
199
462
695
4
775
797
707
245
4
775
245
710
535
4
775
245
535
797
4
552
536
765
446
4
446
536
765
636
4
344
684
163
452
4
684
344
163
873
4
776
453
334
201
4
776
201
415
453
4
704
666
81
694
4
681
23
32
331
4
681
32
36
331
4
681
36
533
331
4
19
541
778
15
4
173
779
198
869
4
779
449
210
198
4
779
198
869
449
4
780
436
209
192
4
436
718
209
197
4
780
436
718
209
4
306
662
344
301
4
343
306
662
344
4
597
782
57
89
4
705
783
444
465
4
174
783
773
791
4
174
783
791
705
4
783
444
443
731
4
123
815
148
135
4
135
350
815
148
4
784
654
189
345
4
189
784
596
654
4
566
253
346
311
4
785
605
311
745
4
785
566
311
605
4
785
566
346
311
4
618
235
242
485
4
781
87
95
694
4
152
703
193
595
4
595
703
193
175
4
150
885
167
889
4
322
426
889
885
4
885
322
167
889
4
591
636
594
241
4
178
786
201
776
4
786
188
841
334
4
578
670
463
551
4
342
639
574
437
4
787
498
499
896
4
237
858
787
653
4
653
517
498
787
4
184
446
557
192
4
164
557
192
568
4
557
184
192
568
4
788
365
781
95
4
789
173
188
869
4
789
334
188
179
4
789
334
869
188
4
575
151
647
709
4
712
686
515
265
4
248
720
712
711
4
711
515
712
567
4
712
567
515
686
4
772
856
167
165
4
790
674
237
481
4
177
715
189
448
4
177
448
445
715
4
444
791
705
362
4
791
783
773
731
4
791
783
444
705
4
604
459
415
630
4
604
434
415
459
4
604
642
459
630
4
781
45
601
865
4
344
792
301
435
4
345
792
344
654
4
344
792
435
654
4
715
792
344
345
4
1
793
18
312
4
1
793
312
0
4
575
389
137
118
4
95
771
794
366
4
771
130
137
794
4
130
366
364
794
4
126
399
371
607
4
607
371
493
399
4
795
293
728
364
4
795
364
728
118
4
795
337
293
364
4
440
482
796
567
4
482
796
225
464
4
634
73
116
812
4
116
634
371
372
4
142
372
371
634
4
820
520
521
524
4
820
848
521
520
4
820
520
524
531
4
9
312
34
11
4
690
313
312
337
4
34
391
312
9
4
34
312
391
293
4
337
293
312
34
4
593
262
550
671
4
703
193
442
577
4
703
442
322
426
4
703
577
442
426
4
772
165
173
427
4
537
351
766
441
4
639
458
574
437
4
437
333
458
574
4
19
778
315
15
4
541
778
15
601
4
778
315
760
532
4
778
760
315
15
4
778
601
760
15
4
797
707
658
506
4
775
506
707
797
4
775
797
535
506
4
230
862
478
888
4
862
247
490
495
4
862
888
627
478
4
234
398
708
651
4
651
470
395
398
4
582
172
665
320
4
150
798
167
885
4
798
164
167
322
4
798
322
167
885
4
113
438
670
372
4
115
438
146
670
4
468
113
670
372
4
560
362
425
631
4
560
631
425
170
4
430
369
180
882
4
369
882
511
180
4
180
882
511
413
4
306
430
433
554
4
407
310
430
306
4
310
430
306
180
4
311
78
253
819
4
819
519
78
253
4
311
819
502
78
4
819
502
78
713
4
819
713
78
519
4
487
368
319
78
4
78
418
507
319
4
626
522
392
579
4
626
420
484
579
4
121
376
375
529
4
135
799
166
350
4
800
618
235
197
4
800
215
235
581
4
468
77
104
68
4
548
68
77
468
4
561
145
582
93
4
124
318
582
588
4
318
93
561
582
4
320
410
93
828
4
93
828
335
320
4
410
828
397
93
4
454
227
440
232
4
593
491
550
512
4
693
512
491
593
4
387
396
683
389
4
673
396
308
732
4
107
356
75
125
4
356
61
107
75
4
347
41
35
56
4
438
376
684
403
4
435
537
792
301
4
301
537
792
616
4
637
42
325
817
4
106
438
128
115
4
380
132
563
801
4
385
563
679
801
4
588
385
679
801
4
633
132
380
801
4
665
385
588
801
4
633
801
385
665
4
115
452
146
438
4
35
85
72
63
4
771
122
130
366
4
83
302
572
544
4
83
328
544
572
4
83
565
572
302
4
394
565
572
83
4
530
363
360
623
4
530
363
623
303
4
627
474
888
169
4
627
490
169
888
4
430
554
180
369
4
306
430
554
180
4
169
743
625
535
4
547
169
743
625
4
180
511
447
802
4
180
413
511
802
4
20
803
45
601
4
20
601
317
803
4
803
781
694
45
4
803
317
340
341
4
803
341
340
694
4
438
463
372
493
4
670
438
463
372
4
115
113
438
670
4
684
438
163
452
4
682
471
528
267
4
750
471
528
682
4
98
460
110
129
4
594
523
241
536
4
594
241
636
536
4
47
356
107
103
4
356
47
107
61
4
804
627
233
218
4
804
218
351
627
4
218
804
351
638
4
465
785
745
221
4
465
346
785
221
4
496
248
228
816
4
804
478
233
627
4
804
627
351
478
4
451
389
683
112
4
201
178
415
628
4
805
273
587
526
4
805
587
273
717
4
600
526
273
805
4
562
150
125
404
4
562
404
402
150
4
614
154
815
135
4
614
154
147
815
4
614
135
584
154
4
822
659
605
488
4
806
359
391
329
4
806
391
359
293
4
806
293
359
451
4
74
93
807
397
4
734
397
807
93
4
734
93
807
318
4
74
561
807
93
4
318
93
807
561
4
778
315
532
774
4
643
774
315
778
4
82
355
417
339
4
186
204
847
652
4
186
454
232
227
4
186
847
232
454
4
159
846
171
170
4
94
667
355
380
4
649
607
152
399
4
37
35
809
66
4
37
725
66
809
4
35
85
809
66
4
599
809
66
725
4
599
85
66
809
4
810
495
490
247
4
810
699
506
510
4
699
810
576
510
4
576
810
247
510
4
337
313
338
340
4
25
340
313
337
4
684
344
306
343
4
811
505
319
658
4
811
506
505
658
4
811
505
506
751
4
706
7
313
11
4
812
371
99
116
4
812
460
110
99
4
634
371
126
812
4
634
812
116
371
4
111
132
380
633
4
813
426
322
153
4
813
577
426
424
4
813
703
322
426
4
813
577
703
426
4
820
285
521
848
4
214
445
448
573
4
669
573
445
214
4
669
571
214
445
4
571
177
214
445
4
177
214
445
448
4
103
451
386
683
4
103
386
139
683
4
451
389
386
683
4
312
18
726
330
4
252
519
819
253
4
253
271
252
519
4
713
519
252
271
4
252
713
819
519
4
258
735
512
550
4
258
550
512
593
4
168
175
197
718
4
175
193
197
436
4
175
718
436
197
4
175
436
718
780
4
601
760
15
317
4
601
803
45
781
4
601
341
317
803
4
18
752
312
793
4
793
312
314
530
4
793
312
530
752
4
790
224
237
674
4
194
722
456
441
4
722
537
456
441
4
184
446
856
557
4
123
127
815
614
4
263
777
502
268
4
263
504
503
502
4
256
503
502
263
4
256
502
268
263
4
46
632
323
352
4
46
352
323
69
4
228
816
491
496
4
816
475
491
496
4
42
817
675
355
4
179
139
650
434
4
386
673
408
139
4
673
139
732
408
4
661
139
408
650
4
661
386
408
139
4
64
337
795
102
4
102
366
337
795
4
164
557
322
175
4
175
436
557
322
4
322
442
703
436
4
90
119
126
138
4
119
126
138
649
4
74
295
461
818
4
356
381
377
125
4
6
317
803
20
4
689
803
317
340
4
249
503
241
523
4
249
523
412
503
4
586
249
412
503
4
249
503
671
241
4
249
503
586
671
4
440
567
686
629
4
602
440
686
629
4
581
443
783
467
4
581
783
443
731
4
577
443
731
581
4
256
502
713
268
4
736
22
27
323
4
681
331
752
23
4
681
331
330
752
4
666
340
366
694
4
704
666
694
340
4
618
636
466
594
4
618
570
466
636
4
126
607
371
142
4
634
371
142
126
4
184
449
210
779
4
184
779
427
449
4
184
449
446
210
4
581
486
467
465
4
581
783
465
467
4
135
144
154
181
4
584
135
144
154
4
144
559
181
135
4
332
658
640
664
4
640
319
664
658
4
366
364
795
118
4
366
364
337
795
4
217
244
242
235
4
256
713
502
819
4
385
380
563
801
4
633
380
385
801
4
111
380
385
633
4
820
287
292
866
4
281
866
287
820
4
268
520
713
814
4
814
713
519
520
4
821
217
242
618
4
821
618
242
591
4
723
490
627
233
4
822
488
245
659
4
592
459
878
204
4
823
185
182
181
4
823
838
185
181
4
131
852
182
823
4
619
838
185
823
4
78
713
507
418
4
713
507
418
520
4
444
275
465
484
4
275
444
370
484
4
275
617
390
500
4
275
500
447
617
4
533
361
417
358
4
749
417
358
533
4
749
518
358
417
4
9
824
21
726
4
545
397
613
394
4
545
734
397
700
4
296
611
307
825
4
656
307
825
296
4
656
296
825
423
4
484
311
78
487
4
484
745
311
487
4
740
832
550
492
4
484
500
420
275
4
275
390
745
500
4
484
275
745
500
4
207
465
390
221
4
390
745
221
465
4
79
105
468
115
4
105
468
136
688
4
677
660
642
630
4
583
434
604
709
4
19
315
778
643
4
872
252
819
486
4
722
537
435
301
4
435
351
537
441
4
722
435
537
441
4
817
417
675
355
4
417
82
675
355
4
702
577
424
585
4
702
577
813
424
4
27
323
46
632
4
622
715
616
873
4
622
445
616
715
4
822
488
710
245
4
822
488
743
710
4
5
606
7
827
4
7
827
606
558
4
281
820
524
866
4
404
408
746
431
4
486
819
311
346
4
294
318
588
527
4
294
588
385
527
4
76
361
363
117
4
776
431
334
453
4
614
127
815
147
4
818
316
295
83
4
818
83
295
461
4
295
302
828
565
4
295
565
828
397
4
30
326
61
47
4
30
329
326
47
4
47
357
326
61
4
194
829
722
195
4
829
435
722
195
4
183
195
435
829
4
545
409
394
747
4
545
747
394
613
4
406
409
545
747
4
406
613
747
545
4
296
739
300
492
4
762
296
739
300
4
466
522
830
523
4
522
412
486
830
4
523
522
830
412
4
455
423
473
296
4
473
739
296
611
4
455
473
762
296
4
423
296
825
473
4
473
611
296
825
4
762
473
739
296
4
296
300
307
542
4
416
296
300
307
4
425
299
321
362
4
401
299
425
424
4
424
362
299
425
4
555
299
425
401
4
425
299
555
321
4
299
556
310
413
4
421
626
467
831
4
831
522
626
467
4
421
297
626
831
4
422
834
625
487
4
487
505
834
625
4
547
298
625
422
4
472
392
393
832
4
550
504
501
832
4
472
739
392
832
4
739
620
392
832
4
298
833
489
549
4
304
549
833
298
4
761
298
833
489
4
834
505
304
298
4
422
304
298
834
4
422
298
625
834
4
834
505
298
625
4
398
756
395
550
4
305
835
456
615
4
305
835
615
423
4
835
615
423
476
4
835
456
615
477
4
656
373
307
416
4
656
373
302
457
4
656
373
416
302
4
368
610
504
392
4
419
505
368
610
4
368
610
392
579
4
419
610
368
579
4
868
305
615
767
4
868
305
539
615
4
836
762
300
455
4
836
472
300
762
4
416
482
300
459
4
459
482
300
415
4
837
114
122
130
4
837
366
130
122
4
4
23
793
314
4
4
23
314
315
4
23
793
314
530
4
116
68
634
372
4
551
372
634
68
4
30
632
61
326
4
199
695
222
213
4
838
191
202
203
4
196
181
838
191
4
196
203
191
838
4
619
838
191
202
4
823
191
838
181
4
619
191
838
823
4
839
400
129
153
4
839
375
400
402
4
812
371
460
99
4
812
126
460
371
4
98
374
129
808
4
108
839
374
129
4
839
374
375
402
4
460
374
129
98
4
460
839
375
400
4
689
691
606
340
4
689
340
317
313
4
459
316
302
439
4
439
373
302
459
4
652
373
439
459
4
25
340
337
666
4
25
340
666
704
4
689
25
691
340
4
689
340
313
25
4
704
803
694
28
4
294
891
361
561
4
76
361
117
294
4
107
408
381
141
4
107
661
408
650
4
107
408
386
381
4
107
386
408
661
4
107
650
408
141
4
840
76
336
644
4
840
336
532
644
4
86
76
336
840
4
774
336
840
86
4
532
774
336
840
4
444
617
705
275
4
201
216
714
841
4
243
257
842
499
4
257
842
499
876
4
842
787
499
896
4
843
594
485
830
4
843
830
485
412
4
591
485
242
843
4
591
843
594
485
4
254
843
485
412
4
254
843
242
485
4
808
98
374
348
4
567
516
686
629
4
652
692
612
454
4
844
18
23
681
4
844
23
32
681
4
609
515
711
567
4
738
711
567
609
4
36
417
533
331
4
689
606
803
340
4
606
704
803
340
4
704
340
694
803
4
541
778
60
29
4
541
54
60
601
4
541
60
778
601
4
440
499
629
635
4
635
257
499
876
4
635
876
499
629
4
160
187
176
846
4
160
846
177
187
4
846
187
176
171
4
186
847
454
652
4
198
210
216
449
4
210
216
449
470
4
216
449
470
714
4
841
198
216
449
4
714
216
449
841
4
14
24
637
325
4
753
325
24
14
4
14
325
324
753
4
14
637
324
325
4
381
408
404
141
4
64
103
112
451
4
648
64
451
103
4
73
92
96
110
4
73
110
90
92
4
73
96
99
110
4
73
812
110
99
4
294
117
124
318
4
124
318
117
582
4
13
643
23
315
4
643
336
23
315
4
268
531
524
520
4
663
517
653
259
4
264
267
276
682
4
663
514
267
264
4
264
267
682
514
4
178
630
628
677
4
150
885
402
839
4
839
885
402
400
4
79
468
77
104
4
848
519
520
814
4
48
53
70
84
4
101
840
532
644
4
101
644
532
365
4
532
880
840
101
4
132
344
343
157
4
801
132
563
157
4
132
563
157
343
4
633
132
801
157
4
849
215
800
581
4
853
581
215
849
4
585
853
215
849
4
196
850
559
205
4
777
730
504
502
4
263
504
502
777
4
160
170
851
846
4
852
185
182
823
4
196
559
181
191
4
196
559
191
205
4
5
689
317
313
4
114
122
130
148
4
114
148
133
122
4
577
731
773
853
4
585
577
773
853
4
577
581
731
853
4
577
581
853
849
4
585
577
853
849
4
347
597
85
845
4
347
845
85
35
4
339
361
417
716
4
854
243
877
842
4
224
499
243
854
4
854
243
842
499
4
822
500
488
605
4
390
500
605
745
4
19
541
29
778
4
244
254
485
855
4
361
561
891
363
4
76
117
124
294
4
618
591
594
485
4
618
636
594
591
4
440
602
635
629
4
571
171
213
200
4
199
213
222
669
4
571
669
213
199
4
451
293
389
64
4
64
112
118
389
4
64
293
389
728
4
64
728
389
118
4
64
451
112
389
4
119
143
153
649
4
837
366
694
81
4
837
694
122
100
4
294
561
318
527
4
772
427
856
165
4
63
597
845
85
4
845
33
35
347
4
0
3
4
315
4
0
315
8
3
4
588
320
801
679
4
665
320
801
588
4
709
396
647
683
4
112
709
647
683
4
857
720
261
248
4
857
720
874
261
4
698
857
874
261
4
16
30
736
27
4
27
326
632
30
4
736
326
323
27
4
27
326
323
632
4
432
415
453
776
4
732
544
434
328
4
432
544
415
434
4
190
483
655
224
4
439
190
639
483
4
692
483
655
190
4
692
190
439
483
4
227
440
232
602
4
869
198
841
449
4
334
449
427
869
4
714
841
449
334
4
334
869
841
449
4
335
437
871
295
4
295
437
871
316
4
302
828
871
295
4
828
335
871
295
4
60
601
532
778
4
601
60
532
788
4
532
60
880
788
4
548
68
468
551
4
548
468
578
551
4
97
98
348
374
4
97
374
460
98
4
97
460
374
375
4
190
316
639
437
4
190
439
639
316
4
858
481
674
890
4
858
499
498
674
4
580
890
481
858
4
580
858
653
498
4
858
787
498
499
4
858
498
787
653
4
75
352
808
125
4
859
587
717
261
4
859
874
587
261
4
859
698
874
261
4
403
321
310
163
4
163
438
403
555
4
403
163
310
684
4
403
555
321
163
4
684
403
163
438
4
135
181
154
166
4
181
559
166
135
4
254
412
485
855
4
855
819
412
485
4
872
252
855
819
4
622
554
180
306
4
622
306
301
554
4
672
555
493
438
4
241
395
651
536
4
220
241
651
536
4
171
200
187
176
4
87
95
694
122
4
87
694
100
122
4
772
427
404
856
4
475
860
415
300
4
475
300
740
860
4
300
542
492
860
4
300
738
542
860
4
415
860
738
300
4
731
426
299
413
4
731
444
413
299
4
473
615
304
755
4
304
473
755
620
4
579
473
304
620
4
473
615
420
304
4
420
473
304
579
4
419
505
861
304
4
304
505
861
549
4
419
620
304
861
4
833
549
861
759
4
304
549
861
833
4
615
304
298
422
4
615
833
298
304
4
538
455
305
423
4
767
305
615
423
4
767
538
305
423
4
177
163
189
715
4
158
564
818
83
4
158
83
151
564
4
158
83
818
461
4
781
748
365
341
4
694
781
341
748
4
159
176
171
846
4
862
495
255
247
4
854
787
858
499
4
237
787
858
854
4
224
499
854
674
4
224
674
854
237
4
854
499
858
674
4
854
842
787
499
4
495
489
490
888
4
644
363
117
76
4
644
117
363
365
4
344
662
722
301
4
344
435
301
722
4
662
722
301
333
4
301
539
616
554
4
301
554
305
539
4
622
616
554
301
4
465
311
745
785
4
465
346
311
785
4
65
29
60
643
4
65
643
60
774
4
9
21
329
726
4
828
302
863
565
4
302
828
863
871
4
863
302
457
455
4
565
863
613
302
4
613
455
302
863
4
818
564
316
83
4
565
613
864
302
4
572
302
864
544
4
864
455
416
302
4
864
455
302
613
4
864
416
544
302
4
572
565
864
302
4
319
368
507
78
4
295
700
565
397
4
397
565
394
700
4
447
615
539
422
4
553
447
539
422
4
370
420
767
447
4
447
767
615
420
4
484
420
626
370
4
775
506
699
707
4
432
300
453
415
4
432
300
415
544
4
864
455
300
416
4
864
416
300
544
4
601
341
532
760
4
778
601
532
760
4
429
421
413
414
4
429
413
421
882
4
429
450
421
414
4
429
421
450
882
4
303
644
532
336
4
303
644
365
532
4
523
393
831
522
4
501
550
492
512
4
554
455
538
369
4
554
538
455
305
4
401
299
426
413
4
401
413
426
402
4
401
299
413
556
4
401
556
413
402
4
511
626
472
473
4
552
470
536
446
4
552
536
470
297
4
444
443
413
370
4
443
467
626
370
4
866
820
524
531
4
206
477
441
456
4
206
456
194
458
4
206
456
441
194
4
325
680
744
354
4
680
744
529
349
4
680
529
744
354
4
151
564
592
158
4
158
151
83
461
4
151
461
158
575
4
503
395
550
398
4
671
503
550
398
4
584
614
154
131
4
286
531
292
866
4
820
866
292
531
4
630
738
415
628
4
630
738
628
225
4
454
440
482
232
4
847
482
232
454
4
232
482
796
440
4
482
464
232
796
4
652
847
454
482
4
482
847
232
464
4
74
807
700
397
4
74
561
700
807
4
461
561
700
74
4
108
150
125
562
4
649
138
143
156
4
649
152
156
153
4
649
143
153
156
4
285
820
291
531
4
820
531
292
291
4
796
464
867
246
4
708
470
210
651
4
468
115
136
670
4
105
468
115
136
4
71
81
109
837
4
837
122
114
109
4
648
451
806
47
4
648
293
806
451
4
451
648
293
64
4
23
303
336
530
4
530
363
303
336
4
417
358
534
518
4
518
384
358
534
4
554
868
305
539
4
868
538
305
767
4
554
868
538
305
4
802
370
511
447
4
802
370
413
511
4
307
300
482
542
4
300
482
542
738
4
416
307
300
482
4
415
738
482
300
4
620
755
833
759
4
755
615
304
833
4
304
755
833
620
4
615
761
298
833
4
544
300
415
459
4
544
416
300
459
4
594
466
830
523
4
843
594
830
523
4
843
523
830
412
4
433
456
305
835
4
433
305
863
835
4
305
455
835
423
4
552
421
831
297
4
552
831
536
297
4
834
420
304
419
4
420
422
834
304
4
834
505
419
304
4
369
762
511
882
4
369
762
538
511
4
511
473
762
538
4
472
393
740
832
4
393
504
550
832
4
740
393
550
832
4
173
779
869
427
4
779
869
427
449
4
268
279
777
524
4
268
777
730
524
4
268
730
520
524
4
390
500
822
605
4
394
613
864
565
4
394
565
864
572
4
141
650
408
431
4
650
434
408
431
4
295
145
437
316
4
190
316
437
145
4
190
569
316
145
4
818
145
569
158
4
569
697
316
818
4
295
145
316
818
4
590
258
870
735
4
590
870
263
777
4
174
560
362
425
4
560
207
174
362
4
40
69
348
98
4
433
335
871
828
4
335
333
433
871
4
437
333
335
871
4
723
710
469
535
4
112
709
683
139
4
27
323
69
46
4
27
40
69
323
4
137
411
461
140
4
90
110
126
119
4
119
460
110
126
4
812
126
110
460
4
73
126
110
812
4
73
110
126
90
4
334
841
201
714
4
786
841
201
334
4
249
523
241
594
4
249
594
843
523
4
249
523
843
412
4
264
721
682
276
4
641
264
276
721
4
229
486
872
235
4
229
486
252
872
4
235
872
485
486
4
622
310
802
321
4
622
447
321
802
4
684
873
310
306
4
873
310
306
622
4
684
344
873
306
4
271
519
278
713
4
713
814
519
278
4
177
715
445
163
4
672
445
321
163
4
163
445
321
622
4
163
445
622
715
4
163
445
177
631
4
163
631
672
445
4
432
415
776
434
4
21
329
719
34
4
9
21
34
329
4
698
593
512
693
4
803
341
694
781
4
601
803
781
341
4
94
128
380
132
4
94
111
132
380
4
123
114
135
148
4
174
773
215
585
4
174
215
773
783
4
174
215
783
705
4
140
411
561
117
4
140
561
461
818
4
140
411
461
561
4
228
491
239
693
4
228
239
491
816
4
239
475
491
816
4
756
491
239
475
4
649
399
152
153
4
244
855
485
872
4
485
872
819
486
4
485
872
855
819
4
91
81
70
48
4
874
515
512
587
4
720
515
512
874
4
857
720
512
874
4
698
857
512
874
4
859
512
587
874
4
859
698
512
874
4
268
866
280
279
4
268
531
283
280
4
268
531
814
283
4
268
531
520
814
4
839
562
402
150
4
839
402
562
374
4
888
477
478
206
4
888
477
481
580
4
220
241
636
591
4
37
53
725
70
4
53
725
70
84
4
37
70
725
809
4
599
809
725
70
4
777
870
504
526
4
590
777
279
526
4
590
870
777
526
4
712
720
261
515
4
720
515
712
711
4
325
667
354
355
4
325
354
667
680
4
199
207
560
362
4
199
362
222
207
4
10
18
844
681
4
341
601
788
781
4
225
796
738
711
4
796
711
567
738
4
566
479
519
875
4
640
479
566
875
4
640
875
566
319
4
431
428
404
427
4
431
334
428
427
4
595
175
193
197
4
93
320
582
588
4
588
318
582
93
4
610
620
392
579
4
419
620
610
579
4
873
715
792
344
4
873
715
616
792
4
753
36
533
681
4
573
500
743
822
4
142
425
424
493
4
142
603
425
463
4
142
174
425
603
4
142
425
493
463
4
424
142
174
425
4
74
335
295
145
4
335
145
437
295
4
74
295
818
145
4
788
87
95
781
4
808
374
129
108
4
159
146
696
160
4
876
259
842
517
4
589
876
645
517
4
589
876
517
259
4
876
842
499
896
4
39
76
894
336
4
32
894
76
716
4
361
331
894
363
4
76
361
894
363
4
789
173
869
427
4
789
334
427
869
4
708
756
470
398
4
708
398
470
651
4
776
179
786
334
4
583
776
434
179
4
583
179
786
776
4
190
186
439
316
4
186
692
655
190
4
186
190
439
692
4
190
186
316
569
4
877
257
259
842
4
854
877
259
842
4
642
604
459
878
4
172
194
879
333
4
194
879
333
722
4
194
879
722
829
4
119
126
649
399
4
119
399
153
129
4
119
399
649
153
4
119
399
460
126
4
119
129
460
399
4
91
48
70
84
4
822
500
390
669
4
468
670
136
578
4
688
468
136
578
4
735
805
587
526
4
590
526
805
735
4
590
735
870
526
4
165
427
184
173
4
173
184
779
427
4
184
449
427
856
4
165
427
856
184
4
837
366
122
694
4
18
309
330
681
4
18
752
330
312
4
18
681
330
752
4
18
330
309
726
4
9
18
726
312
4
726
391
312
330
4
97
529
349
680
4
97
375
349
529
4
189
448
219
214
4
177
189
214
448
4
851
631
177
846
4
846
177
187
199
4
61
357
632
356
4
47
357
61
356
4
234
756
239
708
4
693
491
239
234
4
234
491
239
756
4
527
734
807
318
4
527
318
807
561
4
463
672
493
438
4
345
654
344
183
4
344
654
435
183
4
344
435
157
183
4
424
142
607
174
4
48
70
53
37
4
862
495
490
888
4
190
483
224
223
4
107
125
141
381
4
440
567
246
686
4
440
796
246
567
4
602
440
246
686
4
867
440
246
602
4
867
796
246
440
4
561
145
117
582
4
140
145
117
561
4
23
331
894
32
4
894
361
716
331
4
97
40
348
98
4
806
359
329
47
4
806
451
359
47
4
47
359
356
451
4
16
736
309
14
4
14
753
736
309
4
190
437
639
342
4
5
317
621
8
4
317
8
15
621
4
853
783
731
773
4
853
783
581
731
4
0
1
706
313
4
0
314
313
5
4
0
706
5
313
4
866
280
286
531
4
866
531
524
268
4
268
531
280
866
4
880
774
840
86
4
532
880
774
840
4
30
309
736
326
4
30
326
736
27
4
142
607
493
424
4
329
359
330
327
4
327
360
359
330
4
326
357
329
327
4
326
327
881
357
4
327
357
353
881
4
327
353
357
358
4
357
356
352
632
4
323
352
326
881
4
881
349
352
353
4
550
870
735
501
4
777
508
524
526
4
504
508
777
526
4
777
610
730
524
4
777
504
730
610
4
268
520
730
713
4
713
520
730
507
4
562
402
404
405
4
562
377
405
404
4
377
405
404
883
4
125
377
562
404
4
432
455
300
864
4
432
369
882
836
4
432
455
864
613
4
432
613
369
455
4
432
455
836
300
4
431
776
434
432
4
431
432
429
453
4
432
836
882
429
4
432
429
453
836
4
432
836
453
300
4
889
450
428
414
4
428
429
414
450
4
382
409
387
727
4
741
382
727
409
4
741
545
409
727
4
381
408
386
883
4
883
405
746
409
4
377
741
375
405
4
741
405
406
375
4
375
401
402
556
4
375
556
402
406
4
516
724
513
367
4
609
516
367
515
4
609
515
567
516
4
720
515
711
609
4
496
720
711
609
4
720
367
512
515
4
720
496
512
367
4
720
609
367
515
4
884
611
832
513
4
884
832
501
513
4
884
513
608
367
4
884
501
608
513
4
492
608
512
367
4
492
501
512
608
4
550
491
492
512
4
297
475
740
756
4
297
756
740
393
4
572
544
432
732
4
396
328
308
732
4
545
727
388
700
4
727
83
700
394
4
389
388
308
83
4
404
746
885
428
4
746
428
429
885
4
153
426
400
813
4
607
399
493
424
4
153
813
400
399
4
702
399
424
813
4
607
702
399
424
4
402
429
405
406
4
406
429
430
402
4
405
747
409
406
4
409
405
746
747
4
406
747
430
429
4
746
732
432
431
4
408
431
732
746
4
401
424
426
299
4
359
387
758
887
4
887
383
387
388
4
887
758
388
387
4
359
387
386
389
4
356
387
381
386
4
451
386
389
359
4
451
386
359
356
4
382
381
377
356
4
349
375
374
353
4
97
348
349
374
4
97
375
374
349
4
378
741
383
757
4
376
403
556
407
4
886
407
406
757
4
269
531
848
285
4
820
531
848
520
4
820
285
848
531
4
694
366
748
340
4
781
794
365
748
4
694
781
748
366
4
324
353
327
749
4
324
749
744
353
4
749
744
353
354
4
508
750
524
526
4
357
887
353
382
4
887
382
378
353
4
887
378
382
383
4
293
728
623
758
4
623
411
758
728
4
230
862
888
495
4
762
511
472
473
4
581
467
466
421
4
581
442
421
466
4
733
307
624
754
4
733
498
754
624
4
863
835
455
457
4
863
455
554
369
4
863
554
455
305
4
613
863
369
455
4
863
305
455
835
4
427
428
889
449
4
428
449
450
889
4
889
446
442
557
4
856
449
427
889
4
856
889
557
446
4
514
497
629
516
4
514
517
516
629
4
514
750
509
759
4
611
514
759
513
4
489
495
810
510
4
810
510
495
247
4
393
756
550
395
4
325
355
518
417
4
325
518
355
354
4
42
355
325
817
4
817
355
325
417
4
601
341
760
317
4
379
384
563
757
4
379
684
407
563
4
476
494
624
890
4
580
498
495
890
4
624
498
483
890
4
674
890
483
498
4
858
890
674
498
4
580
498
890
858
4
761
489
764
495
4
761
476
890
494
4
761
495
494
890
4
251
266
751
525
4
266
811
751
525
4
811
505
751
525
4
625
298
506
505
4
764
506
509
510
4
549
764
506
509
4
656
476
825
624
4
141
427
404
772
4
772
856
404
150
4
428
856
427
889
4
556
406
407
430
4
358
895
891
361
4
358
768
383
384
4
358
518
768
384
4
895
384
893
527
4
358
383
891
895
4
769
297
470
475
4
449
769
446
470
4
769
470
552
446
4
769
552
470
297
4
354
379
518
892
4
892
667
376
380
4
892
376
379
380
4
518
892
379
770
4
892
770
380
379
4
458
481
477
457
4
457
483
481
624
4
639
458
457
481
4
639
483
481
457
4
457
477
835
476
4
477
761
474
615
4
835
477
615
476
4
479
875
270
269
4
479
269
519
875
4
640
875
270
479
4
790
481
237
230
4
139
583
434
179
4
696
176
159
160
4
160
176
159
846
4
16
21
309
30
4
21
309
326
726
4
824
726
309
21
4
824
16
21
309
4
30
21
309
326
4
263
503
504
870
4
263
870
504
777
4
820
281
524
525
4
820
525
524
521
4
206
212
441
478
4
351
441
212
478
4
79
113
468
104
4
79
468
113
115
4
4
13
23
315
4
774
39
643
336
4
336
86
774
39
4
0
4
793
314
4
0
312
313
314
4
0
793
312
314
4
367
515
724
608
4
608
480
515
724
4
516
515
724
367
4
729
884
497
611
4
729
884
367
497
4
729
609
497
367
4
542
729
609
497
4
357
358
359
327
4
327
359
360
358
4
326
327
329
726
4
726
329
330
327
4
732
544
432
434
4
732
434
432
431
4
303
364
365
623
4
623
411
364
365
4
307
825
611
733
4
825
307
624
733
4
656
825
307
624
4
374
375
377
353
4
353
377
378
375
4
383
545
388
893
4
893
388
734
545
4
893
734
388
807
4
891
388
893
383
4
891
893
807
527
4
733
497
498
514
4
611
514
497
733
4
741
409
406
405
4
741
406
409
545
4
230
888
206
481
4
888
477
206
481
4
369
455
762
836
4
432
369
836
455
4
747
882
432
369
4
429
882
432
747
4
747
369
432
613
4
428
429
431
746
4
746
431
432
429
4
739
620
832
611
4
883
408
746
404
4
883
746
732
409
4
477
476
624
890
4
477
890
624
481
4
457
624
481
477
4
477
624
476
457
4
275
802
447
370
4
321
617
802
447
4
617
802
447
275
4
307
612
483
754
4
373
307
612
483
4
624
307
483
754
4
656
307
373
483
4
656
624
307
483
4
875
521
848
418
4
418
848
520
521
4
766
474
169
547
4
766
474
627
169
4
553
547
474
766
4
441
766
474
627
4
150
856
428
889
4
856
428
427
404
4
886
556
406
407
4
324
749
327
533
4
753
327
533
324
4
378
757
383
768
4
768
383
384
757
4
379
378
757
886
4
128
376
380
684
4
376
379
380
684
4
759
513
750
508
4
514
513
750
759
4
833
620
759
861
4
620
759
611
755
4
95
366
794
781
4
748
366
794
364
4
781
366
794
748
4
353
378
358
768
4
749
768
353
358
4
749
768
358
518
4
770
384
385
563
4
770
384
563
379
4
477
476
761
615
4
8
317
760
314
4
8
760
317
15
4
833
759
764
549
4
761
833
494
764
4
761
764
494
495
4
23
530
336
894
4
894
363
530
336
4
76
894
336
363
4
848
270
285
521
4
875
848
521
270
4
339
294
361
76
4
76
361
339
716
4
431
453
776
432
4
302
863
457
871
4
871
456
835
457
4
871
835
863
457
4
458
333
871
456
4
733
624
494
498
4
494
498
624
890
4
230
888
580
495
4
477
495
890
580
4
888
477
580
495
4
327
533
358
360
4
653
517
514
498
4
497
516
513
367
4
497
514
513
516
4
884
513
497
611
4
884
513
367
497
4
611
513
497
514
4
409
572
732
308
4
409
572
308
394
4
308
328
572
732
4
228
512
496
491
4
228
496
512
720
4
492
496
367
512
4
491
512
496
492
4
319
521
418
811
4
811
418
742
521
4
811
524
521
742
4
811
521
524
525
4
527
588
734
318
4
723
490
169
627
4
723
490
535
169
4
505
525
524
509
4
509
750
525
524
4
509
751
525
721
4
505
525
509
751
4
594
618
485
830
4
581
618
830
485
4
269
278
814
531
4
269
814
848
531
4
848
814
520
531
4
40
349
881
324
4
324
349
881
353
4
324
744
349
353
4
777
508
610
524
4
376
556
886
407
4
376
407
684
403
4
69
323
348
352
4
40
323
881
348
4
323
881
348
352
4
40
69
323
348
4
184
446
449
856
4
856
446
449
889
4
487
505
319
368
4
319
368
505
507
4
487
505
368
419
4
487
505
419
834
4
791
444
731
299
4
791
444
299
362
4
783
444
731
791
4
377
402
562
405
4
374
562
377
402
4
377
375
402
405
4
374
402
377
375
4
488
625
535
506
4
488
506
505
625
4
658
506
505
488
4
535
797
488
506
4
797
658
488
506
4
489
506
764
510
4
625
489
535
506
4
489
810
506
510
4
535
489
810
506
4
739
740
300
492
4
740
860
492
491
4
740
739
832
492
4
107
356
381
386
4
356
382
381
387
4
359
356
386
387
4
522
486
412
502
4
522
502
311
486
4
819
502
412
486
4
486
819
502
311
4
615
761
833
755
4
615
755
476
761
4
307
737
612
754
4
440
754
612
737
4
501
735
608
480
4
428
429
450
453
4
377
405
883
741
4
741
405
883
409
4
757
563
407
410
4
379
757
563
407
4
327
326
324
736
4
753
324
736
327
4
14
324
736
753
4
358
383
887
360
4
360
383
887
388
4
358
360
891
383
4
360
891
383
388
4
738
542
609
737
4
738
567
737
609
4
741
406
545
757
4
378
406
757
886
4
378
741
757
406
4
359
887
382
387
4
357
382
359
887
4
233
862
490
627
4
862
888
490
627
4
750
528
480
513
4
750
528
526
480
4
895
527
763
384
4
358
384
383
895
4
358
384
895
534
4
534
763
384
895
4
891
893
895
383
4
474
489
477
888
4
477
888
489
495
4
381
883
404
408
4
377
381
883
404
4
125
404
381
377
4
626
831
393
522
4
489
510
764
495
4
495
514
510
764
4
764
549
759
509
4
764
514
509
759
4
620
611
759
513
4
620
513
832
611
4
756
740
550
491
4
393
756
740
550
4
498
517
629
896
4
876
629
517
896
4
787
498
896
517
4
842
787
896
517
4
876
842
896
517
4
523
395
831
393
4
536
395
831
523
4
400
426
885
402
4
400
426
402
401
4
150
885
889
428
4
813
401
424
426
4
813
399
424
401
4
813
400
401
426
4
294
117
318
561
4
294
895
891
527
4
399
424
401
493
4
404
746
428
431
4
447
615
767
868
4
447
539
615
868
4
539
766
537
616
4
539
616
553
766
4
349
375
353
529
4
353
529
375
378
4
529
376
378
379
4
529
667
376
892
4
348
808
352
374
4
352
374
125
377
4
808
352
374
125
4
352
353
374
377
4
348
374
352
349
4
349
352
353
374
4
407
343
306
433
4
407
433
410
343
4
407
306
430
433
4
746
747
429
432
4
405
429
747
406
4
746
405
429
747
4
352
377
356
357
4
357
382
377
356
4
357
353
377
382
4
352
377
357
353
4
293
389
359
451
4
293
389
758
359
4
359
387
389
758
4
769
836
297
475
4
769
475
453
836
4
353
378
887
358
4
358
378
887
383
4
358
383
768
378
4
111
385
380
355
4
355
385
534
339
4
355
385
770
534
4
355
380
770
385
4
339
111
355
385
4
880
774
86
65
4
218
219
448
469
4
218
351
469
448
4
596
218
448
351
4
189
218
219
448
4
189
596
218
448
4
320
335
172
333
4
437
172
335
333
4
320
93
646
335
4
646
172
335
437
4
320
646
172
335
4
340
691
606
704
4
340
25
691
704
4
216
714
470
239
4
714
239
475
470
4
470
756
239
475
4
216
708
239
470
4
708
756
239
470
4
97
121
460
375
4
121
460
375
401
4
37
540
56
897
4
822
669
573
500
4
62
68
73
116
4
826
62
68
73
4
97
371
116
99
4
97
371
121
116
4
97
121
371
460
4
97
460
371
99
4
137
794
364
411
4
794
411
365
364
4
590
526
600
805
4
310
430
180
413
4
556
430
310
413
4
556
310
430
407
4
425
555
672
321
4
346
253
819
311
4
487
78
566
311
4
487
566
605
311
4
745
605
311
487
4
461
151
83
647
4
151
647
461
575
4
2
643
13
315
CELL_TYPES 3828
10
10
10
10
10
10
10
10
10
10
10
10
10
10
10
10
10
10
10
10
10
10
10
10
10
10
10
10
10
10
10
10
10
10
10
10
10
10
10
10
10
10
10
10
10
10
10
10
10
10
10
10
10
10
10
10
10
10
10
10
10
10
10
10
10
10
10
10
10
10
10
10
10
10
10
10
10
10
10
10
10
10
10
10
10
10
10
10
10
10
10
10
10
10
10
10
10
10
10
10
10
10
10
10
10
10
10
10
10
10
10
10
10
10
10
10
10
10
10
10
10
10
10
10
10
10
10
10
10
10
10
10
10
10
10
10
10
10
10
10
10
10
10
10
10
10
10
10
10
10
10
10
10
10
10
10
10
10
10
10
10
10
10
10
10
10
10
10
10
10
10
10
10
10
10
10
10
10
10
10
10
10
10
10
10
10
10
10
10
10
10
10
10
10
10
10
10
10
10
10
10
10
10
10
10
10
10
10
10
10
10
10
10
10
10
10
10
10
10
10
10
10
10
10
10
10
10
10
10
10
10
10
10
10
10
10
10
10
10
10
10
10
10
10
10
10
10
10
10
10
10
10
10
10
10
10
10
10
10
10
10
10
10
10
10
10
10
10
10
10
10
10
10
10
10
10
10
10
10
10
10
10
10
10
10
10
10
10
10
10
10
10
10
10
10
10
10
10
10
10
10
10
10
10
10
10
10
10
10
10
10
10
10
10
10
10
10
10
10
10
10
10
10
10
10
10
10
10
10
10
10
10
10
10
10
10
10
10
10
10
10
10
10
10
10
10
10
10
10
10
10
10
10
10
10
10
10
10
10
10
10
10
10
10
10
10
10
10
10
10
10
10
10
10
10
10
10
10
10
10
10
10
10
10
10
10
10
10
10
10
10
10
10
10
10
10
10
10
10
10
10
10
10
10
10
10
10
10
10
10
10
10
10
10
10
10
10
10
10
10
10
10
10
10
10
10
10
10
10
10
10
10
10
10
10
10
10
10
10
10
10
10
10
10
10
10
10
10
10
10
10
10
10
10
10
10
10
10
10
10
10
10
10
10
10
10
10
10
10
10
10
10
10
10
10
10
10
10
10
10
10
10
10
10
10
10
10
10
10
10
10
10
10
10
10
10
10
10
10
10
10
10
10
10
10
10
10
10
10
10
10
10
10
10
10
10
10
10
10
10
10
10
10
10
10
10
10
10
10
10
10
10
10
10
10
10
10
10
10
10
10
10
10
10
10
10
10
10
10
10
10
10
10
10
10
10
10
10
10
10
10
10
10
10
10
10
10
10
10
10
10
10
10
10
10
10
10
10
10
10
10
10
10
10
10
10
10
10
10
10
10
10
10
10
10
10
10
10
10
10
10
10
10
10
10
10
10
10
10
10
10
10
10
10
10
10
10
10
10
10
10
10
10
10
10
10
10
10
10
10
10
10
10
10
10
10
10
10
10
10
10
10
10
10
10
10
10
10
10
10
10
10
10
10
10
10
10
10
10
10
10
10
10
10
10
10
10
10
10
10
10
10
10
10
10
10
10
10
10
10
10
10
10
10
10
10
10
10
10
10
10
10
10
10
10
10
10
10
10
10
10
10
10
10
10
10
10
10
10
10
10
10
10
10
10
10
10
10
10
10
10
10
10
10
10
10
10
10
10
10
10
10
10
10
10
10
10
10
10
10
10
10
10
10
10
10
10
10
10
10
10
10
10
10
10
10
10
10
10
10
10
10
10
10
10
10
10
10
10
10
10
10
10
10
10
10
10
10
10
10
10
10
10
10
10
10
10
10
10
10
10
10
10
10
10
10
10
10
10
10
10
10
10
10
10
10
10
10
10
10
10
10
10
10
10
10
10
10
10
10
10
10
10
10
10
10
10
10
10
10
10
10
10
10
10
10
10
10
10
10
10
10
10
10
10
10
10
10
10
10
10
10
10
10
10
10
10
10
10
10
10
10
10
10
10
10
10
10
10
10
10
10
10
10
10
10
10
10
10
10
10
10
10
10
10
10
10
10
10
10
10
10
10
10
10
10
10
10
10
10
10
10
10
10
10
10
10
10
10
10
10
10
10
10
10
10
10
10
10
10
10
10
10
10
10
10
10
10
10
10
10
10
10
10
10
10
10
10
10
10
10
10
10
10
10
10
10
10
10
10
10
10
10
10
10
10
10
10
10
10
10
10
10
10
10
10
10
10
10
10
10
10
10
10
10
10
10
10
10
10
10
10
10
10
10
10
10
10
10
10
10
10
10
10
10
10
10
10
10
10
10
10
10
10
10
10
10
10
10
10
10
10
10
10
10
10
10
10
10
10
10
10
10
10
10
10
10
10
10
10
10
10
10
10
10
10
10
10
10
10
10
10
10
10
10
10
10
10
10
10
10
10
10
10
10
10
10
10
10
10
10
10
10
10
10
10
10
10
10
10
10
10
10
10
10
10
10
10
10
10
10
10
10
10
10
10
10
10
10
10
10
10
10
10
10
10
10
10
10
10
10
10
10
10
10
10
10
10
10
10
10
10
10
10
10
10
10
10
10
10
10
10
10
10
10
10
10
10
10
10
10
10
10
10
10
10
10
10
10
10
10
10
10
10
10
10
10
10
10
10
10
10
10
10
10
10
10
10
10
10
10
10
10
10
10
10
10
10
10
10
10
10
10
10
10
10
10
10
10
10
10
10
10
10
10
10
10
10
10
10
10
10
10
10
10
10
10
10
10
10
10
10
10
10
10
10
10
10
10
10
10
10
10
10
10
10
10
10
10
10
10
10
10
10
10
10
10
10
10
10
10
10
10
10
10
10
10
10
10
10
10
10
10
10
10
10
10
10
10
10
10
10
10
10
10
10
10
10
10
10
10
10
10
10
10
10
10
10
10
10
10
10
10
10
10
10
10
10
10
10
10
10
10
10
10
10
10
10
10
10
10
10
10
10
10
10
10
10
10
10
10
10
10
10
10
10
10
10
10
10
10
10
10
10
10
10
10
10
10
10
10
10
10
10
10
10
10
10
10
10
10
10
10
10
10
10
10
10
10
10
10
10
10
10
10
10
10
10
10
10
10
10
10
10
10
10
10
10
10
10
10
10
10
10
10
10
10
10
10
10
10
10
10
10
10
10
10
10
10
10
10
10
10
10
10
10
10
10
10
10
10
10
10
10
10
10
10
10
10
10
10
10
10
10
10
10
10
10
10
10
10
10
10
10
10
10
10
10
10
10
10
10
10
10
10
10
10
10
10
10
10
10
10
10
10
10
10
10
10
10
10
10
10
10
10
10
10
10
10
10
10
10
10
10
10
10
10
10
10
10
10
10
10
10
10
10
10
10
10
10
10
10
10
10
10
10
10
10
10
10
10
10
10
10
10
10
10
10
10
10
10
10
10
10
10
10
10
10
10
10
10
10
10
10
10
10
10
10
10
10
10
10
10
10
10
10
10
10
10
10
10
10
10
10
10
10
10
10
10
10
10
10
10
10
10
10
10
10
10
10
10
10
10
10
10
10
10
10
10
10
10
10
10
10
10
10
10
10
10
10
10
10
10
10
10
10
10
10
10
10
10
10
10
10
10
10
10
10
10
10
10
10
10
10
10
10
10
10
10
10
10
10
10
10
10
10
10
10
10
10
10
10
10
10
10
10
10
10
10
10
10
10
10
10
10
10
10
10
10
10
10
10
10
10
10
10
10
10
10
10
10
10
10
10
10
10
10
10
10
10
10
10
10
10
10
10
10
10
10
10
10
10
10
10
10
10
10
10
10
10
10
10
10
10
10
10
10
10
10
10
10
10
10
10
10
10
10
10
10
10
10
10
10
10
10
10
10
10
10
10
10
10
10
10
10
10
10
10
10
10
10
10
10
10
10
10
10
10
10
10
10
10
10
10
10
10
10
10
10
10
10
10
10
10
10
10
10
10
10
10
10
10
10
10
10
10
10
10
10
10
10
10
10
10
10
10
10
10
10
10
10
10
10
10
10
10
10
10
10
10
10
10
10
10
10
10
10
10
10
10
10
10
10
10
10
10
10
10
10
10
10
10
10
10
10
10
10
10
10
10
10
10
10
10
10
10
10
10
10
10
10
10
10
10
10
10
10
10
10
10
10
10
10
10
10
10
10
10
10
10
10
10
10
10
10
10
10
10
10
10
10
10
10
10
10
10
10
10
10
10
10
10
10
10
10
10
10
10
10
10
10
10
10
10
10
10
10
10
10
10
10
10
10
10
10
10
10
10
10
10
10
10
10
10
10
10
10
10
10
10
10
10
10
10
10
10
10
10
10
10
10
10
10
10
10
10
10
10
10
10
10
10
10
10
10
10
10
10
10
10
10
10
10
10
10
10
10
10
10
10
10
10
10
10
10
10
10
10
10
10
10
10
10
10
10
10
10
10
10
10
10
10
10
10
10
10
10
10
10
10
10
10
10
10
10
10
10
10
10
10
10
10
10
10
10
10
10
10
10
10
10
10
10
10
10
10
10
10
10
10
10
10
10
10
10
10
10
10
10
10
10
10
10
10
10
10
10
10
10
10
10
10
10
10
10
10
10
10
10
10
10
10
10
10
10
10
10
10
10
10
10
10
10
10
10
10
10
10
10
10
10
10
10
10
10
10
10
10
10
10
10
10
10
10
10
10
10
10
10
10
10
10
10
10
10
10
10
10
10
10
10
10
10
10
10
10
10
10
10
10
10
10
10
10
10
10
10
10
10
10
10
10
10
10
10
10
10
10
10
10
10
10
10
10
10
10
10
10
10
10
10
10
10
10
10
10
10
10
10
10
10
10
10
10
10
10
10
10
10
10
10
10
10
10
10
10
10
10
10
10
10
10
10
10
10
10
10
10
10
10
10
10
10
10
10
10
10
10
10
10
10
10
10
10
10
10
10
10
10
10
10
10
10
10
10
10
10
10
10
10
10
10
10
10
10
10
10
10
10
10
10
10
10
10
10
10
10
10
10
10
10
10
10
10
10
10
10
10
10
10
10
10
10
10
10
10
10
10
10
10
10
10
10
10
10
10
10
10
10
10
10
10
10
10
10
10
10
10
10
10
10
10
10
10
10
10
10
10
10
10
10
10
10
10
10
10
10
10
10
10
10
10
10
10
10
10
10
10
10
10
10
10
10
10
10
10
10
10
10
10
10
10
10
10
10
10
10
10
10
10
10
10
10
10
10
10
10
10
10
10
10
10
10
10
10
10
10
10
10
10
10
10
10
10
10
10
10
10
10
10
10
10
10
10
10
10
10
10
10
10
10
10
10
10
10
10
10
10
10
10
10
10
10
10
10
10
10
10
10
10
10
10
10
10
10
10
10
10
10
10
10
10
10
10
10
10
10
10
10
10
10
10
10
10
10
10
10
10
10
10
10
10
10
10
10
10
10
10
10
10
10
10
10
10
10
10
10
10
10
10
10
10
10
10
10
10
10
10
10
10
10
10
10
10
10
10
10
10
10
10
10
10
10
10
10
10
10
10
10
10
10
10
10
10
10
10
10
10
10
10
10
10
10
10
10
10
10
10
10
10
10
10
10
10
10
10
10
10
10
10
10
10
10
10
10
10
10
10
10
10
10
10
10
10
10
10
10
10
10
10
10
10
10
10
10
10
10
10
10
10
10
10
10
10
10
10
10
10
10
10
10
10
10
10
10
10
10
10
10
10
10
10
10
10
10
10
10
10
10
10
10
10
10
10
10
10
10
10
10
10
10
10
10
10
10
10
10
10
10
10
10
10
10
10
10
10
10
10
10
10
10
10
10
10
10
10
10
10
10
10
10
10
10
10
10
10
10
10
10
10
10
10
10
10
10
10
10
10
10
10
10
10
10
10
10
10
10
10
10
10
10
10
10
10
10
10
10
10
10
10
10
10
10
10
10
10
10
10
10
10
10
10
10
10
10
10
10
10
10
10
10
10
10
10
10
10
10
10
10
10
10
10
10
10
10
10
10
10
10
10
10
10
10
10
10
10
10
10
10
10
10
10
10
10
10
10
10
10
10
10
10
10
10
10
10
10
10
10
10
10
10
10
10
10
10
10
10
10
10
10
10
10
10
10
10
10
10
10
10
10
10
10
10
10
10
10
10
10
10
10
10
10
10
10
10
10
10
10
10
10
10
10
10
10
10
10
10
10
10
10
10
10
10
10
10
10
10
10
10
10
10
10
10
10
10
10
10
10
10
10
10
10
10
10
10
10
10
10
10
10
10
10
10
10
10
10
10
10
10
10
10
10
10
10
10
10
10
10
10
10
10
10
10
10
10
10
10
10
10
10
10
10
10
10
10
10
10
10
10
10
10
10
10
10
10
10
10
10
10
10
10
10
10
10
10
10
10
10
10
10
10
10
10
10
10
10
10
10
10
10
10
10
10
10
10
10
10
10
10
10
10
10
10
10
10
10
10
10
10
10
10
10
10
10
10
10
10
10
10
10
10
10
10
10
10
10
10
10
10
10
10
10
10
10
10
10
10
10
10
10
10
10
10
10
10
10
10
10
10
10
10
10
10
10
10
10
10
10
10
10
10
10
10
10
10
10
10
10
10
10
10
10
10
10
10
10
10
10
10
10
10
10
10
10
10
10
10
10
10
10
10
10
10
10
10
10
10
10
10
10
10
10
10
10
10
10
10
10
10
10
10
10
10
10
10
10
10
10
10
10
10
10
10
10
10
10
10
10
10
10
10
10
10
10
10
10
10
10
10
10
10
10
10
10
10
10
10
10
10
10
10
10
10
10
10
10
10
10
10
10
10
10
10
10
10
10
10
10
10
10
10
10
10
10
10
10
10
10
10
10
10
10
10
10
10
10
10
10
10
10
10
10
10
10
10
10
10
10
10
10
10
10
10
10
10
10
10
10
10
10
10
10
10
10
10
10
10
10
10
10
10
10
10
10
10
10
10
10
10
10
10
10
10
10
10
10
10
10
10
10
10
10
10
10
10
10
10
10
10
10
10
10
10
10
10
10
10
10
10
10
10
10
10
10
10
10
10
10
10
10
10
10
10
10
10
10
10
10
10
10
10
10
10
10
10
10
10
10
10
10
10
10
10
10
10
10
10
10
10
10
10
10
10
10
10
10
10
10
10
10
10
10
10
10
10
10
10
10
10
10
10
10
10
10
10
10
10
10
10
10
10
10
10
10
10
10
10
10
10
10
10
10
10
10
10
10
10
10
10
10
10
10
10
10
10
10
10
10
10
10
10
10
10
10
10
10
10
10
10
10
10
10
10
10
10
10
10
10
10
10
10
10
10
10
10
10
10
10
10
10
10
10
10
10
10
10
10
10
10
10
10
10
10
10
10
10
10
10
10
10
10
10
10
10
10
10
10
10
10
10
10
10
10
10
10
10
10
10
10
10
10
10
10
10
10
10
10
10
10
10
10
10
10
10
10
10
10
10
10
10
10
10
10
10
10
10
10
10
10
10
10
10
10
10
10
10
10
10
10
10
10
10
10
10
10
10
10
10
10
10
10
10
10
10
10
10
10
10
10
10
10
10
10
10
10
10
10
10
10
10
10
10
10
10
10
10
10
10
10
10
10
10
10
10
10
10
10
10
10
10
10
10
10
10
10
10
10
10
10
10
10
10
10
10
10
10
10
10
10
10
10
10
10
10
10
10
10
10
10
10
10
10
10
10
10
10
10
10
10
10
10
10
10
10
10
10
10
10
10
10
10
10
10
10
10
10
10
10
10
10
10
10
10
10
10
10
10
10
10
10
10
10
10
10
10
10
10
10
10
10
10
10
10
10
10
10
10
10
10
10
10
10
10
10
10
10
10
10
10
10
10
10
10
10
10
10
10
10
10
10
10
10
10
10
10
10
10
10
10
10
10
10
10
10
10
10
10
10
10
10
10
10
10
10
10
10
10
10
10
10
10
10
10
10
10
10
10
10
10
10
10
10
10
10
10
10
10
10
10
10
10
10
10
10
10
10
10
10
10
10
10
10
10
10
10
10
10
10
10
10
10
10
10
10
10
10
10
10
10
10
10
10
10
10
10
10
10
10
10
10
10
10
10
10
10
10
10
10
10
10
10
10
10
10
10
10
10
10
10
10
10
10
10
10
10
10
10
10
10
10
10
10
10
10
10
10
10
10
10
10
10
10
10
10
10
10
10
10
10
10
10
10
10
10
10
10
10
10
10
10
10
10
10
10
10
10
10
10
10
10
10
10
10
10
10
10
10
10
10
10
10
10
10
10
10
10
10
10
10
10
10
10
10
10
10
10
10
10
10
10
10
10
10
10
10
10
10
10
10
10
10
10
10
10
10
10
10
10
10
10
10
10
10
10
10
10
10
10
10
10
10
10
10
10
10
10
10
10
10
10
10
10
10
10
10
10
10
10
10
10
10
10
10
10
10
10
10
10
10
10
10
10
10
10
10
10
10
10
10
10
10
10
10
10
10
10
10
10
10
10
10
10
10
10
10
10
10
10
10
10
10
10
10
10
10
10
10
10
10
10
10
10
10
10
10
10
10
10
10
10
10
10
10
10
10
10
10
10
10
10
10
10
10
10
10
10
10
10
10
10
10
10
10
10
10
10
10
10
10
10
10
10
10
10
10
10
10
10
10
10
10
10
10
10
10
10
10
10
10
10
10
10
10
10
10
10
10
10
10
10
10
10
10
10
10
10
10
10
10
10
10
10
10
10
10
10
10
10
CELL_DATA 3828
FIELD FieldData 1
min_dihedral_angle 1 3828 double
0.8966183443523139 0.6759343435293167 0.8661015626308742 1.0020636082211924 0.6931378046365261 0.7622456206759912 0.7517320358122107 0.81422282878218 0.4477112808745009 0.7457960418432031 0.8149066139205142 0.8176667559342918 1.0644637435104851 0.785432495563406 0.6368123119682348 0.6817825746231381 0.6766716524834592 0.7958443042950067 0.7462590960510258 0.7921926032571209 0.7607074435209701 0.6758054245180379 0.6671209018326224 0.5781455334645647 0.7001636198022945 0.7267445473960503 0.4893020480120063 0.7199715131715316 0.9666629734829473 0.7164372435453731 0.6904303879340843 0.8682216406319954 0.7233211501777053 0.4633433721199495 0.8074952733730175 0.8753073540813641 0.9228585433057679 0.6011882045373713 1.0157978785583237 0.7427868721344513 0.7451910480426078 0.9272026424717967 0.8405569627498681 1.0863171986664213 0.8381751647950616 0.8200179767415978 0.6567294097031064 0.6271760747653867 0.7199610489400815 0.8994075923971725 0.78075818949202 0.6951674369332571 0.8987296490377311 0.9374128694370192 0.8790856583343909 0.9590818188360574 0.942864090446574 0.6955429163178651 0.7241698869990593 0.6631305651037347 0.7396143056734797 1.093918613353934 0.8304163643611013 0.7327781966195168 0.8329760128192822 0.7414614536542063 0.9609410608217458 0.7749734166054875 0.5443653667194841 0.616813540090901 0.6711763734036177 0.4599329247042717 0.6906736967984014 0.9460018272258583 0.6711120912458454 0.7340004858922564 0.7366797338945168 0.6978557270349862 0.918667826904319 0.9103029358266516 0.991622612616091 0.5922972182387607 1.0148021895814696 0.664223672238938 0.8571688071614145 0.6239860553629208 0.6307421947632369 0.7592315741780852 0.9565255084435657 0.9138541011443977 0.9360434773924557 1.0059899530196488 0.7619173427282396 0.5892527996255881 0.6455924408886146 1.0275764364162345 0.8596940313596906 1.025193322191124 1.0764929021173137 0.6043122213498184 0.8274435314752893 0.8137297828406737 0.8445454711874855 0.8838005883282752 0.6374861725505757 0.8132408824158084 0.7791981508587303 0.7422773300247445 0.8646934818541763 0.8512587145435949 0.6898398336090764 0.703103219301104 0.6415685642336398 0.8060891024354508 0.4816699249047634 0.9554079376497704 0.8492851143076205 0.6740412319766274 0.6217576181769809 0.847694361732542 0.8980098667284124 0.9776060511608377 0.7638811177632003 0.9795210912490516 0.9505713601810766 0.6218851115418655 0.8903940236352332 0.8428058641759557 0.9754631787847494 0.6842510244461267 0.9546732337038338 0.6530511630512903 0.9241083035823303 0.8224966285996734 0.6200741435244015 0.8757927045791373 0.8142159675014282 1.0118909859925596 0.7490305515538711 0.6117276273615468 0.6253011302609741 0.8028796478646516 0.8472375722715706 1.0306453366237829 0.3650067177212247 0.883867831501854 0.8514538107283542 0.6482400548403359 0.8444484132381838 0.8117243043180191 0.6412992198347671 0.9202187374835173 0.8273705114568956 0.8454436686866637 0.8475911707677006 0.7866309211432211 0.8260243418023414 0.7059995054375265 0.8892158250784634 0.660652247973016 0.8161618869322876 0.481375337651514 0.8055268706590726 0.7304908899710729 1.0436680021989149 0.900778890356047 0.8216569012293765 0.7283303579524828 0.7179885928244962 0.6607503928056809 0.887271406409454 0.8404653313246689 0.9096749000957446 0.6987748510820624 0.6423524201408715 0.9235872976312136 0.8699936105262 1.0067987787067514 0.9565075654363223 0.5285485060281613 0.695833988153371 1.0576302726579005 0.8832324089910105 0.7149704665816472 0.8492461502114345 0.8496306688555288 0.6183795855895023 0.8338720652014913 0.6646997244542049 1.0602866935294872 0.731382500739196 0.9826517712822175 0.7282788428185721 0.8283184503411706 0.7099156470172289 0.7129611884394982 0.5733706507277874 0.6038747294142024 0.8142765376347088 0.700151079966063 0.9649973515859223 0.3545320000400006 0.6563861507284949 0.7467790031975774 0.6944766837753112 0.9371004410035871 0.8414523746573711 0.8379224286857139 1.0167757480304436 0.7126918525177552 1.1093629655693866 0.7856321225876282 0.9904947014912283 1.0623021693414525 0.5755838382153741 0.5235673312953165 0.6917089660487159 0.6495250993860516 1.0541824345137774 0.8317872148304256 0.7424253947574647 0.7697758436524386 0.7129441934993115 0.7406012019514399 0.6698876590177882 0.9847808770222597 0.8669410999482511 0.80244143150034 0.7628138434540765 0.7392936056018234 0.9196195701988769 1.0363868355742354 0.3751973316504932 0.6065420925486149 1.053991989175542 1.110951714030016 0.8453971898710518 0.86216390091674 0.8798229745699037 0.6270982440747664 0.6729510262171591 0.9774669564966557 0.7948564469654895 0.8644073621786799 0.7458126391721285 1.054570771039774 0.810160093123979 0.674755033248006 0.7194395955550487 0.8495588664965092 1.0071772352389852 0.8432438155534193 0.7280832614023255 0.730979991697269 0.6256699710052408 0.8947314068362235 0.7576350811515759 1.0977300093726758 0.9674432360235563 1.0174791093507576 0.839607024617314 0.868686489100769 0.9734911675873044 0.8484204482077322 0.7693930975873317 0.8343321671372225 0.9265282701391646 0.8070558676220526 0.6994858342794062 0.6722947591541327 0.9145429989267073 0.9924903076125058 0.6783316433366336 0.9770964324997302 0.892424543563709 1.0847248214601275 0.7223921322422651 1.0034949662081891 0.6917640519172582 0.7202392939227544 0.7320208270065789 0.8617077013821909 0.9349221989361476 0.8908208268491833 0.7741359091364568 1.0139823555274214 0.9873103367025817 0.8606901033995291 0.6787803972899372 1.0433425985645233 0.8419020561090772 0.8218524169231083 0.9511010302162202 0.7680128886161243 0.837550969349324 0.8484715394759899 0.6951000315201924 0.9453223960561269 0.7910019096294204 0.8777076755297306 0.8579255568459377 0.9414612824989703 0.7909523516815865 1.0739323179368374 1.1034556192656446 0.9379980757448306 0.8798419648467842 0.8706881899937079 1.0314312210394205 0.9273289304942025 0.9827673392070396 0.915370107781844 1.0646493278649218 0.8557809896535346 0.7375527612837707 0.5476053208214888 0.8896178095284256 0.9819679458311276 0.9985484781577469 0.6198964923414528 0.42750310480319365 0.8163761081030341 0.7845523135647301 1.0736889320461223 0.7629360596435468 1.0361196409348346 1.0565557603003208 0.9862976943417698 0.7885519929597479 0.8862123209423737 0.6153798479458942 0.9940450517258764 1.0193275617103228 0.7567129183526161 0.6065211073904975 0.7261208755734494 0.6873646785753817 0.723066084467278 0.8929578948738944 0.8725956169549264 0.6701029977338306 0.8027613750443245 0.5302255674972053 0.5475128976021171 0.6719984386259831 0.712365747963567 0.764342423436323 0.6649914464607921 0.8346836210808739 0.7504838486292741 0.9799693750473515 0.7342376411526015 0.7206621664293269 0.7938833024017964 0.9363942016796374 0.975620423365428 0.7025310848853694 0.8484779584384465 0.8716861033281973 0.9047948163228313 0.7308211413747353 0.6335513530857045 0.6110016401744273 0.9019632542033361 0.6715606280979728 0.8953532893200121 0.6571701048935166 0.6964519471051546 0.7607394048548989 0.7950938543312899 0.7916908395515853 0.8946941730859292 0.8222912617700993 1.0125918933713085 1.0491753965716453 0.9511789787042502 0.39913555834197356 0.7500043830262961 0.9854159766423288 0.9176755965723262 0.7127476232572914 0.8535548577827127 0.9117489502489315 0.6317228514742063 0.7673585489913615 0.6022932985119471 0.6149018233317133 0.8768099022240855 0.6211648218321172 0.5783079923642651 0.810965301236162 0.9355290806755324 0.8094610068790775 0.6984347900060607 0.7050783132295003 0.8377388847458959 0.65098891227851 0.7141587086609761 0.8183826952555973 0.7348388477049506 0.8154875137672264 0.6736290183857686 0.9743078222964945 0.8866006463576024 1.087309266743343 0.6177010811980824 0.6991414778013643 0.7992856996251981 0.8190147361142123 0.5202639116504388 0.8924058708135785 0.8537465066076991 0.516028328839865 0.6741841785956129 0.8621009609848815 0.964891532140242 0.4713358489024149 0.7804011240485188 0.9353110900988687 0.6923446056288604 0.7599543779806764 0.8014156238165027 0.8925709377404099 0.8428446461648356 0.6730000896570772 0.8973446825015521 0.7448878529303405 0.8635897462613539 0.7928424472430111 0.8515926072758574 0.7130106548087902 0.5756138946254181 0.6072730205606819 0.9724468554488348 0.5586190190343586 0.8483717189136051 0.8427480973756444 0.9766658295286142 0.9026144780156363 0.9011450991832358 0.9450354642210617 0.9777008239483252 0.8624128609867754 0.8474081308769794 0.6856292360980293 0.7978079151018795 0.4858422417118259 0.6932596612646964 0.9038405973159093 0.4742820418403488 0.8406119176249444 0.7448352315713292 1.0215149828525036 0.9353623780921496 0.9041529879369533 0.955736393789528 0.7861413564613958 0.8846734372246694 0.5463430381043684 0.8834730924296403 0.7835662041311087 0.811888620268968 0.9047460886218983 0.8469090544147331 1.0334195014548802 0.841724460476376 0.7712247217450352 0.8096530546911719 0.7807151595923179 0.7915942946874991 0.867765895529852 1.065529626197271 0.7043770013894436 0.7982650716493401 1.0469124555063938 0.6833574531198467 0.8737297116926113 1.0400370251460822 0.9166912018754133 0.6085925905711739 0.8301994201991554 0.8351739288327334 0.7030552483921282 0.6442063647937206 1.0397198023265324 0.9021363558718927 0.9216395220506752 0.4470858008468022 1.0330083928416005 0.8423075925020218 0.930585386201765 0.8112148940430199 0.9671976077700616 0.8436570861471514 0.7136202304887124 0.8960068387620277 0.8545918146609267 0.7323034850098428 0.9294634780192035 0.8512776013971811 0.7301013007655531 0.7482811018228944 1.1081834175207645 0.8483510534364467 0.9485431813633298 0.8247904335753601 0.8158531530729521 0.9874055985119438 0.6551870993517563 0.865414417528459 0.8363617028616586 0.862247453758289 0.9354333121871876 0.7660678919619779 0.8783437042754028 0.8264425389803987 0.8081702805716993 0.7545197707257351 0.7148504617068225 0.9143692055141159 0.9897678448665752 0.5207749449207754 0.9276077121575529 0.9992164932094966 0.6965487837351108 0.739370150423741 0.6694995586577802 0.7932592578522707 0.632662082617789 1.040432895506187 0.8192548355745396 0.42275566582504864 0.8045971553131871 0.6178947841145769 0.7665514799854282 0.6550111896924068 0.7855945275477348 0.7465709005463573 0.9086109363015715 0.7966681808809596 0.9345658548700451 0.6971163632969813 0.8253242674470312 0.5244006497056459 0.8372552023498205 0.8902517366253143 1.1014040340853362 0.8840333817177602 0.7834074074954921 0.9155950931270005 0.972151145693771 1.0068264459018477 1.0005133961872876 0.9191873323141037 0.5960694273852853 1.0479281946098171 0.6478874968387347 0.6758293459936008 0.6987133434258805 0.7482055201302519 0.6036190370655671 0.9991355383835631 0.8865157922337343 0.7232053018635086 0.5667758342989674 0.8911312571264131 0.6133848470407094 0.9645407612551639 0.9057656428320074 1.0558302185324737 0.6856941713805628 0.7573809701501347 0.8748722060239265 0.9442225738176097 0.9995582287755185 0.7288022176194461 1.0088378922462615 0.9584587077896709 0.8054660867707839 1.0456118780380992 0.6732219356590169 0.7306831117838818 1.005054385734661 0.6759396324768208 0.7407480064066928 0.809208777299054 0.7615306975481401 0.8070185505971502 0.7386231236254718 0.7700024619259335 0.7575535807603124 0.755880025321577 0.7389104761693934 0.9447691989719378 0.8427528436499645 0.7505848814120172 0.9270311563804239 0.7860862274347729 0.5618764354403284 0.4034470869121328 0.8690121316050609 0.8555565799240593 0.6351261055929788 0.8853897816345777 0.7216697770884625 0.6227901978757989 0.696703059334883 0.841208569847305 0.8355941377857393 1.0399180141366247 0.7597972634182057 0.9755034006425329 0.7890856933147036 0.637228522931735 1.0339150104568624 0.9431164577163714 0.5131346367369006 0.7239498712837923 0.864486265125508 0.6637333744539383 0.8937049306076666 0.7589860893828061 0.8244748875064621 0.7267926234118022 0.8122174753884962 0.7029205319236494 0.7865294971269515 0.6922883870447037 0.6016515554206975 0.8486279181205094 0.9256837714409915 0.7868030542277148 0.6438720084668376 0.5844564372299129 0.8478752969215574 0.8903028940936646 0.9088221011793668 0.8715011572483391 0.9159238560984093 0.8079873348657095 0.7608367985085626 0.8971935158700346 1.0696462562214613 0.7446655499984387 0.7616656534387192 0.5530040576136194 0.8330940375883231 0.7596150075711579 0.989637066366517 0.8213797258240021 0.7056019148781871 0.9797984972069339 0.8391373258835183 0.9418470907408614 0.6696679509038175 1.0334265899993715 0.8930582535864255 1.015660347627381 0.9015684205497665 0.8504522137378299 0.7899415339593121 0.7661999352315633 0.8724272239109762 0.9468916905765266 0.8332042463414981 0.6921139268864326 0.8098202115771489 1.1212131903241873 0.7578494360674581 1.0054287321770368 1.00519211584915 0.8206217378530328 1.01266046503007 0.7952368537292455 0.6979163733832724 0.94684026323504 0.6597149366141394 0.8404812925960803 0.621991506021212 0.9927637773151808 0.9896543716103134 0.7649256884402755 0.8223842494695702 0.463099817110268 0.907813228767333 0.7217398833515783 0.7093966167419291 0.6308970256648118 1.042398347202278 0.9171639074746388 0.6210711610221936 0.5479948981713613 0.72836993681971 0.6071689967232893 0.8637782450029002 0.786078444771664 0.5446454413032855 0.9822235781019558 0.6189717976538033 1.0250596418750366 0.8840573189361991 0.9350678885440785 1.0938257036993164 0.9691554520241105 0.6522893607248905 0.9239059205353265 0.88498824718907 0.8615149735528879 0.9297917283944371 1.0511818433882125 0.7381889496928378 0.6512333481435707 0.6794361957673092 0.5891399766344161 0.971985317543131 0.8470837519635327 0.979220510939877 0.9205185054140997 0.9051470882632331 0.9857344449574751 0.8979461553544535 0.6939744330765137 0.8380180315639719 0.7313796196169442 0.6304681235927763 0.9972891784407835 0.9232430125086089 0.7987525330031119 0.7015277795678357 1.0009975411591823 0.703140285365983 0.8888116651461483 0.8753783421693825 0.9486375453646553 0.7023198350972322 0.8333420467607121 0.9833102786743998 0.5819158865846312 0.7578981671605507 0.7783079850970817 0.8251782363995989 0.9361090076358218 1.0441781269316734 0.9414934041869811 0.5069004481419205 0.823620763723625 0.8365449450130847 0.8092725943878788 0.8170609783797222 0.6363611090118484 0.8891639351056132 0.9365279541523907 0.9477794790999005 0.7066601966942277 0.7251053831428868 0.8167992592777392 0.7970119786334814 0.6528340473205794 0.7617474634310355 0.9946941907732539 0.9763608921162258 0.8817793442158247 0.861994719940207 0.7436736635854143 0.8315159076823022 0.7447043034278359 0.9204252688354121 0.7494440888303782 0.6549403576298886 0.6127668621313787 0.8045438013461739 0.9482726305839183 0.9441169786825611 0.7550364334721897 0.7401216121947819 1.004653518449638 0.671634202990052 0.49202498081889817 0.9860301580281045 1.0475579466591232 0.9657307922692246 1.1280444216772363 0.7945476419177829 0.8066919847217319 0.5937909015752549 0.7673025998785085 0.8147365671139455 0.8784691465906189 0.7952165065747336 0.7288747221921456 0.921537159856592 0.790037275939282 0.9383506523235533 0.6063905166059429 0.841663845923021 0.6305357028181048 0.9468861102063952 0.9689177540616511 0.6565745979249785 0.7828000421992548 0.7891692655680087 0.748209422503317 0.7540986274739733 0.7243966419107903 0.8356992569564057 0.8399454956889991 0.592873934149371 0.906698639569458 1.0018336048001577 0.7782814772232933 0.5743840138845276 0.9990597833152655 0.8332925208345378 0.5220282832564603 0.7728802357656223 0.8817934348560613 0.6990019755467028 0.5780442121877802 0.9031815171657613 0.9152612563204475 0.7346781891074946 0.8359637564284959 0.8977634921199076 0.8690913312659073 0.7462150203716009 0.9045965331147755 0.7344796244287576 0.8782470170391246 0.8652245485226173 0.6546332042558707 0.6235616241587499 0.9251041339524445 0.7644541628761683 0.917310242636795 0.8007488232055211 0.7879641068870725 0.9650808727937433 0.6602541260964602 0.8684206134551685 0.9540405808311229 0.8279195482850041 0.871723743263969 0.8826407664480327 0.8140819978753955 0.6171932350421803 1.095842016919384 0.437922668044074 0.7199403260756704 0.4264373183719405 0.598970117845661 0.7728208297343836 0.7380318753319822 0.745458932528179 0.8183264200054104 0.6516578811711343 0.6966558495260381 0.7357817752095177 0.8578460988279961 0.9085665962991151 0.7569469726381292 0.685872221168861 0.8219487559024499 0.9510096128046355 1.0046758246535297 0.6472070619985896 1.06825638726566 0.9207556868009676 0.9331601428037279 1.034595163899964 0.6661360791430799 0.6945544357536625 0.7000266299521873 0.6115361993873631 0.4478443103075736 0.9534068624828935 0.7649096601766858 0.7607513208011993 0.7857242894128571 0.628232010799831 0.6884071157028893 0.9533850497964244 0.9006210497414285 0.6747934335372321 0.9105201029585176 0.8716101478083285 0.7755292056142296 0.897796196738764 0.7617675601210376 0.8109294920513733 0.8906825952691854 0.8748023488120475 0.9106101475651803 0.7270064046319699 0.9138055597061598 1.0214422939998296 0.7541485873148166 0.7182610357774033 0.7921075472621748 0.8002891137705169 0.9308260039793699 0.8281983983616702 0.7900430906347006 0.8349884181732757 0.7816987480679377 0.5908903610177259 0.8080307030470033 0.8125478427848308 0.463383223175878 0.877354748403884 0.8127603997428654 0.640369771984971 0.7188253639066076 0.6706316081366807 0.7937614073781085 0.5569878950208124 1.0649599550781335 0.8953786725719508 0.6173274585501428 0.8291885457198256 0.9902568348622772 0.7154954319488418 0.7299262031607183 0.8002473284513575 0.9005973679647685 0.891201113833364 0.8513395742969779 0.994194619767682 0.7831785151836247 0.8163017565090354 0.7596115361498597 0.6025473374950048 0.9572218552885602 1.0503301805469285 1.1139582011126308 0.9129801774764366 0.7438136818821365 0.7052721629533332 0.6759599854266651 0.6689908344828261 0.7554186015868314 0.7132877158189891 0.7137415956382006 0.8510494328822611 0.8687631981540012 0.7400913936187895 0.753403392524982 0.7558115856122717 0.8668316176756896 0.9043694553118152 1.0407371070252722 0.7183946278629566 0.895638306392927 0.8780363540702135 0.7707032621903207 0.8783116065117538 0.611712214080179 0.8467744738701071 0.9967039839311429 0.7332875556153122 0.6617957570816277 0.9348690858912129 0.9061074483183815 0.7915333897629167 0.7192072820860377 0.8611564469262303 0.9854450251287441 0.8871889180961549 0.7098727737484112 0.7895397148292593 0.6408316921659065 0.9278960304005858 0.8075830582796377 0.9361382030512828 0.9743870324749296 0.61247526956361 0.7701551553006434 0.7742760026796702 0.9226875362019151 0.7779634182177145 1.048029423404783 0.9791338606473425 0.9687832987213977 0.5836271118830756 0.7905114250649492 0.7683451162503528 0.8384935156486527 0.7492902653147349 0.9364308315054425 0.9200509466835163 0.90703174437434 0.8226463396137704 0.9040045199750493 0.8542669251421176 0.8733746718738657 1.0543462833416477 0.9745736741222665 0.6229464659025131 0.7487851215131802 0.9001234627767777 0.7995582897739245 0.8509937971341258 0.5811727484467459 0.8177083162394939 0.6769388867695576 0.8024485383576857 1.0233136003145005 0.6850638126514005 1.0006253144782737 0.8615094563454667 0.6617723828132711 0.6870575526617131 0.621977105411009 0.8639183590525881 0.7457623261307387 0.8818012785618089 0.9466186801442814 0.6365168714479136 0.9963031942738889 0.7622885605249002 0.6361494058405354 0.7948256439392324 0.7247900388379723 1.0122077479698581 0.9580810696231526 0.8490898697647378 0.8422976649119212 0.7600065850434731 0.6341474863393405 0.7174763162031006 0.7859678729100181 0.9821597309114166 0.7035620194725419 1.0065477805449699 0.7925297308870097 0.6826645354207143 0.7980592203062278 1.0695110571735726 0.662731172784261 0.8461499868228823 0.6026591388416502 0.7251491509121522 1.1245359606446679 1.0365813695860158 0.7552043909575792 0.6349961502971745 0.8664067866779047 0.560171705011764 0.7274896509714559 0.6592459306496398 1.0118210864582633 0.9318753557124096 0.8661576306991949 0.7987796428847684 0.7485398044228998 0.6137719782647668 0.8165821200330617 0.6867866824336788 0.6873607121120888 0.5477578542984746 1.1172157604483433 0.7059696940922737 0.8349861661356123 1.0687288212307258 0.8230691051020569 0.8406803398122601 0.8273663353773892 0.9355616487705929 0.8273934013691878 0.9292621308206898 0.9061123857255816 0.8737719036464638 1.013309496639099 0.7435152316425991 0.691019111803224 1.0641711249047576 0.8215072588326197 0.8207327287301829 0.8120850962787073 0.814403613540401 1.062485408251839 1.0234364589081415 0.8064997146979369 0.4885144426523278 0.4958079564374207 0.667526321788044 0.7916989547713779 0.7701905785916867 0.9127913402874982 0.9182297679085653 1.0871821435448206 0.9735405488325808 0.783732918366195 0.8092251425084993 0.8321198309054517 0.7553958564535707 0.8668080571173568 0.8665517329988719 0.7044045925507609 0.9421089557509474 0.7924841567816292 0.8576481820774948 0.8048567882158232 0.7232557966260484 0.8892864190296272 0.7955436637984483 0.8751243467204635 0.9094863253898193 0.8489132442136774 0.7050879083945806 0.7801883037385062 0.6061667484127969 0.8771025176193877 0.7135677043736399 0.6014666882802795 1.0021906887597818 0.7012054961758399 1.1034112034968817 0.6775590687089431 1.0411065722751043 0.7653681028322049 0.8707315894230276 1.145031656391799 0.9671305838173228 0.9265247046645354 0.894618338597274 1.0392545331172485 0.6983394907914687 0.8906380151508664 0.7511988112114942 0.9072026940805623 0.6516414472185794 0.5900838569776823 0.7880722270005036 0.9561017242128595 0.6966637567355969 0.7078338780783578 0.9046221033020064 0.8276476790331541 0.8985758698301844 0.947518324845508 0.8304832409219524 0.8717528849744532 0.9779338458857446 0.8852342202302599 0.732101994415541 0.8646803283638278 0.664808258765801 0.9090715393599121 0.7149619056794747 0.9006381116967732 0.8721738553063803 0.8807906556618647 0.8461951192498484 0.8507291215840191 0.8172374596475149 0.9438890026992325 0.8220213512265894 0.6528369184854527 0.9383967528268163 0.7850000185946544 0.6893901155486079 0.9483657050705356 0.6550788054675443 0.4093263557196804 0.8485218195615493 0.49833375481521225 0.9107454963370458 0.5834951852255659 0.8179428199128141 0.8281903418483012 0.7855227531345632 0.9376682768343535 0.6746759653276234 0.4171631498153591 0.697283742209109 0.7126533878180558 0.6155989515816479 0.805520344160551 0.5709065709858686 1.003956554407261 0.9514769082892485 0.8212527768728042 0.9130957934927147 0.8444105890566181 0.7667322465729669 0.7832438644392483 0.7851630160522994 0.8669229187901684 0.9304971184392877 0.7619432079763225 0.8041482076432859 0.7188013551896442 1.0594116893550634 0.7963516751005686 0.7466188808799348 0.829360786235994 0.7755464413434249 0.6004086603587039 0.8487651636862797 0.6234099213988272 0.866513469402358 0.9065244050781901 0.8189442169327842 0.7306965286043761 0.8201764696084043 0.6076594346744659 0.5563669895395 0.699064626339446 0.795040576716154 0.9019780566624486 0.5608775963892904 0.9716771485549026 0.782931924470677 0.5607452608986516 0.900467765956647 0.6829227209038627 0.8201805971341769 0.7871983906050843 0.5894886152132721 1.0331562006428163 1.0659043880770773 0.863327264083184 0.9673330366632076 0.8168291245460204 0.9566193112527995 0.7083398893432301 0.9705468760127544 0.9172225375672026 0.8480765571523635 0.8909313003236092 0.9306154119198307 0.5831579172452422 0.6477037339946605 0.8553413489913747 0.5720379685470913 0.7743799475132224 0.8705460824343094 0.977158199282417 0.9876288179961658 0.8827704454440499 0.7027563351542981 0.5036134864609481 0.8380441312279029 0.7270806364631731 1.0865365127374758 0.9156998806463427 0.753901476133791 1.0385881296155204 0.9959759797091695 1.076122325022746 0.7843585467913355 0.7092355040884476 0.8406123929754844 0.7363723694653314 0.7817800876753606 0.9691885907901592 0.804604478032617 0.5468309480920998 1.006948584465797 0.8822730136115344 0.8311375395306487 0.7298765276979094 0.9639593216138875 0.8019430321793369 0.9542502260696158 1.1050727511240221 0.8574269320131346 0.6635644859232291 0.7552923987788631 1.0454974740294813 0.7152400173379747 0.736773970707346 0.7625954564718308 0.712357323394592 0.7583748149571937 0.6749160461494133 1.0656804233485218 0.8199116325592988 0.7758676313642754 0.8838179378109428 0.8947759754795407 0.8971358771881341 0.8504017264389747 0.8310620287162689 1.0303697784337296 0.889438094488633 0.6868826211296717 0.788909647432577 0.9377163362989399 0.6883879550483429 0.7075417634639587 0.9122720275233738 1.0355896732016263 0.8030303771338949 1.0463434501928506 1.0406242819096958 0.8054261220598986 0.6773923592797851 0.6089905810696774 0.7482823620955155 0.5576394503092421 0.5159943888568305 0.7629345201384898 0.7516651136814579 0.6903530062871861 0.6002780876365943 0.7291532738632267 0.9666700283906998 0.8556257288744648 0.9643655245053572 0.7219693158539683 0.8256388244892571 0.7893991445123208 0.6461675080596689 0.844431622371874 1.003162723352186 1.0086493503585783 0.5444656957204355 0.9626653628720354 0.6321540427275322 0.7802332360607216 0.6961197835519414 0.8188749519174503 0.8713816162976289 0.8012373350625199 0.7141758742554135 1.0007969861404964 0.8415423468026698 0.7632626554932977 0.9536121957884556 0.9526050295415366 0.5969053956115169 0.8403267404526086 0.6957565268552771 0.8298395726311009 0.6999615262629989 0.6731858372085822 0.8859935181749072 0.7354242233078329 0.9609944139918829 0.7149411755426707 0.7738405538273211 0.8950509717866945 0.8456031198596274 0.9076324387724154 0.8170394080047336 0.879469772643457 0.8698108920628115 0.7201620983565644 1.0736538074089603 0.8345326731934261 0.9914927064708438 0.9516598344171441 0.9857980320525753 1.0430003770994367 0.9297747447177634 1.0613739176508261 0.9395400537392367 0.638412141909445 0.8691588591990411 0.39083318909580395 0.6079996744901787 0.9751963765236612 0.7749547632605106 0.7469054471438087 0.7106712375565276 0.775846337916708 0.8726293357975549 1.035804935858308 0.7387987535957756 0.7328688358356 0.8770389286967921 0.9279888779017326 0.9849163211722216 0.8477818232898664 0.9113541856151344 0.849502893647297 0.7493575365210663 0.8683942039384159 0.8645608545640912 0.7846935946416695 0.8119649682074973 0.7817999765081043 0.8613012849336299 0.8769709709633582 0.9054226371092479 0.773469250382393 0.8111759995043778 0.5139499570467868 0.9165334450362131 0.9777695606142922 0.5167838614119854 1.0025083208159253 0.7731521438784753 0.7307615984046969 0.7005939808071762 0.773123101246912 0.8620904376932935 0.9283351418057515 0.7257399002097045 0.7233723222322065 0.7444019419251051 0.8420351679814232 0.8018381149053314 0.8799636433078556 0.8337822406616892 0.7134767114911165 0.874271121539454 0.9027440669780419 0.8277517894203233 0.9309945745575118 0.6741121722649974 0.6800317662232189 0.513567793949676 0.8337720504278865 0.7851048526178375 0.8598031618757125 0.8566791717469517 0.615273552529577 0.9015764674814479 0.6263284548759543 0.639207676894565 0.862455954316728 0.9287828034495551 0.9572285946176001 0.8551312309546878 0.9106457151078262 0.6943620317714984 0.7390851337845926 0.7556206364075317 0.8665631042306898 0.7593186941200368 0.6770924542311153 0.6791485130335302 0.8137693437673365 0.7417155466183322 0.7092582597705405 0.5396272016111147 0.6928603933697706 0.665237516972726 0.7822922808221728 0.7280792080925044 0.825649591453638 0.9264366355740344 0.6404312452806792 0.8023854670588295 0.7922669958385482 0.6737742740776397 0.6306604781893793 0.678189115387633 1.0357575367326755 1.0225370135728542 0.9203158707781356 0.7852711435294177 0.8665583555032371 0.8237925870403554 0.5928487022414384 0.6793766644215959 1.0074717407059797 0.9061571595448731 0.7399365069462535 0.9657760653251742 0.6294488481992413 0.962865023537057 0.8392076309575175 0.7753578348832547 0.9025521625481548 0.637263796909127 0.9574143049746433 0.8093418659460542 0.6246299348652389 0.6665446903641381 0.9113607991067645 0.9337838970357417 0.7989688920151944 0.7140663797194005 0.8973329847204046 0.8831836465843665 0.8617736408992773 0.9192695144925592 0.8071913134474828 0.9873760242629949 0.960409730894235 0.8904820577226795 0.897633098916694 0.9475592292443414 0.9442957837216319 0.821357848905665 0.603283365518414 0.6483174888252499 0.6802331196294773 0.704892681110426 0.7941642386005369 0.6704023553740777 0.909046236629595 0.7183316901320201 1.0410211394970414 0.6441107983159811 0.7523966113036329 0.9186630911403725 1.0425997234777418 0.7138479239925909 0.9487682196881947 0.7589773469521073 0.7690203432289018 0.8130960792394168 0.9454089118181421 0.8849672152892636 0.6678579153922204 0.7162434035325895 0.6605271968927248 0.7434195948586512 0.4942484854763016 0.6959236844511657 0.6640819590099781 0.8744037557120725 0.9546153987830871 0.9930207941149085 1.0036170969245721 0.5761086748215873 0.6272352809228773 1.0773784983986656 0.9552049291516499 0.6774694854402978 0.666553282926571 0.8954810380146013 0.6385107139749823 0.9718250384990229 0.7410509432908575 1.0572435129502022 0.71328200782564 0.7379271527855853 0.6813583900190796 0.8422911560827746 1.0619145783222823 0.6829738602971204 0.7518201895783743 0.8674813862892953 1.0301996849933557 0.7447052714598953 0.8438344448344693 0.9193204845466376 0.5347585300897488 0.6979086115283215 0.7709608128428997 0.8058644415100911 0.960654111407591 0.7467900228242798 0.8423907209551261 0.8384040853238429 1.0104988178619374 0.9200021193702778 0.6416771511700252 0.7613176048303442 0.9686538495515753 0.8243153021769466 0.9426528401064622 0.6784338472742762 0.736876669388699 0.6759911745706453 0.7539087762467942 0.7427180993695841 0.7744832893092625 0.9934419665078054 0.8335437491094347 1.0070771557400422 0.8390966064730244 0.9546172506737185 0.8029220414159154 0.8086107441768743 0.6443469391957155 0.7635524890123538 0.5627258080113473 0.7621898605111884 0.7658799519917027 1.0071077640083814 0.9578926556617167 0.9435870309024584 0.9832601767836382 0.5307703593046672 0.831682523278863 0.7961100581537816 0.6417523240438213 0.7847836065894701 0.8599747571389753 0.7739141656500993 0.7326621155654088 1.0394291044851016 0.9066219076354902 0.8792451832185365 0.9552772589301136 0.7974438827328045 0.660682163915569 0.865633726173891 0.8929874200455095 0.7465453403462119 0.9223956866330356 0.76814778749241 0.7864318794890416 0.7142479210376067 0.7612401403639849 0.7721507784406888 0.755177245921622 0.8769522566754238 0.7360985960724823 0.625978657149869 0.6636758962782147 1.059214678678999 1.0749152710976593 0.916599874413319 0.8844728761145736 0.6265145068752007 0.9395813377025213 0.8193260514408395 0.8348396008144869 0.8597912999997089 0.8242903173636763 0.8385937678827542 0.6528655196248528 0.8945683183676294 0.7471145951012534 0.8188763666093505 1.0021186020969364 0.8010786176611066 0.7419694244071263 0.49446094056550016 0.5385283722452757 0.9075737607630245 0.8256142277587077 0.9165215214072203 0.9495510411467897 0.9042859866320748 0.7460922101792326 0.8719559847533274 1.070788355231147 1.0466345099129726 0.8611575798285198 0.9451104663941916 0.8445039286496047 0.7716617995132194 0.7051336856802886 0.5633523673822168 0.6119294149997162 0.85050718996031 0.7602656385394089 0.8308525337760752 0.8863519053669717 0.7750257234870304 0.8989436947777782 0.9520716027597824 0.8897540281128077 0.6292930922040246 0.6867010516966369 0.8567526258442131 0.9152104622430783 0.7803895072066881 1.0736507732984826 0.677625501747279 1.1114058513776144 0.8123494892779203 0.5763761733849478 0.5833108261110769 0.9173468865091121 0.880234825784795 0.9648568859724472 0.7708784086150849 0.7931287231928776 0.6090766170453367 0.8060308242885659 1.060687561374775 0.7728566383968315 0.7022021470036751 0.6464231008601746 0.7067696169723334 0.9469210381448019 0.8792490560171894 0.972537468437729 0.5816149007220578 0.8380063968176649 0.7567939494527505 0.8046684179274934 0.8128414792559921 0.9539815860677037 0.4717935950674624 0.42531788774372886 0.7658151176447876 0.526280179763631 1.0347639864760043 0.661583194373522 0.9485997501601211 0.599675990554363 0.6616792592400681 0.6459631785587899 1.0662977699885448 0.7271262062181515 0.7180138086495349 0.6406309946803629 0.7417564641225544 0.8945473163196971 0.7369502444024764 1.1022215414217844 0.8112542214509193 0.8858684705941189 0.9227928740034707 0.8524996871956125 0.7881448684058512 1.0047089203333772 0.7704323349927268 0.7630844963825641 0.6327468816296387 0.7913917284892927 0.6448229051790803 0.7229456047650328 0.72131251070261 0.9014839491490692 0.8104691675671992 0.8841524534447811 0.47463098819786587 0.850960382401805 0.8317660968506704 0.7540386105749074 0.6946395553584108 0.7856142024471843 1.046048219214519 0.862251663439973 0.7960690010627286 0.7728312960686902 0.6492105150049412 0.8229779836693217 0.8655866931013131 1.0325673318857547 0.7266044333087751 0.8749962172159313 0.8506449659407883 0.8924348030003569 1.0461598582607174 0.9571893911096028 0.754199664074369 0.7529755515541761 0.6744671034118116 0.6857435531693532 0.8356795463158049 0.9223038850158727 1.0258497313941233 0.6593228117079909 0.8291870905100064 0.6968966196273851 0.655937804133675 0.5178614186134252 0.6263634776476789 0.948943211769276 0.8273376985151607 1.0288978979438317 0.9650662833034686 0.7714495930756394 0.890585720447894 0.7406563787880698 0.8849872682513897 0.9222379004046505 0.8252670301876828 0.8608947439280383 0.8116073464975461 0.7143752951903101 1.0102614107787313 0.8281656196956741 0.8344591355199352 1.0026847301361224 0.7921083971973899 0.5452361245019123 0.8448646660739813 0.6965087098477196 0.7825849713341898 0.9636878742105395 0.7304672230613282 0.9780196110077026 0.80118910440034 0.6515903129104773 0.8737268226569599 0.8115473477960109 0.8754589831036248 0.6714262173081117 0.6655438814696003 0.7508075349826402 0.6399120302796246 0.686797265078154 0.5540178500277092 0.674175663865841 0.7366516230449957 0.8976155421205807 0.6145409170883006 0.8099810690035418 1.0281832901684143 0.7303591701395343 0.8539581972091864 0.8648239539290363 0.8351252157942268 0.8527038743316623 1.0648228992087496 0.5401280448333758 1.0560585014737343 1.0264489848647278 0.6025579712506952 0.9366414493866184 1.0501600833137974 0.9056439363360426 0.7546417213680927 0.8796563139819209 0.8195684161441289 1.0608001358351336 0.9540248956311116 0.9227224527942426 0.7415341684985133 0.679888714495071 0.8571526286718054 0.9095874363834722 1.1227916677111296 0.8857024034016548 0.8895358219437349 0.8907015275781464 0.9412055887036024 0.9233892676042571 0.8878364267775075 0.6875548382699707 0.7473056206669593 1.0944082468018208 1.0237461691242167 0.7240217345464789 0.7966581601254161 0.9175462803769818 0.8133377114188985 0.9184631462259827 0.6458940770403179 0.7222980170310576 0.711240260895427 0.9623143399636883 0.8683309396895394 0.8882017690013065 0.8398088562668055 0.8357372145410653 0.7830563183769047 0.7582785025037205 0.9581386686078396 0.7496893786106948 0.7390317994018231 1.0282503238991836 0.7562971891846032 0.6811999366137589 0.7413445983971924 0.8550702482283945 0.723037223639101 0.9629990753593586 1.0890934146838325 0.7427722634011725 0.8353813734101898 0.8402180714414491 0.698945386763336 0.598753265574493 0.9746280190757758 0.9448663397261922 0.7368963319507384 0.9103892172443732 0.9179558690215871 0.9544036342620449 0.8711526791633062 1.0169862261992841 0.892654388807113 0.7670574103385948 0.7269708507977801 0.434093908919805 0.17723835716007225 0.3085375308439463 0.7345057659506851 0.6303550944725933 0.8277339468238952 0.9907801776563775 0.8382467241113302 0.9997876654770432 1.048159616256202 0.9666847484463257 0.9092637944894624 1.1168039814116137 0.7720894468449851 0.7749628971246814 0.8479166603145664 0.5275279347138906 0.9485246808994415 1.051681063032814 0.9907028402476726 0.9326878878367441 0.9697581301147385 0.7657106135972457 0.862229462796881 0.7975614312281173 0.9661143481436616 0.728066864207089 1.030031469482016 0.7313009512127957 0.7812745601695311 0.7006534389952956 0.8283437559434085 0.9729001510771936 0.6680147170543274 0.8702297493854745 0.8274744476224597 0.7408847602396006 0.35856909304712453 0.8905036229829837 0.9845985674979768 0.5433146106053721 0.4143548456870225 0.8047586845860919 0.7198284211070337 0.8296698982719904 0.7101402847382671 0.9909226545356098 0.6200801213474377 0.5373368965928554 0.6589854764758685 0.8345020798730306 0.9081452283026031 0.7201767376137574 0.7731220433553694 0.8205326333544272 0.5820374518334934 0.749264790311113 0.8279226653252646 0.8678943733590475 0.7997027067414414 0.8682642511332521 0.8478517336076576 0.774935718116634 0.8025465236054632 0.631062319721097 0.6151567198616802 0.6927636572273308 0.8857078276266175 0.7713981307408923 1.069113614792931 0.47390727126387033 0.6943268093821247 0.6518210057900735 0.8584624734666474 0.8120742092062528 0.8897088693572955 0.5796250918479996 0.7648065578237985 1.0406323755248925 0.8438208698067411 1.0035661894836414 0.9038105424055018 0.9111228046896805 0.6694311739304837 0.5599473799966355 1.0462555993597904 0.766383580261562 0.8807872738972758 0.9038459171246901 1.060776509448224 0.5377724618105727 0.6845961834205463 0.8605984448691364 0.593724396995809 0.9837877846795842 0.6979509987638624 0.5358669858854355 0.748858746677344 0.7452544557641719 0.7026230511380956 0.6830211209473194 0.9977825245039161 0.5356933005390166 0.8203012053487602 1.0414814699967727 0.7892673179981413 0.725681866847473 0.746170037922838 0.8218808296360565 0.903615031628178 0.780682218555495 0.8279980218874236 1.159088786659305 1.0477722079744394 0.8326010634714095 0.9085352228185192 1.0143794352594078 0.8111146385596844 0.8273747314234136 0.897630504030141 0.7974816751670815 0.6433712547455436 0.7823589049311166 0.8041939217026205 0.6413999181293696 0.6273758518083471 1.0416043666074686 1.0286558236163748 1.0145674782101997 0.8107763923196422 0.7083681257416339 0.8280222325657588 0.909186395739198 0.7488546876945504 1.1179746181438728 0.7646861400969993 0.650755074106926 0.7481681203665761 0.6807108990551036 0.7659273884973439 1.0691036851650264 1.1192701697587193 1.042726121942248 0.8692530245377844 0.8237640590449553 0.7732046130063667 1.0392321484379925 0.7052269842311579 1.0085538660471884 0.5264503517777402 0.7967606468905188 0.8093206692248213 0.7615015069243137 0.9833850801676063 0.8378539661638398 0.67859011533965 1.023997462231427 0.9143454268995523 0.753174120853672 0.7760207413069873 0.6846365585925707 0.9776851824023424 0.7360653351189119 0.771426476421201 0.7924239247654291 0.9446037906287487 0.8809173711908975 0.6706631959746102 1.0024721918945891 0.7282619090763738 0.7416140923139952 0.8517589859894601 0.7354555313643981 0.9425339087292288 0.7707518953018859 0.7956859304230502 0.8890799739898234 0.8166838515407163 0.6909423011320986 0.7596914476553527 0.8769916036862027 1.0889013862171886 0.7674724612453396 0.8375200283965893 0.7453872692446406 0.9431179948595058 1.0293501476257407 0.891208275618769 0.9226056497438 0.8522393435261701 0.7722893482580999 0.6063067116013726 0.6189405043937376 0.5630158442860307 0.8679908435493935 0.9727096565108921 0.5992016734262399 0.9460845036470179 0.5323466250517686 0.5002836002309548 0.8052051180128434 0.8213611606473732 0.8100632692444397 1.0078476925576005 0.8627237134241401 1.0174126752264578 0.7169736946393375 0.8684246811693391 0.8622343969383026 0.7690355057861076 1.0379796961576973 0.9756208790276232 0.9253335302071081 0.7892569731830985 0.8892338968168946 0.9329161898669955 0.6804976700832882 0.8646606437801087 0.5527381289930003 0.6872585561007546 0.8035931954063236 0.6696085038127696 0.6381305740130916 0.8031500626393351 1.035815934919796 0.7563341419056537 1.0570434139516707 0.8267256195347344 0.687180829786844 0.6926168316117607 0.8619661484153301 0.839040271395584 1.0833471519339486 0.8014606292957741 0.9775179754256356 0.8280449246336538 0.7223118766704978 0.8887543720391738 0.9174204027711172 0.66326361145746 0.6771973869581598 0.8580876701787694 0.7701428478745668 1.0398921139448498 0.8108055072182122 0.8455342344089988 0.83513002722612 0.7356611044687943 0.7297738988160675 0.8278604312466532 0.6948934363192978 0.7617814764099639 0.8599693730432902 0.9604219300103816 0.6028933949477159 0.9229150597279853 0.7118658222519005 0.8293462626271156 0.7622041078496573 0.9600010000788652 0.8300073214307064 0.7817354493365973 1.0509135125840505 0.7222790094706403 0.7691193187927392 0.8448188154115142 0.8990104695866626 0.6664430618347257 1.0433497661119604 0.7844119112606113 0.8327719190477112 0.9086047590743761 0.8979306536188308 0.9662327489510729 0.9375521226324254 1.0318657591172036 0.9520634198631902 0.8282990626618352 0.570664563652059 0.9284491796708992 0.872822064392252 0.6994127241531998 1.0091164327615418 0.6683500469163733 0.6209003654836431 0.7647936940834744 1.0432261325416392 0.9917760486784726 0.6244608516337857 0.556251603211927 1.0682695078661197 0.9789868493902114 0.9255603477807187 1.0943133085431378 0.6336167143875189 0.7281398453401725 0.6904309027604644 0.8220181072036168 0.8408890523534142 0.7220606115192187 1.0589934505146452 0.8108923884228962 0.8508376492154793 0.9388287497213225 1.0185042880209114 0.8318409439385795 0.9147456045461527 0.7216305849287556 0.6531298753880765 0.835435488209364 0.9361885636416143 0.7908031132598098 0.7137261540334817 0.8201531858660595 0.7745457082319694 0.5003278167925123 0.7754781785295711 0.9470336182348705 0.7783015862030271 0.523442681629377 0.8697045411373212 0.8118700261814464 0.8964209700272331 0.9515912472202689 0.9979678625591435 0.7136826011609964 0.6411471496265069 0.757857518370516 0.690773770814836 0.6092305305479512 0.5947961215502504 0.9103003996993246 0.9189661941435555 0.9166617311626691 0.843713854965107 0.6185063568938798 0.49364343408622624 0.7537412103431723 0.8886422342550405 0.9334269420240192 0.755040629316899 0.856025877701097 0.8660181339299577 0.8360772540742362 0.932334505295107 0.8440994407961494 0.8512058299204194 0.9580144409258665 0.6438240793698887 0.8773556768070759 0.9435321314981148 0.7025782607136302 0.9258911120060832 0.987555353064115 0.614137699305826 0.8831099832516347 1.0437986702603486 0.7370000416617205 0.7791858520916579 0.8860066564248594 0.8736469854680078 0.6033398438394357 0.7315995339409402 0.834447729939436 1.1437149276442373 1.011339529054805 0.66867798931885 0.7689347161374873 0.5490874338558311 0.8208588071853474 0.7950326348984273 0.6111467346966251 0.6721937504472523 0.7491174329025543 1.0293975422371537 0.6549758284249729 0.8707401226328847 0.9097614818236264 0.6834875279417972 0.5901699414903379 0.7550706673750119 0.6614290862763149 0.9152162749879625 0.7536278074157721 0.8548451694699283 0.6705556958019796 0.9657008617435262 0.7457724951276146 0.8911760301291923 0.9818926973250107 0.7918027964636375 0.8880250033240022 0.5674611093104238 0.8805631157961133 0.7439780585265258 0.7343786435830939 0.8600626700125374 0.9701795969247876 1.011286070973767 0.9395020671835767 0.8238678968976942 0.7143175226426176 0.733147625302977 0.6969497167648814 0.9060540350243228 0.9232995487296368 0.889550578810397 0.9033122634027972 0.8992058543650943 0.8627533245355635 0.8962116282846895 0.8278320153103023 0.7204884278513302 0.7615267258267736 0.6377099845645581 0.8770285077953143 0.8948678803549321 0.7111599850589755 0.5767583626850109 1.0779688031301753 0.7803453157959294 0.7771510480417451 0.7504206636463737 1.0434939468543765 0.9626851040943797 0.8304200580363102 1.0273233884963187 0.8518972783614983 0.8459194993363708 0.5734904604000943 0.6902666729717151 0.9002445256751272 0.8699560231358052 0.8033146934073581 0.8669563161869627 0.6956159340966119 0.6871208926692468 1.125256284444482 0.6935682517120855 0.5460512599043231 0.9150280045425754 0.745416543661321 0.8587784971801542 0.968729521541521 0.546458534407458 0.7501800096490648 0.6226238461214207 0.7464378822709805 0.5882688978530777 0.9392226503772529 0.6233783931354109 0.9356246327314346 0.9020751028122951 0.725077811837971 0.7587529004026221 0.9528080650923964 1.0722441074032925 0.5751452185788519 0.6781081028394077 1.1028333398644532 0.708897368696278 0.7430975849618584 0.629123683426056 0.9569925346675383 0.8908597242277279 0.9586078800773914 0.8101962530486654 0.9606208744505069 0.7370396838883092 0.7119729258856208 0.5638935435492811 0.44787571412226895 0.8081360068997294 0.8537517559926783 1.044505809206378 0.4987679796591693 1.032896400273407 0.7368617591958174 0.8443411216740012 0.7773251655889938 0.8352547136268645 0.9758525281736294 0.8574839874398535 0.7847930422186573 0.8861262151243473 0.778761304751845 0.6482870078299365 1.0798105735512464 0.8519093154573708 0.8070327387764975 0.8407884005774157 1.011956178562403 0.68117303685693 0.9786205977892202 0.7982874431117952 1.0512600404590695 1.077766863662891 0.8720295650768896 1.0861565001040474 0.9394074253174535 0.9457524698714098 0.9012344368006455 1.0525010408673903 0.7334556483039834 0.7270803389747015 0.6574866363644111 0.7538356678747674 0.7822688357720193 0.9794521271332897 0.7482348200387129 0.6222033178174831 0.6133806187934042 0.8403579082555961 0.9960749016661546 0.9341309341985728 0.771383130646983 0.8331038723857526 0.6341549788360987 0.7342030364871696 0.6917180786042771 1.0753979374532723 0.7236175166643198 1.0665235910922233 1.0404769891775423 0.5813814203557885 0.8095837787843903 0.9892944016239592 0.8354584098066026 0.9424445355710115 0.9004576410667823 0.723781076756505 0.718180058261893 0.7860210533010842 0.8558872372627557 0.8393208308821652 0.781294358713841 0.8727378930098807 0.7281908521791889 0.8587239010313371 0.6510116440975757 0.8097882976528074 1.1850363137993938 0.7722568511225051 0.6616473265645759 0.6617311932179624 0.6918352973612469 0.6501184133411124 0.8542371679265093 0.7541545000407327 0.8299028523576469 0.8986580128148522 0.8963022265451757 0.9899479795951803 0.9765978943694607 0.7801771315830461 0.7435078235973679 0.6905229283875919 0.8307184363513577 1.0296457724393844 0.6680369753322013 0.8704648083428995 0.9046676489555648 0.8402443472202612 0.5896594548285553 0.687841709585737 0.9101827089120005 0.5968817125308491 0.7848197196178691 0.7010865986613701 0.7706604092749555 0.858074727636389 0.6723101116464875 0.6367417470109223 0.8949833234904992 0.9639074081740507 0.8174830728604823 0.6555229110205466 0.5468058347199772 0.4339625180577404 0.6600851131779294 0.8986528431764989 0.5988570178029309 0.8040782846616841 0.8127808259398853 0.419940672138289 0.5642012986200071 0.3303262658239674 0.6624136130850146 0.7250871878329368 0.9373334458460768 0.8122753836274277 1.0374094141284895 0.7846512565376345 0.8556934266940135 0.8180998269386445 0.8878915804396098 1.066271945534018 0.9266315026447894 0.8751160228816955 0.8247795064679551 0.963817674232985 0.6253525537636608 0.6864072055586108 0.6202469386774148 0.8413891753834837 1.022742520688336 0.854715821345936 0.8105946983569895 0.5436332042701161 0.8463201629345453 0.959116773738891 0.7651487363455366 0.7835663111145668 0.7572574228833849 0.6150856913760504 0.6081366761592534 0.8750291920013512 0.7510456964325165 0.7691871871346463 0.8791699192636159 0.7122725631270209 0.6694948009309749 0.7476694137146063 0.6534690709665589 0.6460711741331435 0.8500946195723312 0.8445042849433332 0.694198944497334 0.8239517150327819 1.0444286301845769 0.6084912971963129 1.1540026509296955 0.7168271974183258 0.6150290076749849 1.04565403588658 0.9223632734965062 0.9676932042268528 1.0703995583004482 0.7855845896377425 0.8958225856028046 0.8936141268135803 0.7627134005861675 0.7144840506997893 0.9469831358661085 0.7901090776004522 0.6407557792517092 0.9653668324409184 0.8054658776808579 0.6246836289398193 0.5071221052361436 0.7988710704018989 0.5441155165079979 0.8934720666709678 0.9072037839713987 0.6526901467933801 0.7012998545678971 0.5574611369349053 0.9909310572803612 0.8258476632842493 0.594885541686666 1.0361652050832197 0.5918866616245957 0.9042581030672433 0.986808859393264 0.9859563009421752 0.7376448079786395 0.6432327797330046 1.0476659042565546 0.8357089482065335 0.8456663787131096 0.5300582752861758 0.6775301499494188 0.6243523797750254 0.6156610196587936 1.0278310861207103 0.8924763579368309 0.5943615503118882 0.7289223272461622 0.7145096053536479 0.7734834854526659 0.7365762473084765 0.8406344050338078 0.901827331588834 0.8317124280720863 1.0050357622314907 0.9530798893895971 1.0042496148739446 0.9845040796911406 0.9607582709723949 0.5388618819265298 0.8895943781196496 0.7441287800637438 0.7563930076405162 0.8622460865150043 0.8154895133558253 0.5431994825567453 0.6587518421809226 0.7186949951319638 0.7058017966211066 1.0835297841327385 0.8914938563597781 0.8186698526580135 0.5038221476589733 0.8739599290185877 0.8672353413242686 0.8140508335848347 0.5186236363530023 0.834417129088783 0.7228994259197146 0.8849892349642028 0.6544656639635008 0.7178473526212285 0.8624316814907244 0.720599639448563 0.7128278210420985 0.7200483774663038 0.798314085488975 0.9010799591237078 0.8558936379641128 0.8541076179558534 0.8108234732051238 0.8462530847408569 0.7347318706417412 1.0100017991795662 0.8470879095701968 0.8563243708521466 0.6693410893418696 0.7859874717797924 0.9280662460325002 0.8515297736996289 0.5843237449530574 0.6218983929801063 0.796541329738661 0.6466801733327024 0.8212869787627924 0.888847148448381 0.7998034844636085 0.7123559098746636 0.6940260815815916 0.5273365674495213 0.6636344769923123 0.9426313188213905 0.9093998503423069 0.9975608010583503 0.5934083247171947 0.808205659835827 0.6059257015760067 0.6182384430762367 0.6456055784900733 0.7496493152222151 0.4620981479985628 0.5530658765137212 0.7591371545760549 0.9696842985625472 0.7082803699557806 0.8326210776700024 1.026239282442399 0.7423444413705933 1.1047073186181682 0.9345436432707488 0.928956356827699 0.7848704081245805 0.7906592254401903 0.8647419096340804 0.8361550010335855 0.8014657757511642 0.5360691277555494 0.9258559624235196 0.7208321307048285 0.8888788612550571 0.5401406165372363 0.9478320999024645 0.9228616065644853 0.9739033817145835 0.8287282922236747 0.8353973947910196 0.8015416125715524 0.7343889505299445 0.9202382707985615 0.9265147919927323 0.8959802051638991 0.9284789131185013 0.8563335170446092 0.7120648333905578 0.791342313810301 0.5156846244154858 0.8832626443530182 0.6479765547814523 1.0759218331040337 0.7566112287157922 0.9529877625144655 0.5545683327228499 0.6606980428982636 0.7428451261930326 0.8858956837223286 0.6989829084540964 0.8063322974409294 0.7703729847446458 0.7538785604602805 0.7883032451129561 0.6500934371952497 0.7553377776004111 0.4808331076379761 0.7964798240281193 0.7790420668188707 0.9135485863393181 0.6317006585849335 0.557664848142233 0.7762236150092879 0.7344658381893783 0.5778605993646702 0.7600041498173056 0.9613649826872711 1.0124245630252147 0.6298223022073745 0.9394941223988938 0.6889728447141834 0.819003241747301 0.8255679419489231 0.575564249093803 0.723559065633407 0.9234346671349365 1.0620638776362843 0.9928852176078132 0.6235489715777247 0.810582055392505 0.7511510115825109 0.5730381268684502 0.5823548558678088 0.7077577399113294 0.7322499988371637 0.985031396738632 0.9676544709016472 0.8468709306161802 0.8711753122982295 0.9529123499584803 0.6211534962704661 0.8646705659576718 0.9247414884123552 0.7946805620496435 0.8134403114321546 0.754847076290438 0.7590079216386079 0.8704055101641206 0.7199623219048116 0.8781479570301329 0.5657587629131059 0.6797074874337772 0.9219049347989633 0.923838778539549 1.128351093022167 0.6682540004376025 1.0132239888174295 0.8464521531583998 0.7086943554563623 1.0111648342486315 0.9480950830176964 0.6107675687407239 0.6929188557351864 0.6689119930505967 0.9676762818669633 1.0954276397251914 0.6560658432416396 1.0883465511040677 0.9176737148280888 0.4532136353757098 0.7655366114089702 0.9797601302689949 0.8815128567966772 0.9883125332786061 0.9503706164551816 0.9886334947985345 1.079908627533005 0.8342538104753939 0.8844354432363402 0.991672604271486 0.7867245759343631 0.6789297398850445 0.6793201918383469 0.6271856410783192 0.713032370397084 0.6632704647655381 0.8756889756243438 0.884085448296333 0.564773484323161 0.9158128193092084 0.8027856121896008 0.6951889391846652 0.949499642935497 0.5451106906942955 0.6856263589526544 0.7129082455041602 0.9390182042983177 0.814197418008858 0.8757668116960922 0.7959675190000478 0.8080955980109756 0.6501061074257024 0.7319180722240296 0.8054094803401024 1.0068105513143077 0.6660340808819728 0.9965040955314307 0.966333332757639 0.7893296894520228 0.9174577769397904 0.5360425926676158 0.6623459422501721 0.7441103884246492 0.7903067591783782 1.040389195639979 0.9657840490184165 0.6999477063391747 0.5596584756579449 0.7949998859795976 0.6513061413126882 0.6368421093525658 0.6991260583176564 0.8679223980587382 0.6623585225215242 0.7977560278097212 0.7220088636652578 0.9304966143288624 1.0597365660787734 0.7901905942329972 0.802453769045802 0.9334180229036919 0.5511291071894436 0.9530192682074926 1.0231117859186019 0.6716588815795019 1.0461470485960929 0.8864622450454183 0.8980426261631616 0.8162136694911019 0.8591379555705307 0.7815364683202872 0.595979792019641 0.8421400143333353 0.8152231534879761 0.9959495139278495 0.6322225539734603 0.41525282714751477 0.8850017828742253 0.906658055761026 0.868469727801064 0.7592006902139696 0.6475659627607149 0.7316020294773962 0.8289412356312369 0.9006443090243909 0.7240578902078588 0.9653800188119883 0.9167246925127706 0.9214702767748483 0.8102489185094368 0.7577244668826526 0.8593523490287228 0.7280156754948843 0.6067566910289246 0.8423078485501244 0.9910977201784742 0.9299192912654332 0.8775058034966426 0.9413534233063321 0.7733513353527325 0.7402298396891062 0.8867222551328532 0.8707060719792103 0.8188366848037829 0.879908920658815 0.905969102536854 0.8464821712316594 0.6393768726074516 0.7781251778023308 0.6905379601774859 0.8208005164692882 0.8434676019921533 0.7928002588660847 0.9853862383244842 0.9303542564114536 0.9175711208104248 0.9607416078175076 0.5614908612736672 0.7352529811713839 0.8727494503942174 0.9501854261046855 1.0630714337504665 0.620778816226909 0.570775038614451 0.8355236914619386 0.7993811969165349 0.9053342494719417 0.9149478198553771 0.8001587133515715 0.7941653441808273 0.6228371876891121 0.6019398856650692 0.9617672472283244 0.8521613099133173 0.7987430324925135 0.8778532070735731 0.7507779115721174 0.7408464833244616 0.8915009170574287 0.8043565964291406 0.6294447237770799 0.7747070058373492 0.6588672548649083 0.6870975881778553 0.8631290569837754 0.7215366025168696 0.7467534274742689 0.9717600898211891 0.8420500590479849 0.968778818403717 0.6070275952298838 1.0066183575699164 0.8199011884300974 0.5945826062088032 0.6895266660561663 0.4981844251129786 0.9365512824942329 0.9091598951872575 0.48679898211688916 0.7255792008979044 0.9094660784106209 0.8436019884493607 0.6963671124159495 0.7429046093122272 0.7984505675932768 0.8269549185550172 1.021028046127651 1.004925506260124 1.0643629864962172 0.7729620297555218 0.9626824508730635 0.7923542766986807 0.9920411439887705 0.7679584230519099 0.8552007791081695 0.7986259182725709 0.8282525570767967 0.9997763347065161 0.9752669869134099 0.784825184093251 0.8443467111229466 0.5230317994015808 0.712699834611554 0.9226589208022097 0.7598559990009948 0.8012301140086435 0.8582926798470045 0.8867350358828004 0.8595441549776168 0.7470865560030817 0.6890368504970836 0.9420416355347258 0.7088793053958428 0.8697613221561392 0.7739264546026491 0.7423643324747184 0.7982474730719602 0.774808929655947 0.8491447022353197 0.6734058897951901 0.6741127650059225 0.8764837557493189 0.709431030694666 0.5783088060044961 0.8082251842236163 0.8547373810650878 0.8259806502367806 0.6534679092088909 0.7168585547668117 0.7442700197221531 0.7607601983298811 0.8101584105735018 0.5440481235223226 0.8818577762421707 0.836942939560915 0.6276603675984668 0.8156456470687643 0.7363277293830919 0.7738331204735487 0.7896733907917981 0.7849744730436133 0.7164579566626306 0.8738850241591254 0.8718917598308962 0.6769765260485247 0.8897552149664074 0.9802263929679551 0.6368190973579885 0.6725102744144337 0.6629259750077857 0.7648984031933148 0.60231561428555 0.7775082455823806 0.6970377619306461 1.0264324718013869 1.0141451996493072 0.5463855786503364 0.7126459590931666 0.5439113232576405 0.6111700102352874 0.9334946311058777 0.8722418502034603 0.9042946816485459 0.9308446290897094 0.8553621968501689 0.7286775251997892 0.6512880618627933 0.8633153214384234 0.7153565691547468 0.9439464262665447 0.7806420794751721 0.8786510658715526 0.8374056512686117 0.9431859686757114 0.7174737354228269 0.8394513455872131 0.8066683268685504 0.9531775843863078 0.7865394164549808 0.9403307874999557 0.8485870921711056 0.6976437064167214 0.8779833238679589 0.5683434611383232 0.7415504555279236 0.587875148912751 0.8459303760171253 0.8308295624469749 0.6481418486582494 1.0390968930053386 0.838784120650576 0.8811745921789825 0.9107453793343284 0.6748488451979545 0.7571315317553857 0.9693160923745555 0.8725108222569748 0.8373225158484471 0.8830081530341627 0.7199486807316023 0.7830045494177399 1.0529830777144915 0.5798191879140075 1.0097949754867763 0.8124105473706305 0.6139209561482715 0.9555465549170565 0.8269441063780087 0.9097848097695607 0.9491734537500025 0.6519272071018378 1.0814376160772488 0.6636088573394014 0.9989248661346335 0.882976697789154 0.7660335048988849 0.6316016510611149 0.8429200743061498 0.9514599045713885 0.7616680865395518 1.0605954092283134 0.7035202010309846 0.9821741968293665 0.7784805994458772 0.9153362857693067 0.8452973317383974 0.7123720143877655 0.8442844788568524 0.7020158955760738 0.733444670533291 0.7282075016835999 0.678921064720963 0.7965094702516365 0.6768441244336254 0.6203805671426806 0.9333649337137456 0.892443730230814 0.9311437711889273 0.7694287851050484 0.5086879958806004 0.8219371421727133 0.8865714074423625 0.9775557455562726 1.0477850129097614 0.8792033951882425 0.7834248251374457 1.0091929947817102 0.8139194407563363 0.7616159855988403 0.9518649521685697 1.0666261807941038 1.0740428848173746 0.7504482186266189 0.838837740865935 0.9457018945738319 0.9109471203016275 0.9039574420594882 0.8036547296103699 0.8867331642321027 0.7329688417311534 0.8800171823210052 0.6657574126829655 0.9218611168553061 0.9050651043435454 0.9107182489232651 0.71798076739281 0.7828806455661196 0.9385452987788306 0.6349719194139768 0.9617920493991226 0.9269712240974806 0.9308617812677544 0.7482337792808106 0.7546454726547125 0.7450608584686546 0.8000548628711328 1.015452693161381 0.6429976729759237 0.7270602761754328 0.8188833236694762 0.8687748948633865 0.895245897804006 0.7637927800385662 0.6699953948158767 0.919342193669851 1.0319397444210727 0.7719718680595975 0.9486154448844667 0.6095585580719255 0.8597781114836693 0.7369776680888255 0.9634335806604731 0.7050907412255807 0.7956249639908085 0.7986016120176787 0.8908034782393114 0.8763664863271076 0.7475477787230341 1.0237036536028048 0.7248144391131789 0.8641156023961889 0.914136380356042 0.6314271163771972 0.7208029786009001 0.803266703992266 0.8752041571288586 0.8194807704394517 0.9570713870631591 0.5870328038303617 0.7700943354059044 0.8298358610934397 0.7451786394958342 0.6990125481346526 0.5622260312410283 0.9996758379427844 0.7510070259954941 0.7408425373625359 0.5476369732020279 0.7635162257136668 0.5828734281618411 0.6868659374824012 0.7286851036850638 0.7253094119875263 0.856510576746262 0.9539395268270965 0.8416515877881979 0.8553246136870861 0.815069713929841 0.8520097118857118 0.8959291998663531 0.6830495418880712 0.7148730132154026 0.7383668383081874 0.7596046447107991 0.7474194375609846 0.8477944467780842 0.6455812370174759 0.818895567347481 0.6214502120198474 0.5951836609530278 0.6094979621711741 0.8230770488733439 0.8715645071940653 0.9069301911036592 0.9784960892253168 0.6030546571959253 0.5509597974757866 0.7724148572341657 0.5036961331185477 0.5166512211370946 0.7068264219308854 0.5730663493889913 0.9343768280954826 0.8215976034083333 0.9503399903362245 0.8877956252032042 0.6558636791155471 0.7986520487550247 0.7438959153214544 0.8475740070887089 0.5954403682350651 0.771867036457247 0.6646506775534559 1.1540052716753666 0.8817321500930034 1.003773134264598 1.0952336949690473 0.9642310479717184 0.9980410735687714 0.7403602582711819 0.6238828393904311 0.8724314383305302 0.8799139207914816 0.889932004832794 0.803843461394561 0.6600391900970539 1.084996451916132 0.8527770271035734 0.9768862714527369 0.846692132015166 0.5018280130990536 0.7417382750490225 0.8152421048860632 0.872498969552973 0.8058877614280825 0.7829962554515866 0.6240435290357224 1.0226017160262968 0.8320314329612196 0.694653055586384 0.6664493032355686 0.4779193017982372 1.0488952862474628 0.9000585052742122 0.98279806435788 0.8562322954121998 0.7627763238792192 0.8925291936874284 0.9749156954938579 0.908782356178382 0.7685399052027178 0.8621974536370837 0.7860078991678172 0.8658690186642752 0.7224978216700274 0.737435131688553 0.7858009833660831 0.7602337907526159 0.8066381434178517 0.8973965384919673 0.8602955521896065 0.9808493030517517 0.8131773048478577 0.9338415966736163 0.8472918015679909 0.821289085269474 0.8093510032269251 0.732038696416908 0.7886100806072783 0.6808248716048296 0.6456698127180595 0.7771714931532658 0.7460502993667635 0.6624965996685469 0.6673882183214683 0.9522790872714092 0.8985119345119101 0.6031120342107404 0.6373260853888169 0.651547579994185 0.6976258414698601 0.866847779324611 1.0433457724736128 0.7549044987885883 0.735575075567747 0.7199535826806458 0.8332969825782217 0.7932440283974324 0.8254506513830445 0.8128649626434521 0.5376353415097401 0.5274768738632587 1.0701226615298332 0.8654437508210151 0.4435035510266703 0.6123939194973649 0.8897530093211272 0.8547469795940873 0.7420744244026043 0.6456021814762004 0.6895505601178699 0.9478595404423774 0.4004083509585597 0.7489016409980682 0.8010552781421882 0.7129856347451614 0.592589386944338 0.9077817814739657 0.8441821328425931 0.9052200837442101 0.7818951464614889 0.8633260799969366 0.7147466664197362 0.5778284202611568 0.8264361624701997 0.9218156709906657 0.9735834149150436 0.7016456222052025 0.9329064426227436 0.7387930599479511 0.9470438869312207 0.9167940804779944 0.7243983009596395 1.0662783900135542 0.7752197258973099 0.790387778341662 0.9298246594957331 0.9371611128527031 0.9549845862719616 0.7818963966351283 0.7764918271597154 0.6586511905068576 0.7747243293922443 0.5593314559377467 0.6827700137553069 0.5318390360327109 1.0412287353711374 1.0077609253699356 0.7240386884633472 0.6179610507098663 0.5905423357881944 0.6963989361258531 0.6969474423402403 0.9646107853367204 0.8620422661185022 0.7668627037291221 0.9841244377599934 0.7289559089350117 0.8854002179026828 0.7810759734477664 0.958103576901065 0.8446330666997844 0.6221316892452994 0.7715521964733045 0.6709186622892345 0.7055038530227496 0.9105897375135796 0.7543674911227779 0.868315071884808 0.9429555747502217 0.7993480906589262 0.5381362896841289 0.6565517857439184 0.6760950554315078 0.7861215941257242 0.8014693306234851 0.7552759008717497 0.880637077613042 0.5281654395811448 0.7792099036199542 0.9046104728757665 0.9631090033109283 0.9212797968020128 0.6841428218227621 0.8326286634071659 0.7732194069840027 0.8316654608576838 0.8088652072488559 1.0415471345746392 1.0392152399026846 1.0674491146159881 0.9360402816500343 0.8183132495909796 0.7405198076369321 0.5973139082450645 0.726772698765516 1.056272209252467 0.9008947872809016 0.8232829573142396 0.701640914875205 0.8737238881836805 0.5616718397544039 0.8088129636502035 0.841008244649514 0.7607308900328911 0.775602449865697 1.1005994208291083 0.9954735723139341 0.9799026761326244 0.8046789046267095 0.8853322896898114 0.6746355684012542 0.7938513261952012 0.7356599891851727 0.7884863948920238 0.8770014789636258 0.805148009985646 0.8529101438122233 0.9394460638597499 0.7989307752061625 0.7434031945844353 0.9144323764433805 0.6181774610071202 0.9198667728344792 0.9647858196632068 0.7427571642746232 0.9921729313911155 0.9302547603885489 1.0308746571057321 0.9124300822721638 0.49844086388783515 0.8994869970989329 0.8943872504880316 0.8042463728267951 0.9140595421460395 0.6255067373130775 0.7531914522549086 0.6884264592503471 0.7223305039757965 0.9596014496259323 1.0137086458408415 0.8260849855654702 1.0176210622275044 0.8193988187403507 0.8779196346929726 0.8961073023096361 0.8384726571313891 0.8140829538533486 0.5393561959839972 0.7832483000431011 0.9423614577731946 0.895424991599162 0.849578177304285 0.8467066261266236 0.5016547170368252 0.638544179554265 1.1515266801617188 0.9059058743484808 0.6951472592081366 0.976176175078506 0.9960844376427387 0.9497015826060701 0.9714454091347379 1.0300094149880725 0.7730293485958716 0.6821446393491986 0.5293700326154394 0.5858098820218607 0.657991516951864 0.682658013197606 1.0223849406512147 1.0765375113584548 0.616873840030446 0.8898952296872896 0.8328786312562786 0.49418491372251644 0.9197855242995446 0.7830143594491898 0.7562119351399028 0.7798302858067725 0.7231310148856059 0.9674005279647504 0.747281820882039 0.8081243791291169 0.7552812062036859 0.8471368166057301 0.9533757319660662 0.8708393922646859 0.7018967850516877 0.7419407381610048 0.7913863072899807 0.6804051707578483 0.6176500973819373 0.7159723306229584 0.9704211463437327 1.0357500323524156 0.8590204353614223 0.6045702697802204 0.7771807906950837 0.8989131189262243 0.5480584145411173 0.7669941989270797 0.8568246974988539 0.6699234903065956 0.6242953290574552 0.5990023705037959 0.45183514620830834 1.0582355025644707 0.9024200773849826 0.7690180372285055 0.9638136726367373 1.0288508405387577 0.6113440598754692 0.8306081088035007 0.877800295022123 0.6302789304990692 0.8013566532689965 0.7026565570571071 0.8073140579337882 0.8928170247546982 0.936437172389909 0.9161839640600914 0.7253446794880277 1.0032128352785032 1.0603634863734204 0.8794777122268193 0.7285524134121903 0.8474582351412567 0.9869081808325332 0.8164983121742573 0.8023124233871853 1.0095455823957886 0.7672161654095214 0.8959125618152473 0.7949380490311939 1.0336385433490993 0.6410013202333049 0.7661328818303416 0.8080248845717943 0.6003525887502977 0.5539634329015595 0.8391474276370962 0.9505841412033079 0.9207193667533631 0.814531065588392 0.8266359062745274 0.7933071092601747 0.8312035494368916 0.6902228804207285 0.9511139161663221 0.6466290857499296 0.6509355737039255 0.6717682046642196 0.726839933749703 0.7119799504424179 0.8065943682616096 0.7946176015838682 0.8759853181548132 0.685938206680725 0.6725000931887438 0.7731912767674686 0.7336554062077695 0.7340407376406423 0.752798287218845 0.5315127784059391 0.7465135699713944 0.73027013614324 0.8493277839215624 0.6748168888086885 0.703798263547451 0.8082216072338079 1.104556024022736 1.0673460872075597 0.7361391828011001 0.7980192158128369 0.9681162087836603 0.7082092156685967 0.744317259913068 0.6888824800691351 1.042369377196916 0.7267647859178562 0.7825807563357057 0.8692039522426362 0.9057591092978993 0.6536928885973373 0.6402979337097447 0.7576788249546859 0.6761908913731989 0.7674561073399948 0.6730853956372512 0.8425874734626293 0.6491506600541084 0.7888696491972709 1.012697035786293 0.7538532998320521 0.900686614644505 0.7203264735376133 0.7889271130839038 0.7964613181391005 0.7524107237549649 0.799447084582702 0.8609309608502955 0.7051841262717761 0.7062024529133492 0.8083798476209406 0.7004004746552208 0.8905722602733743 0.8648868127057981 0.845825824546241 0.7240171570810412 0.825512752527851 0.8999800535638053 0.6144500678091244 0.804632905445705 0.823638045020367 0.7996933378331181 0.9744801209512762 0.6097199609134839 0.6583837730159684 0.9547889124895139 0.9664275342922645 1.0920675035315348 0.9501331867926965 0.766536484462518 0.8504853067668736 1.0333091758934472 0.970110906824611 1.0661830034371664 0.6963269415203045 0.7687744687867789 0.8048426717028545 0.713721110318946 0.96725211653317 0.7245882365936556 0.8592669838762661 0.9598085091892206 0.9669184481981223 1.056938681702687 0.7399455067422229 1.0601193013750652 0.8637588602361597 0.8084356653165989 0.8631234634036088 0.7378393400650562 0.9661388829346952 0.6256472804998696 0.8510297486735235 0.933910297300398 1.067325694345077 0.7958944738443464 0.7957786367897857 0.5929263888194628 0.7784334724616427 0.7344473923560463 0.8887250162087584 0.8932897943929012 0.686638127983037 0.7928015105733144 0.777118055712771 0.6152491251088819 0.9215511699270782 0.9418054235674184 0.91633062849527 0.8816089374484247 0.773876002199683 0.870828824983921 1.0608300585316117 0.7974814637797432 1.003866874935848 1.0121256253034085 0.8923312343928846 0.7463079178468031 0.996012690369247 0.7637275516589037 0.7370580429929905 0.5809267914326195 0.7743073343232283 0.8065073771650557 1.0552981689531158 0.9059877415352324 0.6829328657794504 0.5368116331970019 0.9162544348271587 0.8503663397102424 0.8409918136017999 0.5872278112276538 0.7986574363389999 0.7066720246660637 0.8892297085464709 0.699280857523102 0.8772547767083413 0.8943673037010293 0.7099551839844818 0.8629325829650585 1.073626463960641 0.8011406822091804 0.6062082509438911 0.7441869295515677 1.0182657966221718 0.9766960301143186 0.7070174805220601 0.8015141641009668 0.6284250512843177 0.7545925492316716 0.8319116850001876 0.9580643532806871 0.8456721085403822 1.040059971533935 0.7455166995098257 0.7943027550987743 0.5485840611867892 0.9189313021754649 0.9059814809805744 0.7902207580227464 0.7469050401995516 0.6813090850392671 0.8407373933182782 0.5985810274261852 0.9759325587378698 0.8144858641640622 0.8209085130254157 0.8429954819390543 0.9336946056194398 0.8905135205684995 1.101604296417085 0.8099765205503214 0.6326606184418958 0.8232365826354038 0.8006091124907028 0.6563986250957112 0.7476213913345225 0.7558922145784552 1.0880247931142522 0.9379578449956403 1.1502823409741283 0.8162328541657964 0.83006765994784 1.0544987244487194 0.7534153991900834 1.0105547492340288 0.7679215394998573 0.8827883527018372 1.072029832370759 0.7483292095171837 0.7625822660550639 0.5426046237910428 0.588119115593679 0.7984112804144531 0.9952649181204156 0.8905430897845803 0.8546271675450451 0.9725785166361196 0.8338416393021466 0.6566755152935958 0.7925377971389246 0.7339997951666396 0.7226746566664111 0.9959446634789979 0.4728253747150619 1.1087230220840667 0.6357940489616919 0.9711545481723499 0.8057393900455007 0.6972795828297993 0.6147841705007219 0.7368570733658364 0.9440015604986016 0.768280455237074 0.9280545188165754 0.9051294933419013 0.8653060801030215 0.758263769134711 0.9739871858691859 1.0409960128307818 0.7857790023094705 0.7890928580724675 0.8259419807412639 0.8994824517916894 0.7877229010594663 0.9897544398594795 0.936247785166452 0.8720219630841808 0.8512821726675391 0.9460301451839246 0.8640470145262871 0.6440488071244882 0.8592712691194279 0.816372831445489 0.669985058181045 0.7362364829975692 0.803739824095718 0.5602763346903643 0.9083297826785689 0.9086833112259602 0.9021582079493868 0.9294112467935266 0.8750158167977035 0.9045228622621405 0.8121440750478843 0.8156411142781107 0.5944323386003452 0.6978945308079773 0.6864180368524001 0.8042392791702112 1.0458107929274065 0.7942681618592019 0.801012623550966 0.8002324412365451 0.6834807643424176 0.9532997562178872 0.9325389361481947 0.8662738220337688 1.074685020032028 0.7841297606691134 0.9554967732518781 0.6659619115814022 0.6884193919667868 0.6231198064093765 0.9704050822729697 0.9417442266670585 0.7507793054040344 0.6681504437779682 0.7744228744867119 0.9097910995698895 0.5844370747735658 0.7857167811807644 0.6014848350080155 0.9540083422195115 0.9226359153318663 0.7901993313757277 0.7516383917076472 1.0551433432718091 1.095582344697166 0.9053468089985646 0.7314197637856936 0.8059512330106592 0.556400032059111 0.554822539175513 0.9251959678552352 0.6861213446387325 1.009554812474455 0.6694951280026418 0.5937101215552539 0.8922449897068391 0.6339084680611484 0.9684580083780903 0.8934625865544127 0.7906993615606328 0.873983375530003 0.6767469519736617 0.9833294643285682 0.9864166687075675 0.5227461608554377 1.0222482946596538 0.8160401867237321 0.5975373518156442 0.5346930825732003 0.61924934839117 0.5413291055034541 0.749348067014158 0.7662179072553434 0.6444926142874696 0.9109513119837326 0.9728960709334169 0.9378632811679578 1.0434500549251713 1.0352740716745632 0.6010881053797152 0.8609450302541584 0.6567894869567229 0.8890314919297335 0.6273963059351104 0.8516993746346174 0.642583206697913
