# vtk DataFile Version 3.0
mesh
ASCII
DATASET UNSTRUCTURED_GRID
POINTS 4670 double
0.573361 0.1913925 0.6837856
0.687187 0.046226 0.657121
0.686318 0.130529 0.723386
0.722746 0.328313 0.752658
0.589757 0.122558 0.801285
0.576865 -0.030559 0.732476
0.669971 0.354492 0.793048
0.722331 0.262264 0.744013
0.6077961 0.3311649 0.6637698
0.571424 0.050671 0.769196
0.665566 0.175085 0.780036
0.4872099 0.08842186 0.6864059
0.672145 0.276377 0.794804
0.732754 0.195973 0.700055
0.508994 0.095383 0.8403
0.442688 0.089151 0.902749
0.2829192 0.2857095 0.7891215
0.3473862 0.06625954 0.834996
0.4451829 0.1991561 0.7230529
0.455647 0.024065 0.832479
0.3077441 0.1166045 0.7767502
0.342445 0.067853 0.948502
0.407338 0.02711 0.883697
0.3899525 0.1707142 0.8655492
0.369512 0.025742 0.908259
0.386092 0.131493 0.96435
0.380422 -0.019919 0.850541
0.3711296 0.03301276 0.7586443
0.606201 0.264864 0.829804
0.543482 0.228217 0.876245
0.449791 0.295925 0.927899
0.4293951 0.3274424 0.7881374
0.625852 0.401928 0.820822
0.475293 0.207127 0.912544
0.428662 0.19 0.960138
0.355051 0.208843 0.979117
0.537074 0.169895 0.861932
0.4669051 0.2201404 0.816024
0.373998 0.304161 0.985524
0.3617423 0.3009954 0.8906112
0.541328 0.377085 0.865269
0.544153 0.304652 0.873307
0.53469 0.446966 0.882767
0.307678 0.380008 0.8889671
0.4928 0.456138 0.935227
0.462933 0.476641 0.973963
0.416985 0.333084 0.961936
0.406143 0.482625 1.018483
0.3379501 0.4349693 0.7225914
0.5091979 0.5879266 0.8042272
0.530013 0.546652 0.927366
0.488951 0.609864 0.974404
0.526059 0.654915 0.940235
0.4674001 0.4218541 0.8079798
0.378407 0.5040475 0.8579753
0.4500238 0.5241357 0.9025621
0.1352247 0.3225951 0.9644734
0.20961 0.230128 1.058902
0.291584 0.264097 1.02633
0.2128775 0.3762694 0.9900541
0.092098 0.374353 1.112702
0.174422 0.404792 0.8599799
0.141518 0.318127 1.109165
0.30828 0.326164 1.0357
0.198584 0.410096 1.101172
0.238131 0.311241 1.065847
0.195732 0.282345 1.089829
0.2371622 0.265132 0.9086651
0.259787 0.203308 1.020351
0.351218 0.382755 1.021523
0.1512161 0.4738804 1.009177
0.328085 0.466406 1.041867
0.355909 0.620046 1.047908
0.228683 0.505975 1.094567
0.247763 0.5118792 0.9911722
0.032298 0.429956 1.131533
0.268912 0.436779 1.073087
0.053267 0.520323 1.12874
0.255105 0.592292 1.083725
0.1776989 0.5562386 1.038062
0.284935 0.541641 1.085097
0.339315 0.563144 1.065394
0.140188 0.440729 1.123641
0.176832 0.514098 1.118945
0.2445617 0.08815505 0.9022773
0.171299 0.098946 1.051558
0.311007 0.12566 0.981703
0.090024 0.024422 1.05659
0.224543 0.145021 1.046514
0.297072 -0.067422 0.875195
0.000157 -0.036213 1.006392
0.234157 0.016996 0.985693
0.094955 -0.03578 1.01286
0.221649 0.082964 1.037472
0.112538 0.074029 1.06366
0.073962 0.102173 1.069263
0.028547 0.063148 1.071152
0.144784 0.014922 1.032253
0.04776839 0.2111255 1.023108
0.07676307 0.2911785 1.049894
0.151298 0.160996 1.063467
0.129347 0.200623 1.092999
0.1313913 0.2330081 1.001553
-0.0003584115 0.2787304 0.9907097
0.1046047 0.2267341 0.8566619
0.03708234 0.1626415 0.9485055
0.042658 0.31807 1.12787
0.123422 0.25199 1.115115
0.070181 0.254023 1.130781
0.065029 0.196573 1.109286
0.015023 0.167383 1.093469
-0.023144 0.232974 1.130703
-0.248507 0.095605 1.030219
-0.060159 0.172122 1.075971
-0.188374 0.140287 1.071104
-0.094041 0.270855 1.125637
-0.177498 0.238859 1.116557
-0.022467 0.062648 1.098604
-0.245506 0.221027 1.088606
-0.03104977 0.0811768 1.021862
-0.121592 0.137871 1.080862
-0.1366484 0.2217525 0.9709733
-0.149965 0.19617 1.107012
-0.016357 0.020021 1.070343
-0.1278626 0.2546648 1.049099
-0.155538 0.037488 1.039329
-0.086149 0.082501 1.079034
-0.08307196 0.1268267 0.9791632
0.2349405 0.9885953 0.8882617
0.2767248 0.9985641 0.8201823
0.218698 0.957099 0.975824
0.27968 1.022255 0.946102
0.2227962 1.067895 0.7951014
0.142131 1.065414 0.89414
0.287469 1.117206 0.867452
0.25738 1.049127 0.93635
0.1556366 1.016934 0.772876
0.180093 1.135405 0.830033
0.323627 1.04315 0.930808
0.216745 1.118438 0.865884
0.208057 1.048635 0.934658
0.131699 0.997119 0.948433
0.3652356 1.123661 0.7486832
0.3495574 1.066346 0.789613
0.2855194 0.9402603 0.6469016
0.410038 1.067269 0.874317
0.352538 1.169535 0.802908
0.4834 1.097634 0.794662
0.371169 1.235361 0.761839
0.4039533 1.032496 0.6994523
0.518187 0.968713 0.864532
0.451401 0.997116 0.897614
0.398417 1.157232 0.803254
0.2478741 1.085154 0.713403
0.3970427 0.9031515 0.7827289
0.242579 1.169258 0.810355
0.307445 1.212966 0.791635
0.464312 1.080895 0.832814
0.474865 0.932593 0.917115
0.522904 0.771774 0.929955
0.433424 0.915469 0.939947
0.361539 0.832122 0.964242
0.4296237 0.8583427 0.8620011
0.591676 0.868425 0.861766
0.5566018 0.708047 0.8107766
0.419846 0.79023 0.971021
0.575091 0.661924 0.887302
0.399793 0.883998 0.950349
0.568467 0.760222 0.884684
0.485439 0.839808 0.940108
0.3680397 0.9317161 0.8486904
0.4757313 0.7037168 0.8528067
0.5591656 0.7631794 0.8277669
0.4871619 0.8191436 0.7942138
0.2919546 0.6218362 0.8571346
0.3694616 0.7645376 0.862031
0.354081 0.753364 0.996195
0.3947662 0.6407732 0.9025226
0.41873 0.558746 1.016371
0.4613757 0.6807776 0.7237816
0.417385 0.634083 1.014024
0.2491284 0.7649993 0.8864688
0.479092 0.713248 0.965531
0.186774 0.4687359 0.737627
0.1217612 0.7208683 0.8156146
0.3637681 0.764176 0.693828
0.269623 0.671858 1.056667
0.1830609 0.6452926 0.9134367
0.415784 0.69864 0.998432
0.09983711 0.5354536 0.9203425
0.268548 0.864287 1.027416
0.1576003 0.8083917 0.9558754
0.209917 0.84331 1.059762
0.18714 0.782787 1.095592
0.2180357 0.871759 0.9562125
0.1645278 0.7353182 1.016346
0.221618 0.738843 1.092325
0.2850288 0.8283799 0.9289677
0.325837 0.84437 1.001017
0.1753 0.935231 0.998791
0.338586 0.903491 0.958032
0.227129 0.8632818 0.7732366
0.29051 0.805086 1.040554
0.144835 0.869572 1.060004
0.795909 0.698211 0.669746
0.683237 0.724352 0.815238
0.603677 0.764798 0.864522
0.6270948 0.817984 0.7328354
0.650044 0.664688 0.842097
0.6608209 0.6537865 0.6914751
0.5825655 0.8134955 0.8117806
0.704804 0.77849 0.790691
0.5267218 0.8042341 0.7067207
0.667066 0.805847 0.828756
0.6155914 0.7703162 0.5925763
0.722213 0.680944 0.761209
0.637548 0.785923 0.854389
0.5781369 0.6036622 0.6959741
0.6163421 0.7497748 0.7918407
0.733747 0.845608 0.737497
0.728858 0.450889 0.746374
0.765729 0.555571 0.711101
0.244165 0.4645504 0.5324856
0.61727 0.448918 0.827425
0.580746 0.493029 0.875109
0.655337 0.523087 0.82937
0.62303 0.5494734 0.7506333
0.5583965 0.4231387 0.7582841
0.6096846 0.4771663 0.7003041
0.6512009 0.4403293 0.7565664
0.747733 0.637004 0.730641
0.4834359 0.4197184 0.6694709
0.622643 0.570731 0.863838
0.696225 0.516759 0.789514
0.621477 1.097944 0.716007
0.5682369 1.013611 0.6459036
0.701466 0.971915 0.712061
0.6704954 0.964173 0.6016289
0.764691 1.027524 0.583513
0.658681 0.889108 0.80276
0.790876 0.896344 0.626147
0.6462752 0.8969702 0.6729631
0.5403298 0.9238934 0.7229731
0.628763 0.985878 0.778697
0.596663 1.050471 0.758573
0.556662 1.025286 0.810391
0.576252 0.963896 0.831955
0.6104839 0.9026799 0.5252641
0.742469 0.926001 0.682728
0.840881 1.022456 0.350752
0.910604 0.676548 0.387298
0.8121772 0.575665 0.4003886
0.865327 0.903903 0.476761
0.7330742 0.8876177 0.5170332
0.870387 0.589694 0.534427
0.890741 0.486761 0.477592
0.861909 0.719857 0.546152
0.921521 0.650772 0.265598
0.823793 0.837007 0.584351
0.894042 0.821214 0.389453
0.877992 0.909968 0.383183
0.7840573 0.842175 0.286984
0.7199307 0.8368689 0.4048956
0.7291813 0.6771604 0.4537452
0.895478 0.667372 0.468853
0.6865068 0.6072302 0.610592
0.770808 0.388195 0.693232
0.6461078 0.2887506 0.5301436
0.3707257 0.6001643 0.6406013
0.3562661 0.7451815 0.4428896
0.785206 0.278152 0.656914
0.820319 0.364162 0.600974
0.7031088 0.3904945 0.5714227
0.80232 0.397206 0.645023
0.722081 0.440436 0.4598395
0.5827462 0.6414635 0.5262788
0.826077 0.604726 0.618175
0.5524542 0.465765 0.5109156
0.852918 0.494587 0.564035
0.6044909 0.4532477 0.3297787
-0.754414 1.00791 0.83332
-0.693927 1.096222 0.796633
-0.648847 1.192233 0.752789
-0.524452 0.929246 0.87609
-0.593156 1.050485 0.847086
-0.746278 1.129331 0.768785
-0.656432 1.13721 0.786441
-0.6913104 1.083494 0.6937691
-0.589372 0.916081 0.904541
-0.569855 0.846386 0.888655
-0.780925 1.192068 0.74159
-0.7743584 1.02914 0.7237439
-0.5889989 0.9901281 0.7271616
-0.682321 0.994052 0.856688
-0.728606 1.286799 0.670998
-0.4232446 1.336204 0.5492741
-0.513555 1.256024 0.728052
-0.537784 1.342836 0.643527
-0.531643 1.355109 0.4892691
-0.7691599 1.202788 0.6256161
-0.5331191 1.204813 0.57076
-0.64952 1.339142 0.63659
-0.5836719 1.273297 0.4399112
-0.663324 1.410705 0.565467
-0.6461775 1.342405 0.4878596
-0.70237 1.127476 0.600532
-0.592452 1.40412 0.553332
-0.588249 1.266079 0.703328
-0.5808018 1.298671 0.5571075
-0.548119 1.397127 0.57964
-0.4832443 0.4092979 0.5194539
-0.582438 0.494957 0.821003
-0.3348205 0.3270075 0.6268206
-0.58005 0.409866 0.793661
-0.543043 0.121635 0.74938
-0.5819766 0.4807586 0.6790605
-0.4075586 0.3154314 0.7468938
-0.480388 0.163739 0.838455
-0.506267 0.237519 0.810366
-0.449192 0.4906461 0.6998752
-0.571986 0.217619 0.741267
-0.535866 0.33764 0.800619
-0.550044 0.24158 0.757661
-0.5443124 0.646823 0.7379067
-0.5710514 0.4705414 0.7518002
-0.601291 0.733885 0.875911
-0.7279371 0.7622406 0.7179439
-0.662421 0.734545 0.854651
-0.715935 0.933088 0.86979
-0.6952386 0.9372309 0.750661
-0.68848 0.855418 0.889701
-0.6369075 0.8852201 0.6583053
-0.620468 0.867648 0.887834
-0.5602215 0.9509101 0.6358779
-0.749294 0.847914 0.879766
-0.653545 0.782487 0.879409
-0.801205 0.907003 0.84705
-0.7865293 0.9768716 0.6238676
-0.752377 0.8523048 0.6402716
-0.6618554 0.9325799 0.6300934
-0.3946075 0.7887571 0.7312096
-0.3972216 0.7516969 0.5247724
-0.6967891 0.5751004 0.4014138
-1.055912 0.763783 0.4796164
-0.6275141 0.7286473 0.6216776
-0.595827 0.7986293 0.4762972
-0.7122827 0.9703398 0.4995684
-0.3396966 0.5363459 0.4596057
-0.6560435 0.898641 0.3868655
-0.6407729 0.6651968 0.1637161
-0.5313185 0.9117636 0.5446031
-0.6804247 0.8556293 0.5822248
-0.9124059 0.6040368 0.5377627
-0.549993 0.6090286 0.6089369
-0.7281758 0.7888089 0.5396514
-0.4504167 0.9188364 0.4097452
-0.146266 1.063698 0.875006
-0.1398563 1.124886 0.7464976
-0.006557544 0.966411 0.5501975
-0.1708646 0.8788305 0.8704723
-0.122224 0.6846094 0.6618904
-0.05783916 1.048091 0.793004
-0.0204507 1.021126 0.7302656
-0.02946437 1.133443 0.7249244
-0.1750986 1.007417 0.8131622
-0.272885 1.078547 0.867615
-0.16682 0.9596148 0.7392036
-0.095189 1.124179 0.880198
-0.226437 1.018655 0.884307
-0.3090186 0.8765578 0.8093257
-0.3305383 0.9280457 0.8608275
-0.205371 1.153623 0.8652
0.1412166 1.099273 0.7649702
0.027193 1.0952 0.866062
0.053473 1.21401 0.845078
0.155526 1.247802 0.804636
0.005712269 1.17743 0.7868612
0.094953 1.108022 0.845389
0.0801581 1.112266 0.7088175
0.217456 1.211332 0.791045
-0.030716 1.174134 0.862164
0.086583 1.288226 0.811039
-0.038013 1.264801 0.836475
-0.136708 1.215283 0.851506
0.139213 1.159275 0.823671
0.062292 1.16151 0.846474
-0.2450831 1.297182 0.6492314
-0.257235 1.331301 0.771463
-0.339905 1.38807 0.705035
-0.3806528 1.327315 0.6329219
-0.362544 1.297075 0.761451
-0.315166 1.330247 0.750461
-0.458095 1.376101 0.655563
-0.429605 1.260515 0.769026
-0.28818 1.444159 0.663653
-0.167336 1.307504 0.804756
-0.194782 1.365685 0.763224
-0.464605 1.30977 0.711315
-0.227327 1.41343 0.72079
-0.3267381 1.271628 0.6813217
-0.409937 1.416905 0.635378
-0.267173 1.201567 0.841108
-0.2215637 0.9386413 0.4594406
-0.526059 1.05978 0.5413946
-0.2195597 1.091148 0.6382509
-0.4344579 0.9940484 0.6374957
-0.304892 1.13725 0.853344
-0.329542 1.225987 0.814886
-0.2993217 0.9622956 0.6799621
-0.2736112 1.088585 0.7467706
-0.347137 1.2515 0.58799
-0.4257329 1.145059 0.6670132
-0.2645168 1.196751 0.7316507
-0.2251323 1.281461 0.4614239
-0.33238 1.105278 0.851519
-0.382421 1.122727 0.84902
-0.328933 1.001018 0.88178
-0.4571561 0.9376491 0.807182
-0.519743 1.004425 0.879519
-0.442442 1.05024 0.875621
-0.3663776 1.053893 0.7704432
-0.388752 0.963674 0.894119
-0.515207 0.957751 0.881839
-0.449497 0.929845 0.903245
-0.4612861 1.019787 0.7563489
-0.522338 1.08864 0.840255
-0.397406 1.042848 0.869934
-0.506244 1.150846 0.812307
-0.456738 1.098192 0.852994
-0.3474 1.056384 0.870459
-0.4269789 1.054011 0.8072027
-0.3608458 0.8126795 0.9671618
-0.3377498 0.7200286 1.076867
-0.397583 0.853774 1.062458
-0.428379 0.793146 1.080843
-0.526454 0.825912 0.941375
-0.376698 0.906478 1.022572
-0.436276 0.719871 1.110601
-0.36695 0.935889 0.972546
-0.359234 0.74518 1.132766
-0.579612 0.786595 0.893717
-0.434034 0.903906 0.959934
-0.523352 0.869934 0.902528
-0.4278321 0.8278495 0.8870536
-0.362972 0.818572 1.103049
-0.458328 0.843845 1.015981
-0.4480825 0.6158115 0.8294029
-0.578855 0.640633 0.908416
-0.514889 0.778519 0.996451
-0.500141 0.697104 1.058354
-0.599599 0.58879 0.845932
-0.473042 0.748733 1.0685
-0.536235 0.603936 0.988633
-0.502879 0.600381 1.06507
-0.567665 0.725837 0.928799
-0.485466 0.7410789 0.8137146
-0.4410633 0.6432062 1.006622
-0.440482 0.580508 1.102751
-0.474299 0.646776 1.095807
-0.4022114 0.7060448 0.9465114
-0.542924 0.529508 0.916106
-0.537078 0.699469 0.993527
-0.2729399 0.7626914 0.9236476
-0.142599 0.478511 1.16118
-0.1635701 0.4742411 1.098773
-0.281178 0.631314 1.141842
-0.219842 0.45789 1.129084
-0.293649 0.528109 1.128918
-0.3326835 0.6580337 1.058162
-0.356789 0.616658 1.151608
-0.421462 0.660594 1.127736
-0.194452 0.578855 1.162558
-0.165215 0.515709 1.15006
-0.327374 0.717127 1.14092
-0.379867 0.671639 1.147368
-0.2265685 0.4878686 1.018923
-0.1132013 0.344553 0.9630934
-0.02515163 0.2133961 0.7878461
-0.1186178 0.4736562 1.050487
-0.359038 0.170481 1.009039
-0.279947 0.172964 1.045305
-0.038136 0.378697 1.134114
-0.1475961 0.4627896 0.9400953
-0.296505 0.247997 1.073639
-0.02076561 0.422009 0.9969761
-0.2604292 0.2625168 0.946959
-0.1020857 0.4102414 0.7508329
-0.127469 0.443687 1.15946
-0.240086 0.36506 1.090253
-0.217354 0.283138 1.106209
-0.149652 0.364831 1.116313
-0.314986 0.125571 1.020493
-0.326985 0.32651 0.865087
-0.515953 0.439169 0.890654
-0.436829 0.484831 1.051133
-0.309126 0.285222 1.068092
-0.462564 0.379588 0.950966
-0.49578 0.323952 0.856378
-0.369225 0.537191 1.112715
-0.270939 0.410866 1.090904
-0.299827 0.376 1.092758
-0.374683 0.262494 1.014087
-0.299872 0.45339 1.106858
-0.421991 0.224287 0.932572
-0.3302911 0.4273631 1.03018
-0.406861 0.392521 1.050312
-0.3119569 0.4753008 0.9438879
0.063906 0.817117 1.109195
0.029026 0.619957 1.141737
0.146664 0.727727 1.124631
0.073844 0.740358 1.136626
-0.030607 0.696078 1.14856
-0.024288 0.750893 1.136509
0.170469 0.617968 1.104814
0.08136991 0.7157196 0.9745716
0.05690522 0.6560384 1.051929
0.01093925 0.7460715 1.041283
0.0963079 0.7065457 1.079781
0.121784 0.663571 1.128601
0.073962 0.692176 1.144383
0.01960336 0.5739099 1.066158
0.022984 0.550591 1.151984
-0.083778 0.640564 1.147943
-0.1632047 0.6090343 1.085889
-0.1044109 0.6754544 0.9503224
-0.210009 0.62563 1.158685
-0.06166105 0.5695363 1.030126
-0.108098 0.735567 1.142774
-0.02775994 0.5041544 1.095286
-0.026019 0.560288 1.16451
-0.222474 0.745554 1.137573
-0.174971 0.708216 1.149189
-0.2179797 0.6676691 1.049461
-0.06030873 0.7115306 1.070926
-0.1447846 0.7114271 1.067485
-0.1151 0.575551 1.158668
-0.050725 0.489861 1.180223
-0.134654 0.669536 1.143245
-0.24702 0.974499 0.978913
-0.274893 0.836884 1.122555
-0.224831 0.897579 1.091743
-0.298512 0.930933 1.034405
-0.2993791 0.7514051 1.034889
-0.194335 0.981776 1.002039
-0.199293 0.823515 1.131102
-0.261264 0.725096 1.14262
-0.2929021 0.8351623 1.015314
-0.28747 0.896848 1.075362
-0.323319 0.876354 1.084729
-0.2461919 0.7272115 1.073984
-0.308392 0.982664 0.908712
-0.1566582 0.7987686 0.9978256
-0.03384401 0.8904825 0.9147791
-0.024307 1.009997 0.943547
0.05192583 1.000652 0.7989331
-0.02488419 0.870229 0.7503876
0.080696 1.05278 0.881563
0.0966665 0.9148096 0.8305897
-0.04037801 0.9580106 0.9117884
0.011152 1.0357 0.885431
-0.09165979 0.9242874 0.926015
0.01047703 0.9323478 0.8848689
-0.005753909 0.8305644 0.896179
0.08592577 0.9327517 0.6673228
-0.136041 1.024467 0.890669
0.06045 0.996994 0.948162
-0.060232 1.02153 0.884229
-0.004333 0.860573 1.109409
-0.092397 0.8201 1.130312
0.011179 0.943185 1.057689
0.1664651 0.9166015 0.9014623
0.073002 0.962468 1.011826
-0.050556 0.945741 1.058153
0.109533 0.928797 1.038542
0.07179871 0.8710168 0.9577648
-0.12347 0.974003 1.019323
-0.02379072 0.8556238 1.001504
-0.06653678 0.9282579 0.9607779
-0.155525 0.904713 1.092521
-0.003867 0.989247 0.99416
0.035418 0.896602 1.092962
-0.1476079 0.2169451 0.5935089
-0.1296767 0.3699527 0.463083
0.3182256 0.08929018 0.6265823
0.05819284 -0.04520286 0.5948658
0.1348224 -0.05781987 0.4824621
-0.01190971 -0.0774111 0.6518775
0.0107723 -0.1133948 0.468719
0.4659989 0.2424516 0.5609425
0.064445 -0.225831 0.517975
-0.03132304 0.05439293 0.6217646
-0.001149 -0.221759 0.54659
0.2198152 0.1768602 0.4388076
0.1409328 0.1924902 0.6536231
0.03372507 0.1046603 0.3368786
-0.06981166 0.06149723 0.4909055
0.2837473 -0.02509433 0.5267821
0.133211 -0.295906 0.486318
0.210408 -0.302169 0.530313
0.1447055 -0.1909722 0.5114214
0.2983973 -0.2137374 0.4250803
0.180033 -0.262181 0.569644
0.135605 -0.311526 0.410235
0.3894404 -0.1805162 0.479036
0.1937835 -0.1737885 0.4407398
0.1594927 -0.2384751 0.4165242
0.379202 -0.27748 0.383714
0.352838 -0.307881 0.446918
0.090174 -0.25782 0.495374
0.2781538 -0.2177183 0.5484938
0.179776 -0.303349 0.380102
0.342899 -0.303138 0.524756
0.24383 -0.308494 0.443716
0.28161 -0.294628 0.246186
0.08505823 -0.2479268 0.2323589
-0.017338 -0.245995 0.078171
0.081531 -0.317557 0.089809
-0.008576 -0.299459 0.266253
0.101672 -0.319729 0.19479
-0.02246 -0.276975 0.165387
0.128121 -0.297659 0.133444
0.15959 -0.1545821 0.1744523
0.055558 -0.316256 0.19625
0.104626 -0.326023 0.251361
0.018085 -0.305637 0.144673
0.2241206 -0.1858904 0.3073236
0.08192322 -0.2619572 0.1667149
0.043717 -0.301279 0.398087
-0.128825 -0.232051 0.271818
-0.069789 -0.237864 0.249934
0.111717 -0.31622 0.337072
-0.003354 -0.239555 0.425907
0.0916993 -0.1907699 0.4507927
0.105027 -0.2057865 0.372803
0.01539 -0.304704 0.316225
0.08801941 -0.07632549 0.3614436
0.02658816 -0.2291383 0.2877776
-0.050741 -0.232833 0.3867
0.1174254 -0.03651846 0.2400799
-0.028207 -0.260001 0.339641
0.01979021 -0.1881774 0.3579261
0.582006 -0.121823 0.647753
0.4428263 -0.2310879 0.4657278
0.4788109 -0.1129732 0.5759898
0.3694604 -0.1967795 0.6243646
0.528313 0.011575 0.77459
0.503188 -0.23214 0.598896
0.363963 -0.131702 0.877872
0.3878166 -0.151357 0.723381
0.497037 -0.192255 0.709867
0.4560174 -0.0853829 0.6793421
0.519497 -0.081375 0.762394
0.552409 -0.106881 0.713836
0.409392 -0.040645 0.825305
0.3421397 -0.03703274 0.7828923
0.4518 -0.277017 0.552466
0.466796 -0.153077 0.800606
0.356551 -0.299598 0.643741
0.3063338 -0.2092148 0.7704706
0.3438843 -0.234124 0.6959465
0.391236 -0.279044 0.749916
0.310819 -0.301154 0.807057
0.248942 -0.305789 0.706234
0.332822 -0.269914 0.860587
0.39145 -0.293808 0.659231
0.405007 -0.259337 0.786544
0.37985 -0.204929 0.854637
0.445832 -0.258934 0.66202
0.3671865 -0.2460998 0.647923
0.437794 -0.213877 0.799525
0.3667561 -0.2203867 0.7537645
0.313504 -0.204813 0.8828
0.052573 -0.304251 0.77485
0.239751 -0.292795 0.866169
0.034066 -0.302875 0.886623
0.103024 -0.280888 0.91569
0.1982481 -0.2277054 0.8283031
0.213333 -0.279224 0.895469
0.007726 -0.305656 0.802527
0.176273 -0.307675 0.805611
0.143255 -0.301743 0.872211
0.06241 -0.15873 0.919275
0.209844 -0.132927 0.896368
0.218944 -0.177679 0.900973
0.08598443 -0.2357297 0.8329089
0.158476 -0.1157 0.910122
0.05963249 -0.05125443 0.7101837
0.177203 -0.038799 0.984799
0.047494 -0.116232 0.919615
0.08175838 -0.1272968 0.8224957
0.1625584 -0.1305229 0.8303455
0.2934826 -0.02898092 0.720423
-0.002614 -0.209357 0.714979
0.234843 -0.039026 0.939068
0.089935 -0.081377 0.965895
0.03355525 -0.1321832 0.7161817
0.04464478 0.06050826 0.7351113
0.03047 -0.212573 0.688014
0.220609 -0.096389 0.897343
0.2106297 0.02571932 0.818132
0.155729 -0.09343352 0.7583843
0.115423 -0.209845 0.666998
0.162885 -0.216212 0.637739
0.179616 -0.247212 0.678016
0.071448 -0.209496 0.694312
0.145457 -0.2049913 0.7643488
0.208115 -0.280566 0.664071
0.245283 -0.296154 0.617915
0.27316 -0.1734686 0.6603726
0.14494 -0.221417 0.593719
0.09639 -0.301852 0.745818
0.2136407 -0.1485989 0.583078
0.138129 -0.306495 0.757561
0.2486725 -0.2304839 0.7031518
0.1165732 -0.151484 0.7171627
0.1570191 -0.1182712 0.6607281
0.1986262 -0.1746024 0.6904612
-0.710502 -0.18817 0.935681
-0.60217 -0.308398 0.823062
-0.686261 -0.30142 0.922224
-0.523296 -0.271168 0.79522
-0.676739 -0.174127 0.979741
-0.59448 -0.2953 1.017771
-0.565288 -0.2360572 1.007875
-0.661472 -0.292613 0.966828
-0.624335 -0.217921 1.033259
-0.6111365 -0.2220699 0.8948652
-0.569553 -0.221317 1.07287
-0.723435 -0.242963 0.925028
-0.551526 -0.223286 0.719862
-0.668527 -0.263254 0.989036
-0.543807 0.045194 0.774337
-0.668893 -0.102522 0.92343
-0.576507 0.081122 0.727791
-0.4691539 -0.04341746 0.8061846
-0.4230841 0.009980891 0.7200965
-0.475183 0.046825 0.841275
-0.58469 -0.08640701 0.7135518
-0.548586 0.021239 0.840864
-0.667654 -0.057685 0.876239
-0.549091 0.071194 0.746919
-0.48686 -0.218642 0.76707
-0.565964 -0.001192 0.887886
-0.625984 0.010249 0.807509
-0.63182 0.04365 0.740745
-0.360041 -0.001643 0.93896
-0.42505 -0.002446 0.929419
-0.378224 -0.03929701 0.8397429
-0.362424 -0.027812 0.96233
-0.295116 -0.098208 1.008797
-0.301385 -0.148004 1.028237
-0.4533365 -0.1311553 0.8444372
-0.3876454 -0.05300376 0.9050912
-0.444848 -0.038564 1.00222
-0.395129 0.025226 0.924262
-0.3349383 -0.1252292 0.8514114
-0.458988 0.020413 0.878529
-0.327764 -0.09094574 0.9417845
-0.3855172 -0.1361547 0.9569506
-0.484921 -0.002199 0.934802
-0.316776 -0.016982 0.946019
-0.4794829 -0.09760124 0.9553082
-0.587711 -0.045894 0.934663
-0.539252 -0.05998 0.998874
-0.466498 -0.150002 1.07702
-0.622155 -0.163353 1.018575
-0.51705 -0.161663 1.075367
-0.4996309 -0.1769636 0.9877971
-0.5223355 -0.1994248 1.034059
-0.474645 -0.063318 1.03072
-0.415132 -0.125537 1.063302
-0.519505 -0.027363 0.97403
-0.552503 -0.159182 1.059172
-0.534474 -0.101168 1.02311
-0.618382 -0.109894 0.989266
-0.42528 -0.065857 1.042549
-0.5528988 -0.1177351 0.9509997
-0.364018 -0.305913 0.905033
-0.551825 -0.301365 1.004207
-0.338282 -0.292444 1.019249
-0.569671 -0.274605 1.067871
-0.303612 -0.273811 1.026643
-0.398925 -0.278311 1.058544
-0.458679 -0.287342 1.05731
-0.501167 -0.303624 0.872785
-0.439047 -0.260549 1.080466
-0.40634 -0.301129 1.011822
-0.4347574 -0.2375285 1.014792
-0.55252 -0.301797 0.950891
-0.312875 -0.219776 1.033122
-0.508993 -0.222267 1.083662
-0.20358 -0.016662 0.994988
-0.3283479 -0.0849566 0.6923851
-0.364212 0.058123 0.968648
-0.2149348 -0.02139417 0.8337026
-0.1423727 0.06218341 0.9136454
-0.116181 -0.042755 0.983513
-0.259863 -0.049742 0.959477
-0.165128 -0.057398 0.955622
-0.280062 -0.1159581 0.7720591
-0.245257 0.019718 1.012076
-0.299602 0.04116 0.994944
-0.2477914 0.09229239 0.7166704
-0.416645 0.110414 0.926501
-0.3265055 -0.1517628 0.7949504
-0.1660927 -0.02732635 0.6122562
-0.129113 -0.226211 0.532819
-0.423836 -0.238226 0.349039
-0.4159563 -0.1131985 0.5776018
-0.321769 -0.234909 0.334681
-0.268667 -0.230569 0.508155
-0.200502 -0.233054 0.382092
-0.1180189 -0.05972505 0.3549593
-0.509688 -0.228459 0.64506
-0.235898 -0.232962 0.236671
-0.329662 -0.226747 0.613769
-0.392198 -0.223731 0.671762
-0.466715 -0.235329 0.529206
-0.381603 -0.233293 0.499851
-0.3231391 -0.0790966 0.4267238
-0.2699912 0.03645226 0.2987945
-0.267724 -0.213356 0.770648
-0.225794 -0.2106 0.777881
-0.253014 -0.298888 0.850526
-0.299984 -0.20882 0.796966
-0.256071 -0.1629531 0.8095665
-0.289073 -0.305942 0.885004
-0.264984 -0.300044 0.972378
-0.3175878 -0.2124302 0.9270568
-0.197821 -0.209263 0.9937
-0.342375 -0.212578 0.791394
-0.1410538 -0.2352637 0.8952905
-0.194732 -0.305629 0.917285
-0.329428 -0.303744 0.873694
-0.138019 -0.255453 0.979276
-0.199147 -0.270976 0.994904
-0.216083 -0.303875 0.863101
-0.040231 -0.115051 0.930766
-0.117906 -0.214279 0.730516
-0.03033267 -0.1492586 0.71271
-0.09528342 -0.1549814 0.715341
-0.004966 -0.085898 0.942881
-0.09342415 -0.04143552 0.774755
-0.133398 -0.083226 0.945304
-0.151513 -0.211037 0.757657
-0.03032986 0.05396957 0.8438623
-0.1823561 -0.1062681 0.7715966
-0.007471529 -0.07589034 0.8336328
-0.18993 -0.213657 0.748523
-0.09967858 -0.1407485 0.7788735
-0.1824904 -0.1665346 0.7894485
-0.1336456 -0.02171751 0.8768481
-0.04755 -0.213152 0.710163
-0.005387 -0.285276 0.936285
-0.082594 -0.216382 0.73343
-0.1414 -0.294163 0.958545
-0.098496 -0.301351 0.813227
-0.026378 -0.30559 0.796435
-0.034552 -0.1759951 0.7731472
-0.1111117 -0.2044917 0.8562155
-0.128522 -0.146754 0.969581
-0.09356 -0.306327 0.908125
-0.079513 -0.275118 0.96282
-0.141392 -0.306322 0.846087
0.01141454 -0.1522523 0.8557554
-0.073089 -0.210362 0.955758
-0.01903084 -0.2301099 0.8546283
-0.170128 -0.301479 0.834285
0.732022 0.095061 -0.128546
0.777496 0.1902976 0.009723621
0.6741083 0.2198991 -0.04319927
0.7830112 0.07064289 0.01401637
0.6191064 0.1255803 -0.119216
0.817451 0.158274 -0.098647
0.8187136 0.08819923 0.155351
0.5714861 0.1421667 0.07011864
0.800058 0.081272 -0.130294
0.6886092 0.1262442 0.01181493
0.756368 0.021561 -0.133664
0.779842 0.203159 -0.12676
0.7877888 0.1291471 -0.03469376
0.7551202 0.2606982 -0.06982855
0.776772 0.156165 -0.10517
0.6289597 -0.01507993 -0.03530608
0.613096 -0.084789 -0.126512
0.586489 -0.234258 -0.032319
0.5061574 0.0143844 0.03349836
0.665896 -0.193595 -0.050717
0.668911 0.020997 -0.137931
0.570522 -0.09019695 -0.04135167
0.533303 -0.190572 -0.088835
0.690377 -0.058461 -0.123485
0.553911 -0.106113 -0.133898
0.665154 -0.234001 0.001321
0.680703 -0.12519 -0.096853
0.6809657 -0.01999874 0.06813815
0.6065442 -0.1437015 0.02888892
0.999026 -0.005778 -0.038873
1.064985 0.154502 -0.054904
0.889463 0.06586 -0.126656
0.987027 0.038433 -0.075662
0.8741226 0.07914198 -0.02107774
0.917571 0.217393 -0.077118
0.9400132 0.1516227 -0.0305128
1.011027 0.171605 -0.03167137
0.990177 0.14881 -0.097424
1.021473 0.099475 -0.075081
0.888498 0.11981 -0.119556
0.970207 0.204886 -0.087546
0.9943651 0.06707303 0.003279099
1.072592 0.084623 -0.022766
0.870039 -0.02517822 -0.02109512
0.884895 -0.034832 -0.097963
0.884363 -0.126089 0.011263
0.753758 -0.183792 -0.029837
0.929936 -0.037916 -0.070821
0.94603 -0.118726 0.053562
0.832721 -0.095544 -0.073118
0.764004 -0.042083 -0.122104
0.820809 0.003405013 0.03351239
0.847451 -0.003436 -0.125493
0.91181 0.02749 -0.1111
0.787172 -0.213606 0.044222
0.7577303 -0.08743653 0.02497096
0.922283 -0.084199 -0.024206
0.76523 -0.124593 -0.079275
1.099109 -0.013497 0.116795
1.02622 0.06992931 0.1253704
1.021905 -0.076733 0.092311
0.9016674 -0.03492441 0.2232273
0.990876 -0.064931 0.018845
0.9414847 0.09998558 0.06007893
0.963844 -0.138509 0.157344
0.8699019 -0.06417007 0.08830927
1.048827 -0.018222 0.030277
1.097722 0.0275 0.051658
0.86608 -0.191118 0.135382
0.7471188 -0.1129336 0.1556793
0.993631 -0.12311 0.275211
1.046088 -0.071543 0.164285
0.9166 -0.171667 0.219382
0.897972 -0.159728 0.080566
0.5281137 -0.08870543 0.4650845
0.737021 -0.122753 0.590291
0.6510781 -0.1465891 0.4756558
0.673101 -0.230911 0.465257
0.778326 -0.097393 0.613304
0.5628987 -0.03345074 0.5755029
0.642483 -0.114668 0.597065
0.4399756 -0.00286673 0.6170759
0.569093 -0.197145 0.58515
0.700954 -0.180521 0.539408
0.574582 -0.247319 0.488249
0.6823374 -0.02761894 0.4467094
0.683733 -0.019157 0.624752
0.665808 -0.163876 0.560435
0.6871798 -0.0816463 0.5223721
0.570305 0.07354511 0.5320073
1.000781 -0.10564 0.38006
0.909738 -0.169496 0.316964
0.866941 -0.115803 0.531325
0.733551 -0.235634 0.390751
0.8829212 -0.06826581 0.3670565
0.795111 -0.01943299 0.308913
0.7974 -0.230082 0.222197
0.7512633 -0.118863 0.3629082
0.765941 -0.180771 0.507505
0.780545 -0.23024 0.32467
0.887368 -0.146108 0.453061
0.7746657 -0.05302523 0.5084331
0.860746 -0.181359 0.38099
0.798741 -0.192254 0.447075
0.45575 -0.302086 0.01574
0.533941 -0.270113 0.002516
0.318095 -0.197844 -0.03201399
0.374296 -0.294959 0.095646
0.494158 -0.24448 -0.048356
0.416296 -0.301127 -0.030545
0.3768538 -0.1968116 0.09572562
0.400367 -0.282974 0.136501
0.340949 -0.313954 0.030776
0.4298267 -0.1544409 0.02474627
0.402916 -0.296631 -0.077405
0.433471 -0.263205 -0.05106
0.5172881 -0.192036 0.0741241
0.607685 -0.281475 0.083422
0.442493 -0.310428 0.095438
0.515019 -0.298539 0.061754
0.633243 -0.293289 0.174181
0.701357 -0.276231 0.246963
0.61224 -0.299017 0.240395
0.429896 -0.274995 0.340667
0.555439 -0.298682 0.332291
0.449413 -0.300705 0.43937
0.513897 -0.2158833 0.307119
0.5793652 -0.1457345 0.3042826
0.671814 -0.272685 0.313592
0.604662 -0.276607 0.387843
0.731765 -0.255812 0.150524
0.491778 -0.287359 0.461042
0.4757435 -0.2268511 0.3987713
0.6341753 -0.1922894 0.2198998
0.459266 -0.305028 0.361184
0.511328 -0.311126 0.207738
0.3390555 -0.06900553 0.2808111
0.5168986 -0.2330166 0.2280992
0.5579537 0.009723047 0.2931297
0.4821898 -0.1231467 0.2443828
0.448736 -0.274079 0.267341
0.4992397 -0.09817063 0.1227514
0.3929112 -0.1552831 0.3554678
0.4882634 -0.2261641 0.1527351
0.330706 -0.06087944 0.08946455
0.3880221 -0.1535366 0.1831442
0.430098 -0.28496 0.189432
0.466858 -0.295667 0.217257
0.530536 -0.306104 0.155814
0.449072 -0.307451 0.159316
0.493834 -0.302065 0.269901
1.025441 0.2498617 0.4915284
0.944944 0.400188 0.462801
0.912301 0.282477 0.572333
1.073081 0.251062 0.56585
0.9502907 0.2813469 0.4997891
1.139034 0.298069 0.506242
1.052382 0.307291 0.552935
0.993407 0.372678 0.521027
1.020584 0.3229426 0.4191281
1.006626 0.227571 0.601717
0.992614 0.316481 0.560464
1.105056 0.367442 0.489104
0.925393 0.195956 0.63222
0.997263 0.437186 0.419537
0.840518 0.2488 0.576473
0.763622 0.115123 0.628263
0.8915569 0.223791 0.496632
0.903229 0.420607 0.450614
0.7787714 0.2762041 0.4488855
0.7275177 0.2084067 0.5255683
0.846348 0.192055 0.611687
0.863374 0.361705 0.528724
0.898194 0.375964 0.49202
0.8006851 0.1189114 0.4375709
0.776773 0.194459 0.627955
0.885414 0.311716 0.539486
0.816239 0.236483 0.592231
0.8141147 0.365844 0.445963
0.9043271 0.3143208 0.388677
1.08035 0.1115064 0.2390666
1.167104 0.084879 0.37611
1.087092 -0.043849 0.319601
1.152909 0.032659 0.282438
1.219438 0.198683 0.241597
1.072 0.2289669 0.4194841
1.197664 0.27101 0.390684
1.106551 0.1652882 0.3233987
1.198249 0.189046 0.364846
1.00853 0.2668328 0.2226062
1.139527 0.2448923 0.275793
1.150808 0.024848 0.209254
1.182171 0.101704 0.292911
1.005057 0.1057061 0.3265885
1.206518 0.176819 0.29964
1.074941 -0.058725 0.241551
0.9165597 0.1334999 0.5363828
1.038271 0.191108 0.591653
0.931773 0.076435 0.63697
0.982904 0.142576 0.616518
0.866333 0.069866 0.650168
0.938141 0.00871 0.605824
0.880562 0.021185 0.645402
0.7755 0.032652 0.640097
0.912044 -0.05122 0.575993
0.930489 0.145825 0.639143
1.014062 0.097526 0.591365
0.8883213 0.0563156 0.5819785
0.825974 -0.044609 0.643755
0.9660482 0.2208221 0.4330141
1.165686 0.253021 0.465522
1.100382 0.117532 0.522652
1.138662 0.195053 0.496173
1.086649 0.184042 0.558588
0.971733 -0.091001 0.465597
1.055181 0.069086 0.547168
1.046371 -0.023035 0.468639
1.161511 0.123488 0.436054
0.8928893 0.04341504 0.4891597
1.003068 -0.012271 0.529439
1.018919 0.1464114 0.520211
1.117818 -0.004404 0.392209
1.102017 0.064101 0.489358
1.062927 0.1339069 0.434973
1.066203 0.461547 0.194093
1.193395 0.204247 0.112907
1.074704 0.440547 0.13602
1.084796 0.2285302 0.08086015
1.101522 0.409865 0.095352
1.152058 0.352796 0.062799
1.132543 0.194504 0.017875
1.149996 0.439464 0.204723
1.1296 0.030832 0.113958
1.125773 0.119873 0.039791
1.215602 0.281541 0.210475
1.083042 0.3375074 0.1785059
1.108027 0.234486 -0.001781
1.155847 0.267842 0.052382
1.193448 0.331654 0.162139
1.212493 0.319451 0.314502
1.05374 0.3858166 0.3612892
1.144722 0.389754 0.426152
1.206608 0.357071 0.276988
1.073846 0.468913 0.334256
1.016097 0.465714 0.345814
1.184774 0.329361 0.412528
1.085222 0.3197973 0.3094207
1.170643 0.427113 0.309567
1.116045 0.451218 0.34985
1.081247 0.439375 0.427734
1.08777 0.4060965 0.3002299
1.185689 0.370098 0.369421
1.187594 0.387434 0.202269
1.087667 0.466532 0.25967
1.016442 0.1954236 0.1307383
1.024784 0.213137 -0.074445
0.9793379 0.3041991 0.1109197
1.043791 0.1869106 0.01768449
1.029018 0.40948 0.076713
0.8696801 0.2774241 0.09485185
1.06269 0.365678 0.03171
0.9646156 0.207265 0.02693365
1.071484 0.292957 -0.010021
0.950456 0.41955 0.086789
0.9200276 0.3233977 0.0791692
0.919274 0.335652 0.010295
1.056759 0.197699 -0.062839
1.000688 0.302748 -0.025261
0.8120342 0.2691541 0.02867751
0.820819 0.302425 -0.10308
0.908006 0.524247 0.036532
0.7804999 0.4130882 0.08967514
0.6398013 0.3188058 0.08993906
0.6331451 0.1821717 0.3538551
0.837805 0.271803 -0.05558
0.873715 0.410001 -0.012867
0.7310001 0.2326276 0.1233221
0.913874 0.43579 0.059518
0.869306 0.26818 -0.038326
0.7689649 0.3568347 -0.01280279
0.896675 0.367026 0.029716
0.88768 0.4184543 0.1273389
0.929818 0.541897 0.216917
0.8711585 0.3761582 0.1867056
0.964891 0.456011 0.183829
0.8313378 0.2604695 0.2008817
0.93313 0.474658 0.146359
0.9921864 0.3626516 0.275909
0.8941177 0.3906364 0.3374573
0.942599 0.48121 0.277257
0.8755313 0.4568949 0.3044198
0.923607 0.464905 0.384001
0.8046288 0.4027132 0.3573985
0.963056 0.447733 0.360679
0.929919 0.507903 0.320768
0.8340631 0.5054272 0.2625616
0.7652025 0.4243427 0.2269806
1.004451 0.469724 0.276463
-0.247053 -0.169411 -0.530296
-0.011575 -0.215832 -0.231737
-0.233863 -0.242542 -0.326274
-0.183581 -0.310924 -0.365655
-0.090661 -0.217264 -0.510726
-0.223805 -0.279819 -0.346101
-0.0188418 -0.1590237 -0.3078762
-0.084233 -0.224325 -0.284705
-0.053155 -0.275266 -0.316582
-0.213415 -0.324902 -0.47124
-0.222099 -0.26259 -0.515193
-0.070562 -0.13854 -0.509344
-0.16667 -0.320662 -0.409729
-0.117808 -0.304188 -0.484489
-0.287299 -0.303415 -0.516045
0.000744 -0.304554 -0.469646
0.078143 -0.233439 -0.486132
0.102529 -0.290824 -0.462486
-0.025409 -0.308209 -0.33698
0.003623507 -0.2134868 -0.3947953
0.064982 -0.27585 -0.292675
0.086259 -0.317297 -0.363215
-0.040813 -0.318921 -0.386621
-0.023988 -0.322011 -0.437074
0.039889 -0.151552 -0.487763
0.033436 -0.276865 -0.485637
0.09256839 -0.2377465 -0.3954655
0.1119273 -0.1706386 -0.3451667
-0.077913 -0.268795 -0.498504
0.027864 -0.230924 -0.26633
0.111432 -0.318606 -0.418139
-0.01166626 0.214368 -0.3849989
-0.269987 -0.098696 -0.559819
-0.212744 -0.066664 -0.59275
-0.15059 -0.08043 -0.591529
-0.02278485 0.09365975 -0.4283263
-0.15376 -0.2189 -0.252559
-0.2096589 -0.04473007 -0.484256
-0.1215814 0.01926893 -0.4640561
-0.1522 -0.13135 -0.522427
-0.144186 0.2248528 -0.472705
-0.03548589 -0.07786538 -0.3549237
-0.242158 -0.1305 -0.528176
-0.30858 -0.227964 -0.317119
-0.163595 -0.003084 -0.621428
-0.18995 -0.223196 -0.118262
-0.497121 -0.22946 -0.205426
-0.2742762 -0.04935784 -0.2352526
-0.4570364 -0.02475816 -0.1771688
-0.5682078 0.01107875 -0.1297093
-0.4837437 -0.07166748 0.1147484
-0.463661 -0.238424 0.211055
-0.315502 -0.224954 -0.165635
-0.350776 -0.233761 0.113647
-0.155183 -0.228234 0.089736
-0.249759 -0.01543891 0.1330512
-0.283561 -0.230866 0.029639
-0.340534 -0.224035 -0.285032
-0.417161 -0.229094 -0.146106
-0.701864 -0.294259 -0.622585
-0.875529 -0.30756 -0.519973
-0.817829 -0.320423 -0.57542
-0.715131 -0.328102 -0.604831
-0.892489 -0.195604 -0.415954
-0.874221 -0.149248 -0.355559
-0.845938 -0.274161 -0.545072
-0.745044 -0.259663 -0.592573
-0.844569 -0.122112 -0.406491
-0.893276 -0.241659 -0.449741
-0.900897 -0.314738 -0.447768
-0.846202 -0.327338 -0.481163
-0.765298 -0.323057 -0.594164
-0.925427 -0.299658 -0.395098
-0.751606 -0.092515 -0.483425
-0.81548 -0.157651 -0.473664
-0.747533 -0.314486 -0.34322
-0.672252 -0.299939 -0.378885
-0.753319 -0.328194 -0.474887
-0.805934 -0.090322 -0.444582
-0.724817 -0.1081 -0.539274
-0.721866 -0.065333 -0.459345
-0.850453 -0.214174 -0.496165
-0.794048 -0.2397607 -0.4063485
-0.683384 -0.14475 -0.586972
-0.809027 -0.220469 -0.547551
-0.6824451 -0.2013777 -0.4072405
-0.691065 -0.037689 -0.390996
-0.7276676 -0.1806732 -0.4838654
-0.480431 -0.029145 -0.541802
-0.430517 -0.068774 -0.553739
-0.603537 -0.009607 -0.423022
-0.5024402 -0.007105791 -0.3994505
-0.642393 -0.045727 -0.473224
-0.3084047 -0.07893312 -0.4621267
-0.5123051 -0.06849877 -0.4467144
-0.325975 -0.056925 -0.586872
-0.561118 0.032344 -0.475497
-0.348437 -0.117933 -0.553158
-0.556878 -0.018685 -0.487114
-0.4130747 -0.1252687 -0.4555005
-0.533937 -0.044474 -0.517814
-0.3926269 0.00622263 -0.4681744
-0.525589 -0.295791 -0.584841
-0.4600351 -0.2464049 -0.4249013
-0.521224 -0.31213 -0.41238
-0.355591 -0.311189 -0.389124
-0.341405 -0.267594 -0.542216
-0.530898 -0.329388 -0.510724
-0.455955 -0.169012 -0.578341
-0.493285 -0.327228 -0.449041
-0.5277229 -0.2550741 -0.4729153
-0.374929 -0.329057 -0.499824
-0.402051 -0.247364 -0.355205
-0.329441 -0.323533 -0.420243
-0.330918 -0.1925 -0.552798
-0.405026 -0.304652 -0.556577
-0.6100271 -0.1301222 -0.3899046
-0.651416 -0.200367 -0.603061
-0.632961 -0.1803477 -0.4996621
-0.576964 -0.2053135 -0.4120622
-0.5250125 -0.1399831 -0.4755033
-0.652422 -0.325806 -0.434037
-0.5772039 -0.2575779 -0.5363371
-0.56261 -0.227097 -0.331085
-0.538376 -0.134234 -0.579331
-0.54746 -0.312509 -0.58708
-0.524171 -0.222222 -0.585474
-0.661806 -0.293424 -0.619332
-0.518946 -0.234369 -0.357039
-0.623465 -0.329631 -0.585006
-0.572092 -0.094845 -0.557588
-0.61452 -0.271012 -0.373189
0.179026 0.2757614 -0.4440576
0.05333701 0.1924666 -0.5032594
0.284643 0.047873 -0.554378
0.208576 0.011468 -0.569047
0.1560738 0.1033219 -0.5170068
0.288991 0.217702 -0.575685
0.292302 -0.005442 -0.532055
0.338458 0.153702 -0.565601
0.18005 -0.057015 -0.529383
0.205367 0.05978539 -0.4225849
0.214221 0.093752 -0.59535
0.140953 0.004568 -0.574101
0.2220408 0.2507418 -0.5216383
0.2558178 0.1549422 -0.4818052
0.217822 0.1594 -0.596273
0.155383 0.212624 -0.610821
0.07531034 0.02100503 -0.4691918
-0.03976176 0.04127732 -0.553359
0.08563936 0.009998001 -0.5328901
0.094209 0.128747 -0.617101
0.074618 -0.03744 -0.58052
0.011827 0.064611 -0.612531
-0.042138 -0.062323 -0.587533
0.03871324 0.05559997 -0.5348195
0.09686 0.038028 -0.590974
-0.072789 0.008347 -0.620679
0.013439 0.126672 -0.638161
0.066844 0.006948 -0.595522
0.087686 -0.083866 -0.53578
0.00702 0.00797 -0.611748
0.002771 -0.102176 -0.52723
0.05022892 0.1784349 -0.5786119
0.227622 0.3559699 -0.5297095
0.346671 0.274332 -0.573373
0.272428 0.265309 -0.597427
0.456749 0.327179 -0.522144
0.3066803 0.4259934 -0.5071893
0.3710004 0.2930363 -0.3804408
0.2714556 0.4055814 -0.3612968
0.40132 0.524979 -0.546
0.330194 0.400139 -0.600227
0.275781 0.362195 -0.615116
0.3866128 0.3921737 -0.4587705
0.392373 0.340148 -0.567122
0.2949157 0.2649685 -0.4670319
0.442089 0.453852 -0.538003
0.443628 0.24382 -0.51852
0.602403 0.078042 -0.320306
0.589368 0.005972 -0.294765
0.4505708 0.1597636 -0.3287704
0.643358 0.050394 -0.205976
0.584148 0.160763 -0.370697
0.564172 0.043523 -0.390051
0.576425 0.223713 -0.407396
0.549836 -0.025959 -0.341725
0.45621 0.04063612 -0.295786
0.5172556 0.1132584 -0.2134451
0.642011 0.117191 -0.279249
0.571545 -0.031386 -0.270725
0.5124 -0.028681 -0.381512
0.552923 0.100232 -0.390811
0.509564 0.152321 -0.463055
0.511714 0.103996 -0.433749
0.457912 0.039339 -0.472884
0.3607487 -0.05600337 -0.3717532
0.338301 0.1335428 -0.3964239
0.3327241 0.01531697 -0.3780458
0.38059 0.07895 -0.552624
0.4231942 0.04306054 -0.384683
0.330198 -0.027323 -0.489946
0.4186546 0.123905 -0.4486676
0.504101 0.023874 -0.43034
0.407586 -0.003856 -0.469557
0.447305 0.112896 -0.528357
0.430026 -0.062025 -0.404555
0.1752304 -0.1834133 -0.1464877
-0.078119 -0.224008 0.01575
-0.060714 -0.218233 -0.168534
0.3611736 0.1515847 0.1250017
0.04188186 -0.1459851 -0.2443345
-0.008274 -0.223417 -0.009794
-0.08616142 -0.1054277 -0.2347829
-0.07204209 -0.1229112 -0.07356234
-0.01784231 0.09272437 -0.2357543
-0.0716228 0.01205462 -0.06929325
0.1573097 -0.01785085 0.02917343
0.0850235 -0.06997914 -0.2283086
0.097264 -0.218332 -0.136343
-0.124196 0.2689828 0.151561
0.09090971 -0.08273437 -0.08321407
0.164738 0.1723155 0.2161907
0.180347 -0.317034 0.042443
0.160349 -0.267772 -0.154434
0.056307 -0.304815 0.049928
0.285568 -0.30984 0.044816
0.2370899 -0.1676445 0.06747311
0.122341 -0.297214 -0.055475
0.16153 -0.30926 -0.070534
0.215022 -0.297406 0.074291
0.074173 -0.266295 -0.028172
0.312903 -0.275003 0.077375
0.121356 -0.311291 0.09683
0.247082 -0.313479 -0.11801
0.2292063 -0.2380494 -0.01858284
0.168812 -0.271278 0.111855
0.447682 -0.110561 -0.327481
0.2508992 -0.03892599 -0.3094266
0.2807015 -0.1629345 -0.1593072
0.42 -0.198121 -0.229001
0.512247 -0.092697 -0.249977
0.3347841 -0.1244162 -0.2794786
0.460217 -0.187091 -0.134884
0.3582492 0.191338 -0.2373985
0.452366 -0.138351 -0.244515
0.3783712 0.001041999 -0.03111788
0.3803797 -0.1193924 -0.1650001
0.412138 -0.255101 -0.108329
0.2033012 -0.06272002 -0.1793774
0.536526 -0.091447 -0.182645
0.3940261 0.006592982 -0.1943692
0.4617277 -0.09423497 -0.1271282
0.214343 -0.307772 -0.221697
0.306115 -0.308107 -0.24313
0.2349577 -0.185828 -0.319448
0.188149 -0.316139 -0.330422
0.377834 -0.249166 -0.288082
0.1655318 -0.234233 -0.327538
0.372141 -0.296871 -0.156048
0.276837 -0.309485 -0.366856
0.344196 -0.294812 -0.293703
0.151464 -0.248753 -0.197152
0.1905069 -0.1783847 -0.2331786
0.2355761 -0.2337745 -0.181461
0.129781 -0.241708 -0.241924
0.2953984 -0.2260827 -0.2710077
0.155775 -0.306567 -0.283937
0.27289 -0.28231 -0.419989
0.310378 -0.133248 -0.471808
0.39457 -0.193601 -0.350342
0.212753 -0.116769 -0.498523
0.2260154 -0.227326 -0.3867186
0.1685196 -0.05617947 -0.4001239
0.400884 -0.096237 -0.423541
0.399062 -0.126429 -0.431911
0.202249 -0.248849 -0.459515
0.346445 -0.263351 -0.348658
0.295247 -0.208858 -0.442441
0.129041 -0.124821 -0.495202
0.230903 -0.200834 -0.461563
0.3197485 -0.1209294 -0.3756467
0.27189 -0.064184 -0.503652
-0.586845 0.638798 -0.690794
-0.627548 0.62272 -0.633639
-0.4492747 0.7656385 -0.6050469
-0.478786 0.666452 -0.758156
-0.4717793 0.703978 -0.6649277
-0.418981 0.804425 -0.727893
-0.535075 0.75084 -0.706059
-0.536758 0.704146 -0.725524
-0.614423 0.692496 -0.625202
-0.556793 0.602594 -0.721614
-0.577236 0.735886 -0.669554
-0.489481 0.793554 -0.7088
-0.458906 0.738718 -0.745684
-0.619576 0.540417 -0.65633
-0.627673 0.740007 -0.552613
-0.541842 0.802789 -0.655022
-0.613726 0.476139 -0.630794
-0.58162 0.500123 -0.694137
-0.398467 0.589387 -0.780952
-0.346334 0.649025 -0.788549
-0.285828 0.612723 -0.783121
-0.4592093 0.6555096 -0.5902372
-0.447256 0.556961 -0.773851
-0.450587 0.438021 -0.761384
-0.3753781 0.474805 -0.5590031
-0.505479 0.572986 -0.750277
-0.5065989 0.4666652 -0.6244315
-0.5297407 0.5834356 -0.6214048
-0.345725 0.569628 -0.773236
-0.4210149 0.5155289 -0.6679533
-0.363008 0.510268 -0.778492
-0.390364 0.457235 -0.776797
-0.451796 0.960425 -0.488044
-0.4689099 0.9105765 -0.4107976
-0.476088 0.92176 -0.503362
-0.49739 0.865283 -0.619269
-0.4978301 0.7809706 -0.39368
-0.612504 0.877881 -0.486264
-0.462161 0.8317621 -0.5357396
-0.35139 0.769897 -0.5470268
-0.584837 0.808455 -0.570494
-0.322153 0.968938 -0.4908
-0.54168 0.848352 -0.588117
-0.554481 0.874051 -0.5138
-0.3904553 0.8598222 -0.4071027
-0.433921 0.900684 -0.598602
-0.6345965 0.8167669 -0.2308283
-0.5097643 0.6412413 -0.3488506
-0.6624127 0.680651 -0.425681
-0.722029 0.621466 -0.438092
-0.731068 0.706324 -0.451524
-0.6065368 0.6597542 -0.2105205
-0.7178173 0.7738861 -0.3799961
-0.5684714 0.5144091 -0.3740788
-0.6413295 0.5704352 -0.3836946
-0.6501244 0.5435398 -0.3127313
-0.739232 0.773156 -0.476936
-0.704377 0.712873 -0.482613
-0.651551 0.742952 -0.508458
-0.7314016 0.6849317 -0.3086409
-0.6167405 0.7214954 -0.3778657
-0.717146 0.566016 -0.391992
-0.654715 0.462917 -0.520347
-0.6171583 0.5898027 -0.4535313
-0.565125 0.6601081 -0.4848274
-0.65634 0.656941 -0.565826
-0.6368826 0.4969493 -0.4015062
-0.68569 0.641682 -0.488769
-0.5671498 0.5387328 -0.5492656
-0.655084 0.532926 -0.578174
-0.68335 0.539488 -0.494966
-0.694981 0.54419 -0.431331
-0.633634 0.483442 -0.582801
-0.668407 0.448752 -0.450704
-0.5106161 0.480806 -0.5039857
-0.683951 0.437702 -0.404899
-0.671487 0.58946 -0.53031
-0.651109 0.589391 -0.588039
0.129868 0.802684 -0.660464
0.003838391 0.7608291 -0.453338
0.03671 0.890072 -0.642288
0.255914 0.834053 -0.582309
0.005755709 0.8275665 -0.5488915
0.04253755 0.7558969 -0.5926274
0.152691 0.917383 -0.556477
0.235072 0.787281 -0.61351
0.167711 0.757182 -0.646642
-0.006874 0.928832 -0.605228
0.061758 0.954969 -0.532937
0.133017 0.7084959 -0.5561392
0.214761 0.717588 -0.62685
0.083705 0.789508 -0.667312
0.144404 0.881001 -0.606186
0.01648202 0.5489221 -0.6183247
-0.130999 0.786685 -0.725669
-0.132202 0.653529 -0.755515
0.047686 0.738777 -0.682531
-0.07932424 0.6391772 -0.668391
-0.1031161 0.6974893 -0.5951149
-0.015943 0.669959 -0.734505
-0.017391 0.586176 -0.720265
0.085149 0.60878 -0.686361
-0.03360763 0.503109 -0.5271147
0.118533 0.674562 -0.670559
-0.022168 0.521182 -0.72159
-0.029361 0.773918 -0.70691
0.03119773 0.6712483 -0.5593364
-0.140769 0.586863 -0.757156
-0.076251 0.695349 -0.746947
0.1856838 0.9681411 -0.08322566
0.1862304 0.6692663 0.06908773
-0.07970918 0.8671715 -0.2883802
-0.3717474 0.6681561 -0.0004397561
-0.005166882 0.585399 -0.2181362
-0.1393299 0.8823553 0.1074444
-0.1282824 0.6599644 -0.3575603
-0.07159999 0.5382403 0.05952982
-0.2587416 0.8442234 -0.2361527
-0.2233761 0.9847093 -0.06937007
-0.05184366 0.7993905 -0.3616853
-0.2665528 0.6444195 -0.2804942
-0.1593658 0.8128073 -0.3263769
0.03834168 0.8246014 -0.188838
0.216861 0.4230646 -0.1768654
-0.1266611 0.7250544 -0.15449
-0.1337406 0.8690493 -0.4680852
-0.08901297 0.8333459 -0.6165192
-0.23239 0.981124 -0.498977
-0.046146 0.847148 -0.688647
-0.117879 0.9464 -0.594333
-0.118976 0.87282 -0.685617
-0.182056 0.956536 -0.575302
-0.242269 0.956372 -0.568152
-0.104294 0.908897 -0.652422
-0.226151 0.896601 -0.67071
-0.2672976 0.934903 -0.4452022
-0.255953 0.8973945 -0.376565
-0.2026773 0.8450219 -0.4942419
-0.1317326 0.8015317 -0.4299918
-0.1666088 0.8558597 -0.5900145
-0.356721 0.902152 -0.642194
-0.343297 0.793074 -0.746654
-0.2135071 0.7062047 -0.4877967
-0.272385 0.557055 -0.7678
-0.2753877 0.7673258 -0.682584
-0.309216 0.893112 -0.667499
-0.399667 0.847738 -0.702064
-0.2343727 0.7767087 -0.6117075
-0.266604 0.83598 -0.727341
-0.30263 0.717669 -0.775415
-0.462773 0.855373 -0.669946
-0.221162 0.768121 -0.744654
-0.391509 0.728909 -0.764461
-0.190317 0.700165 -0.765554
-0.3406628 0.8063033 -0.6366645
-0.264126 0.756386 -0.763499
-0.352544 0.07892 -0.65177
-0.503248 0.084148 -0.560701
-0.2969483 0.03400143 -0.5439161
-0.2543416 0.1293389 -0.5367882
-0.4185669 0.2030566 -0.5121193
-0.330391 0.187841 -0.709192
-0.349586 0.255774 -0.723537
-0.3695248 0.2332605 -0.6226046
-0.406452 0.140727 -0.656747
-0.253581 0.024671 -0.638719
-0.2953175 0.2681806 -0.5565317
-0.4580863 0.1036176 -0.443461
-0.427048 0.006997 -0.58449
-0.300918 0.046502 -0.647759
-0.5150654 0.4022437 -0.561061
-0.4755378 0.3311409 -0.5208167
-0.4468812 0.266147 -0.5895288
-0.508854 0.453215 -0.731298
-0.5625 0.227559 -0.558702
-0.4358098 0.411352 -0.6290516
-0.598651 0.369831 -0.575221
-0.498372 0.291595 -0.659247
-0.573612 0.381437 -0.62722
-0.468531 0.202275 -0.649622
-0.529042 0.380154 -0.683084
-0.464767 0.349972 -0.718377
-0.625369 0.338788 -0.483994
-0.51993 0.220198 -0.616214
-0.613879 0.029039 -0.306839
-0.5059695 0.06554099 -0.1925107
-0.4984682 0.0895816 -0.3120007
-0.649838 0.143927 -0.242095
-0.59808 0.024624 -0.374377
-0.5330724 0.1452909 -0.1061242
-0.625791 0.104171 -0.287757
-0.5542161 0.1448659 -0.2390249
-0.6223952 0.1679942 -0.1760126
-0.5617495 -0.05985086 -0.3439147
-0.5748716 0.09436691 -0.1656797
-0.60021 0.02226433 -0.1870692
-0.641798 -0.006103 -0.353256
-0.613305 0.134353 -0.364241
-0.5236296 0.359093 -0.3982707
-0.558247 0.2614873 -0.2715693
-0.5169118 0.3746812 -0.2647658
-0.661326 0.234384 -0.295125
-0.688877 0.310925 -0.300939
-0.673455 0.229556 -0.263435
-0.641196 0.208368 -0.318607
-0.6280832 0.2928505 -0.2549604
-0.5746751 0.3350503 -0.3250634
-0.617259 0.2675 -0.429189
-0.5799569 0.2300694 -0.1693131
-0.655407 0.296996 -0.35874
-0.6064921 0.2514462 -0.3018029
-0.5227173 0.2047121 -0.3646873
-0.675781 0.359229 -0.357334
-0.6061771 0.2128441 -0.2587651
-0.367708 0.4700381 -0.3166535
-0.3126679 0.3215324 -0.1032177
-0.600825 0.317276 -0.546819
-0.193833 0.3421954 -0.3723956
-0.591729 0.257122 -0.493472
-0.4744877 0.1976084 -0.2429582
-0.587526 0.08944 -0.432718
-0.567653 0.2744323 -0.04488795
-0.3582793 0.08725315 -0.1843281
-0.4275211 0.133749 -0.06025367
-0.541051 0.126987 -0.53692
-0.2613729 0.1364883 -0.2869722
-0.1783213 0.5554866 -0.5040414
-0.583343 0.169967 -0.455649
0.2091768 0.6333558 -0.5436305
0.206082 0.424879 -0.646371
0.310647 0.531739 -0.592139
0.204175 0.526886 -0.647487
0.1446804 0.5781088 -0.4976777
0.172693 0.604652 -0.66235
0.1714802 0.5071889 -0.558261
0.247754 0.517612 -0.617353
0.311951 0.461823 -0.599741
0.204863 0.4303626 -0.5693503
0.257043 0.602686 -0.621681
0.2101985 0.4457695 -0.4938658
0.160337 0.503055 -0.679477
0.0401801 0.3879059 -0.406495
0.092543 0.326546 -0.659942
0.1335212 0.438069 -0.5978932
0.1388367 0.313543 -0.5406686
0.01425743 0.2650927 -0.577459
0.030196 0.405712 -0.684344
0.034457 0.286006 -0.687011
0.212944 0.37697 -0.624556
0.102584 0.409013 -0.675274
0.096165 0.466349 -0.689739
0.125993 0.264598 -0.639743
0.194826 0.263628 -0.622827
0.214517 0.323698 -0.621574
-0.003462561 0.3881191 -0.5653774
0.117865 0.368068 -0.649312
-0.3033539 0.4481707 -0.6554437
-0.143322 0.528947 -0.752831
-0.260394 0.506456 -0.769147
-0.2612219 0.2927701 -0.6686918
-0.291761 0.239185 -0.73013
-0.394948 0.320289 -0.739721
-0.247463 0.428595 -0.763567
-0.198759 0.459549 -0.753499
-0.306565 0.471703 -0.776413
-0.2015892 0.4527914 -0.671743
-0.297288 0.387858 -0.76279
-0.2465581 0.3777731 -0.6569402
-0.296637 0.29041 -0.748183
-0.232206 0.381506 -0.746181
-0.187016 0.363831 -0.723605
-0.373866 0.395547 -0.764886
-0.017636 0.226898 -0.676612
-0.0871587 0.189068 -0.5739259
-0.184031 0.190203 -0.688742
-0.06584 0.102541 -0.647163
-0.135598 0.053265 -0.650848
-0.112792 0.223019 -0.704058
-0.1611279 0.2597749 -0.6271629
-0.2399123 0.2006279 -0.6059902
-0.130988 0.131873 -0.663997
-0.045498 0.288309 -0.693317
-0.246364 0.187928 -0.70537
-0.232186 0.072075 -0.669362
-0.188491 0.107985 -0.67308
-0.1690729 0.1079581 -0.5779669
-0.1364738 0.4907438 -0.6392264
0.051303 0.193625 -0.653796
-0.189266 0.280732 -0.71619
-0.12561 0.297949 -0.7074
-0.149914 0.437058 -0.733548
-0.12102 0.397511 -0.720984
-0.05306 0.441835 -0.711899
-0.027034 0.359779 -0.684695
-0.1588197 0.3848234 -0.6547473
-0.0853784 0.3955056 -0.6559091
-0.114588 0.354441 -0.710403
-0.1131497 0.4239907 -0.5558036
0.094067 0.211092 -0.632429
-0.1887629 0.3456355 -0.5952091
0.407647 1.416997 -0.142478
0.296291 1.369404 -0.268505
0.345004 1.411597 -0.191575
0.3192863 1.366619 -0.08900616
0.203567 1.434307 -0.243297
0.519226 1.271583 -0.200666
0.1486948 1.38235 -0.1774441
0.271981 1.430715 -0.219574
0.150222 1.482136 -0.186797
0.50142 1.350956 -0.143515
0.146462 1.421862 -0.269536
0.435893 1.445702 -0.06877
0.2460992 1.322612 -0.1658944
0.297843 1.493044 -0.106326
0.432196 1.360745 -0.196863
0.464233 1.167992 -0.296915
0.329013 1.277187 -0.310168
0.480003 1.299788 -0.218626
0.3751663 1.201552 -0.2053707
0.400757 1.27582 -0.282674
0.395843 1.33151 -0.247788
0.4397186 1.247623 -0.1386142
0.305804 1.118085 -0.371472
0.2558096 1.119985 -0.2516009
0.2595458 1.261624 -0.2420775
0.457575 1.244139 -0.264882
0.370962 1.187667 -0.328504
0.4405668 1.176666 -0.02245585
0.1795344 1.240738 -0.1018355
0.3517958 1.101256 -0.1661141
0.3386884 1.256964 -0.1173632
0.1929605 1.218709 -0.3079543
0.157609 1.318369 -0.345459
0.07809296 1.170421 -0.319436
0.141875 1.181984 -0.2447274
0.21256 1.098793 -0.402922
0.130009 1.178231 -0.403263
0.251855 1.328408 -0.314084
0.193819 1.378964 -0.298445
0.165755 1.263703 -0.379041
0.1168866 1.29704 -0.2367742
0.244581 1.284478 -0.336724
0.260067 1.231203 -0.364155
0.072237 1.392103 -0.29058
0.216148 1.182765 -0.385338
0.091219 1.348229 -0.339956
0.10562 1.246176 -0.398892
-0.124947 1.185085 -0.447699
-0.048071 1.183821 -0.429558
-0.137373 1.230433 -0.426055
0.046021 1.281208 -0.395452
-0.07956537 1.255875 -0.2838355
-0.1108072 1.165652 -0.3369703
0.007094 1.197233 -0.403778
-0.2145204 1.171979 -0.2482801
-0.049247 1.260337 -0.380107
-0.02478261 1.046839 -0.1984907
-0.115891 1.27161 -0.376788
-0.081629 1.355282 -0.301759
0.00882 1.339814 -0.340428
0.003478154 1.20229 -0.2628654
-0.186876 1.262558 -0.376796
-0.07397 1.059648 -0.461488
-0.08845348 0.8954255 -0.4109264
-0.06041275 0.8774381 -0.4442857
0.007519 0.985595 -0.482953
-0.162562 1.00419 -0.483088
-0.171723 1.037555 -0.478092
-0.064586 1.136321 -0.44772
-0.131111 1.104183 -0.457413
-0.1200305 1.051951 -0.377221
0.02490113 0.9638199 -0.4041619
-0.129535 0.9397936 -0.3709589
-0.1375736 1.021199 -0.4285501
-0.03086764 1.074193 -0.3482898
-0.03269723 0.864547 -0.380724
-0.086098 1.025626 -0.463461
-0.062813 0.97434 -0.536003
0.07947 0.986189 -0.463375
0.09212734 0.9752167 -0.3558393
0.059236 1.028078 -0.445105
0.04401499 1.042304 -0.364728
0.177622 0.971838 -0.455787
0.08249645 1.061435 -0.2901264
0.14875 0.7522254 -0.3279786
-0.02374153 0.9542984 -0.292952
0.078484 1.134543 -0.411609
0.02801634 0.8801029 -0.4130706
0.053804 1.084616 -0.435498
0.05322012 0.8223583 -0.3080638
0.157597 1.022772 -0.428618
0.128494 1.082721 -0.422603
0.364721 0.600473 -0.564877
0.44425 0.59066 -0.524976
0.3681051 0.556526 -0.4197931
0.2784814 0.655837 -0.4312618
0.3484036 0.7457636 -0.4443582
0.336714 0.801486 -0.543886
0.46156 0.669876 -0.512246
0.2858628 0.6893351 -0.526045
0.516862 0.596785 -0.484525
0.27909 0.708183 -0.605083
0.250944 0.905077 -0.516993
0.343544 0.727958 -0.568815
0.2366888 0.7481999 -0.4983868
0.285179 0.65397 -0.599509
0.2783464 0.5853545 -0.2546316
0.619788 0.7432 -0.39709
0.614365 0.826767 -0.383645
0.578108 0.918036 -0.37022
0.506136 0.999417 -0.381638
0.543928 0.790696 -0.439666
0.4147517 0.890549 -0.3424152
0.478225 0.960433 -0.416146
0.531464 0.872213 -0.416976
0.4961811 0.81097 -0.3775324
0.486564 0.852653 -0.446245
0.524692 0.731242 -0.45982
0.2998532 0.7313418 -0.3006498
0.4618182 0.7864893 -0.308458
0.452131 0.766438 -0.488637
0.347842 1.059965 -0.421253
0.30736 0.903331 -0.485229
0.386967 1.018355 -0.436811
0.2207659 0.841403 -0.4008636
0.244269 0.965221 -0.461194
0.2946399 0.9497828 -0.2555223
0.3794 1.096574 -0.370251
0.3333 0.970093 -0.455491
0.2198869 0.9663063 -0.3455577
0.396619 0.968945 -0.447556
0.3378258 0.9813201 -0.3487229
0.272659 1.035607 -0.447514
0.4243098 1.012921 -0.2841813
0.376304 0.843298 -0.4978
0.3312891 0.8421318 -0.4004224
0.402237 0.895328 -0.46081
0.7773738 0.7724994 0.04848382
0.891412 0.679984 0.007774
0.7520388 0.6380299 -0.002098791
0.922072 0.562652 0.106364
0.895783 0.736502 -0.011277
0.81139 0.675323 0.07940757
0.920858 0.702932 0.157616
0.6779835 0.7561662 -0.04501867
0.7886158 0.5501816 0.09321056
0.889765 0.595832 -0.025193
0.912502 0.640538 0.068318
0.90939 0.74909 0.078677
0.8072202 0.7110075 -0.01336817
0.869057 0.704173 -0.088089
0.7080319 0.6041653 0.1866507
0.877367 0.789524 -0.059193
0.900176 0.888254 0.129664
0.5216224 0.8010153 0.07584143
0.908521 0.818584 0.24231
0.6286532 1.005722 0.2995345
0.855955 0.932697 -0.011229
0.905465 0.815548 0.073531
0.7268258 1.030038 0.0689397
0.893216 0.902001 0.236499
0.7893373 0.9150819 0.1395556
0.886074 0.881812 0.038718
0.861953 1.003007 0.129609
0.824748 1.088282 0.103364
0.854149 1.02299 0.226033
0.868062 0.967137 0.074783
0.7047902 0.9139052 0.06239857
0.7054833 0.8203232 0.18025
0.639022 1.231201 -0.147094
0.59422 1.293219 -0.121256
0.61204 1.352623 0.008984
0.5447562 1.19276 -0.09208718
0.785061 1.102529 -0.004332
0.567431 1.251664 -0.18907
0.668155 1.299425 0.018756
0.727354 1.199256 -0.004865
0.560669 1.365809 -0.057587
0.5693568 1.202727 0.02054035
0.716247 1.250764 0.077063
0.650217 1.27613 -0.064244
0.5255837 1.259217 -0.1252365
0.655537 1.121675 0.09208215
0.6863186 1.109216 -0.00120142
0.793222 1.126604 0.05216
0.724453 0.842936 -0.280273
0.75676 0.956049 -0.185868
0.732439 0.9277097 -0.05272255
0.777685 1.006067 -0.134588
0.80123 1.041305 -0.053267
0.760498 1.092648 -0.064664
0.830352 0.888137 -0.107994
0.796904 0.835494 -0.202222
0.838278 0.816391 -0.153398
0.640112 0.8863415 -0.1157487
0.710565 1.174174 -0.085267
0.784354 0.912922 -0.158996
0.69106 0.906282 -0.26776
0.7378781 0.8264966 -0.1068137
0.5781635 1.012608 -0.05573439
0.603532 1.1791 -0.219417
0.71486 1.006173 -0.224536
0.547515 1.145792 -0.278871
0.696482 1.13144 -0.163492
0.6570568 1.008723 -0.1315703
0.701012 1.069528 -0.211326
0.5733745 1.05264 -0.2177644
0.491648 1.044468 -0.368526
0.5877072 1.092933 -0.1410336
0.641128 1.052706 -0.273675
0.4989084 1.009514 -0.200115
0.632261 0.998571 -0.296209
0.480706 1.09111 -0.342057
0.475761 1.133427 -0.1777761
0.634359 1.108253 -0.247842
0.6272421 0.2430152 -0.2702354
0.5904041 0.3228826 -0.07201344
0.3756851 0.3617311 -0.2214577
0.741529 0.21974 -0.220076
0.5855067 0.3992649 -0.2151574
0.643486 0.202481 -0.339038
0.6193673 0.2328353 -0.1668048
0.5567989 0.2645498 -0.3050877
0.673875 0.294269 -0.330915
0.708629 0.242657 -0.266146
0.736099 0.31928 -0.264323
0.691021 0.192339 -0.272439
0.6163773 0.3607887 -0.2959178
0.6814013 0.2939896 -0.1952774
0.631777 0.310256 -0.374435
0.6602155 0.4426328 -0.2321071
0.778522 0.502302 -0.2122
0.7339 0.5019049 -0.04318432
0.7180553 0.3296179 -0.1020682
0.7000847 0.4282777 -0.1549459
0.7605938 0.4231324 -0.08461542
0.770136 0.304772 -0.215492
0.831289 0.429497 -0.144581
0.836622 0.375768 -0.109324
0.722973 0.5252195 -0.136413
0.876254 0.485167 -0.044681
0.744313 0.450185 -0.257008
0.853115 0.55461 -0.102825
0.799022 0.321492 -0.170473
0.778293 0.396807 -0.230747
0.5151152 0.4761189 -0.3841075
0.559812 0.349836 -0.432111
0.609104 0.459764 -0.41534
0.4213033 0.446626 -0.363949
0.50805 0.319611 -0.465729
0.603419 0.372637 -0.391718
0.65704 0.420352 -0.357191
0.591141 0.517096 -0.435272
0.5041747 0.3734916 -0.3352296
0.563707 0.287379 -0.414408
0.55606 0.421452 -0.46106
0.495814 0.377655 -0.490769
0.498727 0.191038 -0.485395
0.506331 0.463526 -0.501342
0.780849 0.608332 -0.241358
0.735922 0.712881 -0.324914
0.687154 0.724703 -0.360874
0.7312859 0.7070581 -0.1344303
0.6749025 0.6535548 -0.2193156
0.831627 0.660494 -0.166221
0.6399601 0.7696336 -0.2318887
0.785492 0.746077 -0.256743
0.828047 0.736387 -0.189424
0.675608 0.831935 -0.338853
0.790557 0.563089 -0.194317
0.730478 0.639835 -0.324592
0.775725 0.670776 -0.276708
0.729112 0.788352 -0.312851
0.583298 0.661187 -0.418647
0.5623561 0.6763417 -0.2431837
0.6270069 0.5132805 -0.1380079
0.4692175 0.6213118 -0.3391829
0.6330873 0.5333914 -0.2356522
0.680941 0.624705 -0.364538
0.4331426 0.4426278 0.05511891
0.726746 0.582909 -0.297271
0.5687992 0.5184863 -0.3106236
0.652929 0.584324 -0.384346
0.575444 0.585684 -0.436172
0.3990368 0.7153607 -0.1860877
0.6077929 0.6088655 -0.2996747
0.711064 0.49307 -0.283293
0.4809733 0.4977687 -0.2217658
0.694818 0.530543 -0.314119
0.4837486 1.149108 0.6764419
0.571765 1.314182 0.610292
0.3688291 1.13506 0.6775274
0.59801 1.225872 0.662852
0.678032 1.162453 0.610448
0.552237 1.155319 0.746901
0.4962785 1.210741 0.6006916
0.625413 1.270488 0.593715
0.5177763 1.096116 0.5716894
0.544959 1.218395 0.710299
0.495284 1.311345 0.666418
0.483332 1.233805 0.726641
0.4441258 0.9490426 0.6389933
0.514297 1.355418 0.61317
0.3900711 1.31193 0.5521027
0.3260024 1.244648 0.6501945
0.2830847 1.088728 0.5899177
0.1937509 1.315061 0.5872018
0.257718 1.418284 0.695229
0.204181 1.35053 0.745473
0.467013 1.433195 0.572772
0.1191876 1.209959 0.5347081
0.411392 1.403775 0.662386
0.255885 1.273683 0.764099
0.407723 1.298528 0.720972
0.325815 1.452955 0.625437
0.399808 1.44321 0.613121
0.319634 1.339109 0.72521
0.3499893 1.295004 0.4017869
0.154371 1.599457 0.472202
0.2427463 1.418036 0.5424436
0.2882059 1.47354 0.4795314
0.335552 1.548876 0.445065
0.039132 1.605654 0.468156
0.278114 1.568103 0.471716
0.1352998 1.429581 0.4847408
0.064084 1.571407 0.54949
0.144901 1.582034 0.52638
0.265382 1.466283 0.65275
0.368774 1.502176 0.523024
0.195306 1.492693 0.64868
0.274698 1.536052 0.568989
-0.003654301 1.37285 0.5675172
-0.1203259 1.280896 0.6286708
-0.101106 1.329266 0.796386
0.036799 1.445636 0.704897
0.004938 1.386657 0.765594
0.096166 1.379237 0.749608
-0.1154999 1.235479 0.7331504
0.07567734 1.425248 0.6054783
0.149899 1.397076 0.734777
0.125046 1.468857 0.683844
-0.01244236 1.289735 0.6897525
-0.081052 1.384967 0.764554
-0.01964039 1.41223 0.645288
0.086803 1.526279 0.617693
0.032006 1.508966 0.64503
0.003742 1.31829 0.80963
-0.061177 1.590012 0.502383
0.04944125 1.489539 0.3973867
-0.139859 1.427663 0.723092
-0.024937 1.549719 0.588228
-0.057211 1.44812 0.717086
-0.16112 1.594137 0.440903
-0.238705 1.514006 0.585638
-0.065849 1.481424 0.675809
-0.123792 1.570146 0.538088
-0.118349 1.531014 0.604565
-0.09624867 1.411143 0.6604429
-0.07017624 1.461926 0.5149726
-0.212483 1.559251 0.511774
-0.18573 1.475686 0.666283
0.267598 1.550949 -0.027034
0.396726 1.51314 0.021427
0.209344 1.614654 0.164542
0.339401 1.561198 0.10459
0.180179 1.575086 -0.029594
0.08036479 1.533311 0.1773461
0.194916 1.609329 0.085456
0.1368166 1.477587 0.1063917
0.125552 1.629655 0.175766
0.16022 1.602803 0.036085
0.1991807 1.522521 0.05662519
0.2399985 1.37678 0.08737962
0.082485 1.625987 0.125066
0.268282 1.58259 0.055296
0.088547 1.620089 0.402357
0.229731 1.596352 0.429663
0.2244437 1.362404 0.3371074
0.281955 1.594075 0.183156
0.129731 1.631886 0.269524
0.227627 1.47047 0.4058704
0.039273 1.631151 0.320849
0.06776181 1.471969 0.2633978
0.380454 1.547418 0.351331
0.2644958 1.448738 0.2199562
0.36981 1.556859 0.219105
0.213518 1.616484 0.360784
0.310579 1.581971 0.281047
0.190514 1.6237 0.260069
0.760822 1.19712 0.153713
0.6551536 1.138374 0.2392186
0.704826 1.265452 0.401152
0.687458 1.298644 0.288459
0.6355839 1.090777 0.5011815
0.652659 1.301843 0.505575
0.764723 1.18815 0.325503
0.764834 1.135534 0.514208
0.629209 1.361342 0.376436
0.790893 1.125872 0.395854
0.5005427 1.266644 0.462055
0.808292 1.040144 0.480287
0.614248 1.363765 0.463448
0.71473 1.199734 0.528434
0.802219 1.131619 0.255164
0.3643074 1.228675 0.1735923
0.645923 1.350978 0.109627
0.6042 1.394759 0.257255
0.48395 1.486262 0.154592
0.4642636 1.302928 0.05437139
0.472971 1.389207 0.1970298
0.378018 1.377859 0.1501644
0.498262 1.435636 -0.004466
0.523705 1.439072 0.067047
0.5303669 1.257463 0.1909033
0.573791 1.421097 0.184398
0.488724 1.489454 0.229334
0.403933 1.387516 0.2876836
0.421333 1.522061 0.132221
0.5097882 1.303146 0.3244645
0.515302 1.468168 0.315407
0.1487504 1.180427 0.342034
0.4550987 1.367808 0.4914747
0.3840345 1.444996 0.3729524
0.06575982 1.180016 0.1631995
0.552754 1.394542 0.519321
0.05887736 1.080626 0.444409
0.510518 1.455943 0.444205
0.451667 1.469676 0.516729
0.1704766 0.8571622 0.4789258
0.2083814 0.9274668 0.2062693
-0.01484647 0.8822347 0.3194006
0.429185 1.51082 0.44077
0.561116 1.425574 0.376676
0.4287765 1.071914 0.4022752
0.440988 1.517889 0.323825
0.01985666 1.241421 0.4781791
-0.242459 1.523022 -0.088023
-0.204934 1.570794 0.013309
-0.384043 1.464276 -0.129917
-0.206904 1.5007 -0.14999
-0.486243 1.495135 -0.005703
-0.3578189 1.379522 -0.04374081
-0.296341 1.472863 -0.130692
-0.383815 1.500076 -0.053134
-0.281953 1.540756 -0.017994
-0.129725 1.535345 -0.137999
-0.317448 1.560164 0.085211
-0.2214159 1.396504 -0.05070618
-0.09998474 1.437015 -0.01255402
-0.2377932 1.4118 0.08097555
-0.1413645 1.42107 -0.1186024
-0.03726647 1.492985 -0.03349761
0.129756 1.524465 -0.149324
-0.001697 1.555035 -0.08238
0.03085222 1.385495 0.06817468
0.03671746 1.491062 0.01153075
0.069516 1.443786 -0.236443
0.02693949 1.333489 -0.1026135
0.066733 1.60938 0.035647
0.187587 1.430695 -0.03629232
-0.05996683 1.496576 0.08728853
-0.026245 1.57858 -0.041041
-0.013717 1.495664 -0.165342
-0.030925 1.617294 0.102484
0.091402 1.571447 -0.058721
-0.069925 1.59424 0.013261
0.09550914 1.425105 -0.1040248
-0.1327875 1.377363 0.2559726
-0.082007 1.619929 0.282339
-0.39023 1.555556 0.275569
-0.048942 1.613862 0.400017
-0.0638128 1.492226 0.244276
-0.144013 1.601346 0.103566
-0.263428 1.589501 0.262502
-0.217299 1.593752 0.165719
-0.2955747 1.468221 0.323393
-0.294271 1.56267 0.423152
-0.181556 1.448606 0.4170893
-0.221282 1.594962 0.345212
0.017559 1.630914 0.222565
-0.087793 1.619481 0.207958
-0.573397 1.444275 0.466688
-0.490033 1.456176 0.499258
-0.3526181 1.401273 0.495983
-0.549334 1.476329 0.410365
-0.642849 1.456989 0.481771
-0.410952 1.54205 0.333953
-0.41714 1.491511 0.476163
-0.4774698 1.387238 0.3746799
-0.6354649 1.395361 0.3949195
-0.341197 1.478398 0.573335
-0.3967414 1.321744 0.4344169
-0.3791653 1.430305 0.3942323
-0.375353 1.524935 0.448376
-0.601192 1.49516 0.378757
-0.411967 1.45197 0.573246
-0.509662 1.50215 0.363104
-0.666565 1.516556 0.017263
-0.4693561 1.342407 -0.005280612
-0.3353048 1.288287 0.1410649
-0.650851 1.530905 0.156952
-0.59143 1.516075 0.243262
-0.5583841 1.358438 0.2910233
-0.3910444 1.384945 0.2702441
-0.6575024 1.384343 0.04911687
-0.356348 1.561802 0.184878
-0.48311 1.521313 0.109043
-0.58019 1.496521 0.045121
-0.6524656 1.429503 0.2952147
-0.515498 1.522168 0.234111
-0.5205308 1.109139 0.2558276
-0.208701 1.455577 -0.195392
-0.141397 1.39874 -0.272322
-0.1674324 1.296663 -0.203672
-0.2848758 1.346682 -0.1308339
-0.329062 1.321479 -0.323799
-0.215952 1.348008 -0.307691
-0.350555 1.416651 -0.191829
-0.213274 1.39188 -0.271809
-0.276606 1.294819 -0.2316887
-0.116202 1.462085 -0.215071
-0.1579619 1.208382 -0.05727261
-0.300987 1.401338 -0.229236
-0.157075 1.310519 -0.331746
-0.261367 1.294015 -0.339919
-0.735361 1.496003 -0.130753
-0.633129 1.317133 -0.298302
-0.505558 1.360429 -0.25819
-0.50739 1.461621 -0.094458
-0.600624 1.28492 -0.328572
-0.6189553 1.319811 -0.06457925
-0.63426 1.475125 -0.064751
-0.5782895 1.253634 -0.2031869
-0.568369 1.432216 -0.149991
-0.496406 1.41806 -0.179579
-0.534925 1.283634 -0.318538
-0.651448 1.427278 -0.163998
-0.605283 1.373234 -0.235646
-0.433844 1.398401 -0.218589
-0.6207318 1.199862 -0.2776289
-0.58172 1.057657 -0.459247
-0.614632 1.18423 -0.377393
-0.4746 1.037231 -0.476728
-0.637109 0.990717 -0.455803
-0.585648 1.12206 -0.435659
-0.5116828 1.097387 -0.3679355
-0.656291 1.19331 -0.372112
-0.480788 1.109569 -0.454025
-0.5806225 1.060997 -0.3185652
-0.551438 1.223864 -0.360161
-0.684823 1.055073 -0.436929
-0.666719 1.127498 -0.407833
-0.6436559 1.123329 -0.3268772
-0.545624 0.966374 -0.479834
-0.474991 1.248171 -0.357837
-0.41593 1.335266 -0.286096
-0.3231327 1.209542 -0.2817854
-0.4578607 1.220796 -0.2256572
-0.39059 1.166771 -0.431936
-0.27418 1.211393 -0.391012
-0.3922604 1.298718 -0.1308136
-0.3823684 1.155931 -0.349782
-0.4955808 0.9500399 -0.1052711
-0.337421 1.173985 -0.417518
-0.3525637 1.118738 -0.188325
-0.407575 1.222196 -0.393462
-0.5067665 1.22637 -0.09880499
-0.4770862 1.115635 -0.2843629
-0.486597 1.163958 -0.4267
-0.368344 1.28296 -0.366564
-0.2859634 1.122956 -0.3531803
-0.4442169 0.9868159 -0.3626043
-0.4882884 0.8808432 -0.3050149
-0.3662463 1.079702 -0.3203939
-0.318439 1.118398 -0.444371
-0.247957 1.057159 -0.476402
-0.3183359 0.9971282 -0.3722339
-0.218407 1.147249 -0.445825
-0.2090545 1.03744 -0.3267716
-0.367814 0.9527455 -0.2334416
-0.29122 1.003069 -0.477261
-0.396947 1.021594 -0.478528
-0.386305 1.094002 -0.456579
-0.309676 1.046735 -0.468491
-1.860401 1.564383 0.256878
-1.795037 1.698743 0.164334
-1.734133 1.508079 0.313471
-1.838087 1.533589 0.169665
-1.693349 1.621921 0.2334754
-1.870871 1.477456 0.261688
-1.800697 1.607537 0.111174
-1.839702 1.45762 0.158067
-1.824377 1.632112 0.172235
-1.848342 1.633356 0.333291
-1.553383 1.431879 0.2312442
-1.722084 1.489182 0.1896705
-1.878423 1.553335 0.36874
-1.841212 1.636032 0.250895
-1.671399 1.297034 0.151678
-1.86559 1.389546 0.250985
-1.735125 1.260897 0.085752
-1.695861 1.366857 0.2167895
-1.761175 1.348943 0.1687135
-1.784288 1.303447 0.103184
-1.750553 1.209295 0.276829
-1.586864 1.260664 0.2991146
-1.847711 1.369423 0.18856
-1.670559 1.231907 0.3086468
-1.871002 1.354784 0.318626
-1.82786 1.282366 0.211748
-1.725179 1.208195 0.159444
-1.76382 1.396487 0.3056641
-1.835059 1.269867 0.310682
-1.7566 1.250045 0.135996
-1.850243 1.519872 0.59713
-1.858196 1.579781 0.516158
-1.799248 1.716291 0.471715
-1.710287 1.547259 0.6336483
-1.569125 1.720392 0.4681712
-1.844703 1.52106 0.68766
-1.558052 1.574399 0.4050143
-1.815421 1.708162 0.346345
-1.795585 1.679194 0.608067
-1.702428 1.623681 0.4043894
-1.708014 1.625072 0.5321633
-1.822707 1.668418 0.486883
-1.744837 1.655795 0.4662025
-1.854604 1.627087 0.414613
-1.82261 1.631103 0.588649
-1.826125 1.350222 0.556551
-1.873117 1.361751 0.394142
-1.876068 1.438117 0.502669
-1.766684 1.461197 0.5526675
-1.886765 1.425764 0.343145
-1.890537 1.453205 0.431831
-1.81713 1.413444 0.428412
-1.882255 1.498286 0.330219
-1.766992 1.476666 0.4500968
-1.826155 1.280593 0.397624
-1.810516 1.302256 0.486228
-1.875483 1.518081 0.501691
-1.642125 1.475465 0.4265525
-1.855961 1.409192 0.543442
-1.859058 1.343475 0.446509
-1.887309 1.517845 0.423981
-1.832201 1.928885 0.384242
-1.803242 1.821907 0.286669
-1.743978 1.859021 0.190354
-1.798842 1.785105 0.473598
-1.835215 1.856735 0.374588
-1.79329 1.749356 0.259182
-1.642035 1.799045 0.2603752
-1.722912 1.751676 0.4204982
-1.801177 1.883792 0.270896
-1.829523 1.82551 0.32842
-1.743614 1.924651 0.3191924
-1.820941 1.786434 0.390575
-1.827149 1.907971 0.326885
-1.82204 1.85373 0.442016
-1.810762 1.776745 0.321006
-1.729558 1.830366 0.3616234
-1.700545 1.872907 0.127734
-1.54183 1.737482 0.1892312
-1.753187 1.788079 0.180266
-1.758321 1.755175 0.14902
-1.616427 1.622581 0.1105719
-1.511116 1.518941 0.05469056
-1.690746 1.71789 0.2105497
-1.574112 1.814092 0.100782
-1.670286 1.807546 0.027011
-1.726427 1.767993 0.06417
-1.732925 1.712569 0.043915
-1.777746 1.693082 0.098266
-1.660817 1.780161 0.1400575
-1.660926 1.881262 0.048956
-1.749907 1.610378 0.026975
-1.669396 1.550425 -0.088739
-1.673348 1.384371 -0.058616
-1.702572 1.389619 0.1152701
-1.732663 1.424598 -0.043331
-1.820299 1.391274 0.12858
-1.736551 1.54694 -0.024093
-1.579469 1.381792 -0.008401457
-1.791292 1.503349 0.083853
-1.796516 1.349966 0.093559
-1.716694 1.317778 0.017387
-1.765827 1.496504 0.021826
-1.694721 1.541981 0.0826182
-1.787115 1.41217 0.058585
-1.64006 1.473141 -0.093003
-1.637705 1.466347 0.03962365
-1.344818 1.441819 -0.06328106
-1.340138 1.491498 -0.178955
-1.449171 1.589638 -0.07357283
-1.481792 1.419474 -0.0279121
-1.57145 1.324888 -0.098062
-1.400604 1.456466 -0.17528
-1.408698 1.57906 -0.180486
-1.436258 1.313686 -0.154033
-1.335552 1.619304 -0.174522
-1.439856 1.650606 -0.161727
-1.481384 1.380398 -0.1546
-1.362514 1.558099 -0.0181576
-1.546905 1.510371 -0.143257
-1.491519 1.449808 -0.156606
-1.467945 1.545784 -0.170006
-1.579744 1.395579 -0.114001
-1.571857 1.69703 -0.102272
-1.566417 1.591281 -0.124882
-1.510662 1.739947 -0.126025
-1.629377 1.63551 -0.078381
-1.68195 1.665734 -0.026537
-1.349166 1.728218 0.08869593
-1.490814 1.732588 0.02812287
-1.618363 1.738947 -0.058149
-1.521386 1.62366 0.008876982
-1.507813 1.643549 -0.14589
-1.187591 1.800215 0.1152418
-1.444448 1.764975 -0.14555
-1.542147 1.728078 -0.03397301
-1.358876 1.661457 -0.06946111
-1.512015 2.051752 0.677553
-1.430841 1.87644 0.894957
-1.299408 1.9518 0.7789
-1.435189 1.789247 0.950013
-1.507781 2.003389 0.759467
-1.384411 2.08018 0.634131
-1.293446 1.917677 0.7099389
-1.361299 1.892166 0.854295
-1.303647 2.044389 0.707321
-1.395656 1.92624 0.7027716
-1.437611 1.830814 0.7317567
-1.350396 1.987416 0.779684
-1.425257 1.997554 0.778565
-1.419542 2.044603 0.708067
-1.175122 1.769907 0.665235
-1.272388 1.876703 0.771852
-1.274645 1.872486 0.6502744
-1.304378 1.78885 0.6654396
-1.36761 1.743144 0.7319046
-1.265034 1.784562 0.750582
-1.186393 1.818612 0.668774
-1.303803 1.737742 0.824022
-1.236395 1.80593 0.72197
-1.344654 1.833257 0.7326336
-1.205795 1.87159 0.723163
-1.351141 1.820942 0.879929
-1.228805 1.891368 0.742877
-1.276817 1.699493 0.781274
-1.241036 1.745317 0.712363
-1.306405 1.843256 0.816806
-1.227635 2.1186 0.33514
-1.505235 2.1093 0.502138
-1.517991 2.086392 0.581978
-1.493667 2.122428 0.312586
-1.294431 2.003058 0.2795838
-1.396392 2.123044 0.470542
-1.552759 1.971477 0.3963993
-1.367562 1.890322 0.6046536
-1.351299 2.126399 0.402668
-1.39829 2.010329 0.4147109
-1.444399 2.125762 0.395358
-1.534795 2.115327 0.404973
-1.45586 1.784846 0.3762892
-1.37986 2.124017 0.290524
-1.463866 1.962645 0.510894
-1.430589 2.103511 0.559321
-1.229851 1.931002 0.4029215
-1.159072 2.014939 0.4263128
-1.083586 2.021803 0.52205
-1.121918 2.092011 0.40113
-1.164324 2.103556 0.434921
-1.084599 1.81834 0.568195
-1.162941 2.019612 0.3373303
-1.087657 2.065074 0.407844
-1.062647 2.009241 0.434767
-1.06643 1.898517 0.4611
-1.082352 1.967805 0.512385
-1.09767 1.897934 0.599155
-1.114962 2.064238 0.560289
-1.045252 1.94045 0.372481
-1.233348 2.118673 0.428214
-1.16333 1.992862 0.5178096
-1.27524 2.114632 0.497026
-1.31474 2.098276 0.577966
-1.157244 1.94972 0.652739
-1.321343 1.991399 0.6110281
-1.190312 1.972503 0.719234
-1.161032 2.05057 0.648076
-1.11476 2.007185 0.586004
-1.144755 1.866883 0.63943
-1.25628 2.067373 0.659897
-1.224261 1.996178 0.6175074
-1.17844 2.088057 0.549418
-1.234655 2.088928 0.58629
-1.247618 1.994577 0.5074561
-1.225626 2.033293 0.698201
-1.746011 1.931153 0.167152
-1.822529 1.996723 0.304284
-1.740047 2.051678 0.284697
-1.749603 1.988682 0.18186
-1.656744 2.088171 0.328419
-1.60326 1.947891 0.182304
-1.678034 2.009191 0.085733
-1.643878 2.075096 0.197595
-1.701004 2.03895 0.1675
-1.788079 1.935 0.213512
-1.775731 2.015413 0.243804
-1.680927 1.9531 0.2684326
-1.809365 1.935347 0.265546
-1.588335 2.105175 0.288832
-1.716925 2.021524 0.560382
-1.673994 1.987551 0.4913622
-1.658067 1.98504 0.4047538
-1.623758 2.093983 0.428656
-1.717865 2.055878 0.45719
-1.789825 2.01767 0.428709
-1.74399 1.928406 0.4321975
-1.605259 2.080577 0.531481
-1.621245 2.022563 0.664569
-1.731186 2.060072 0.385592
-1.671495 2.048769 0.554664
-1.587445 1.962129 0.5478955
-1.778537 1.984805 0.524345
-1.586742 2.056092 0.623969
-1.728746 1.940626 0.674053
-1.791799 2.030165 0.352425
-1.524666 1.909873 0.7376726
-1.605898 1.814134 0.930023
-1.476107 1.916305 0.870001
-1.518067 1.954658 0.824021
-1.495197 1.818206 0.8332929
-1.570859 1.995142 0.747708
-1.708863 1.787479 0.866206
-1.554537 1.86329 0.909329
-1.628381 1.925508 0.800382
-1.670285 1.970923 0.703961
-1.529713 1.828374 0.941369
-1.576979 1.812647 0.8473038
-1.582739 1.892863 0.868462
-1.566155 1.895483 0.650628
-1.651913 1.834315 0.876128
-1.745835 1.83482 0.5501317
-1.518597 1.770581 0.6116872
-1.795344 1.829055 0.594094
-1.775679 1.747825 0.540612
-1.699799 1.806384 0.4990813
-1.811894 1.839522 0.544551
-1.786245 1.822848 0.667138
-1.78292 1.911723 0.597365
-1.828138 1.898487 0.478079
-1.756019 1.864147 0.4913674
-1.621024 1.870964 0.475936
-1.677913 1.853182 0.6081749
-1.800735 1.806188 0.525981
-1.826807 1.946664 0.485948
-1.696452 1.683552 0.8309956
-1.63958 1.669188 0.6761326
-1.753636 1.757204 0.829185
-1.704725 1.832723 0.6834574
-1.741973 1.865227 0.749495
-1.711603 1.856127 0.800768
-1.802877 1.648676 0.720674
-1.63462 1.797823 0.709383
-1.722054 1.696214 0.7125459
-1.731137 1.679637 0.7754056
-1.671916 1.760534 0.7855937
-1.794812 1.739559 0.671488
-1.796095 1.687357 0.769972
-1.780682 1.712452 0.803283
-1.76953 1.827796 0.73426
-1.548841 1.732356 0.8003175
-0.973894 1.532351 0.329827
-0.945925 1.535426 0.549337
-0.90132 1.543955 0.428123
-1.04357 1.611372 0.5075726
-0.9572394 1.499982 0.4186955
-0.944019 1.61097 0.492483
-0.879011 1.52281 0.399831
-0.902126 1.603986 0.39686
-0.9338173 1.537858 0.3762118
-0.901827 1.516825 0.461066
-1.014586 1.655245 0.593441
-0.982012 1.600036 0.586442
-1.022183 1.524028 0.437499
-0.986043 1.69118 0.486134
-1.073683 1.6507 0.664633
-1.055441 1.756403 0.54585
-0.998878 1.735621 0.428212
-1.0168 1.82883 0.357646
-1.237683 1.674867 0.60422
-1.050631 1.840007 0.431784
-1.136257 1.71706 0.672057
-1.163637 1.684286 0.4045835
-1.137536 1.808166 0.2849521
-1.066729 1.70642 0.615346
-1.036293 1.797639 0.440272
-0.995902 1.811328 0.299731
-1.121616 1.576263 0.5656443
-1.21391 1.879924 0.538957
-1.334589 1.688422 0.5198878
-1.11955 1.798577 0.615427
-0.9021381 1.449317 0.3212069
-0.8054891 1.398708 0.3065255
-0.906997 1.633023 0.254781
-0.705685 1.539286 0.320074
-0.722469 1.553425 0.241939
-0.757496 1.536848 0.362261
-0.755108 1.491294 0.483616
-0.869663 1.585495 0.276604
-0.866789 1.48795 0.447486
-1.057912 1.010966 0.2722485
-0.801294 1.555091 0.302143
-0.670642 1.517414 0.371768
-0.81055 1.574378 0.206042
-0.859575 1.543954 0.35795
-0.8970295 1.488623 0.1385528
-0.9460601 1.527766 0.0536712
-0.9685797 1.376821 0.2081203
-0.904749 1.582853 0.055051
-1.032435 1.498834 0.109443
-0.9327316 1.461025 0.04313402
-0.862164 1.585774 0.160624
-1.036974 1.438199 0.3592452
-0.9624349 1.526501 0.2122309
-0.929324 1.660425 0.202449
-1.032101 1.274441 0.1190021
-1.186129 1.539963 0.1411888
-0.928872 1.554705 -0.073922
-1.150647 1.531513 0.3154774
-0.929425 1.583875 0.017365
-1.190068 1.547456 -0.150974
-0.950224 1.61904 0.037936
-1.033001 1.619179 -0.067396
-1.122799 1.499471 -0.13982
-1.097069 1.458634 -0.00302444
-1.105255 1.595565 0.04613473
-1.048283 1.523356 -0.02795887
-1.091243 1.660174 -0.09207
-0.981331 1.583932 -0.037018
-1.00362 1.666723 -0.011087
-1.171253 1.648167 -0.0208798
-0.962557 1.688515 0.11853
-1.129876 1.626359 -0.117968
-1.045115 1.709269 -0.03227
-1.009325 1.552173 0.04162973
-1.070297 1.560011 -0.101188
-1.006892 1.309546 0.579432
-0.9668703 1.359951 0.5217867
-0.961484 1.42169 0.581294
-1.020042 1.324309 0.663542
-0.982373 1.45148 0.625923
-1.018091 1.405656 0.4701211
-0.916595 1.426825 0.541334
-1.064081 1.537302 0.711409
-0.942133 1.467516 0.549017
-1.02222 1.488095 0.677021
-1.044612 1.469952 0.5455064
-1.006817 1.416635 0.661354
-0.9485084 1.449541 0.4689844
-0.966926 1.380465 0.608391
-0.970145 1.508378 0.604653
-1.11189 1.308907 0.5507785
-0.9174986 1.258605 0.5805765
-0.846174 1.276605 0.695133
-0.942224 1.345925 0.623704
-0.8841155 1.337717 0.5280398
-1.052066 1.296381 0.4179136
-0.764424 1.438021 0.570418
-0.7544715 1.299764 0.4263848
-0.853246 1.426773 0.54501
-0.848129 1.373971 0.609049
-0.891271 1.320487 0.655268
-0.78851 1.285246 0.685518
-0.9931713 1.201355 0.5475291
-0.8786316 1.353627 0.4337599
-0.795539 1.042268 0.3640164
-0.8257508 1.23708 0.545719
-0.772418 1.36046 0.625466
-1.207081 1.585474 0.799572
-1.42684 1.502366 0.6746801
-1.107674 1.509921 0.6196448
-1.341271 1.623548 0.7051907
-1.337914 1.646784 0.7823997
-1.176556 1.510254 0.814491
-1.227819 1.435734 0.852253
-1.115628 1.470305 0.78908
-1.263253 1.505745 0.7408311
-1.151066 1.645466 0.734118
-1.258328 1.65 0.795365
-1.027336 1.580166 0.659096
-1.263443 1.552703 0.6371131
-1.124798 1.544061 0.769712
-1.234343 1.525208 0.849219
-1.404528 1.572644 0.8184645
-1.286746 1.479436 0.4165375
-1.132961 1.305197 0.6347706
-1.432387 1.169768 0.2113269
-1.154421 1.448806 0.5478782
-1.228995 1.359456 0.815904
-1.236007 1.320423 0.5648711
-1.086643 1.414201 0.741756
-1.178794 1.352735 0.780892
-1.145045 1.400073 0.786616
-1.410085 1.317989 0.4407255
-1.366921 1.415272 0.1243221
-1.07129 1.332273 0.689323
-1.311152 1.397415 0.6293828
-1.138765 1.293695 0.720482
-1.23946 1.277514 0.3864111
-1.28262 1.22967 0.750243
-1.329945 1.221243 0.7069942
-1.237837 1.207278 0.747484
-1.31773 1.068997 0.6796332
-1.128191 1.173438 0.4888237
-1.107392 1.271723 0.710521
-1.331822 1.178078 0.755102
-1.084936 1.240191 0.724461
-1.155567 1.256696 0.6705553
-1.189804 1.250407 0.724705
-1.150485 1.11307 0.6241551
-1.279807 1.203863 0.5496552
-1.114202 1.206353 0.6343463
-1.224169 1.190396 0.6414797
-1.179625 1.245364 0.5820982
-1.369454 1.145656 0.6753348
-1.738626 1.201575 0.357325
-1.612072 1.328571 0.5100502
-1.628493 1.308279 0.7201458
-1.622056 1.299512 0.6124274
-1.704794 1.242721 0.575624
-1.700456 1.207338 0.480986
-1.592884 1.217236 0.5312606
-1.534783 1.229144 0.5764441
-1.655584 1.20716 0.570329
-1.518376 1.227348 0.6665974
-1.358946 1.243894 0.6538244
-1.690499 1.216055 0.693536
-1.629341 1.199397 0.649159
-1.454382 1.165617 0.6443669
-1.45712 1.337516 0.7133819
-1.567776 1.150172 0.664696
-1.522314 1.292366 0.8498572
-1.575361 1.17096 0.711018
-1.549458 1.182865 0.796587
-1.556335 1.21291 0.895752
-1.511534 1.161424 0.745491
-1.403523 1.205057 0.813459
-1.421875 1.129131 0.749828
-1.47268 1.193932 0.7019987
-1.472831 1.174453 0.765862
-1.399488 1.273017 0.7491982
-1.490579 1.214767 0.900338
-1.654819 1.202054 0.753028
-1.402806 1.179622 0.754734
-1.503566 1.265865 0.7587685
-1.319215 1.229664 0.770201
-1.75487 1.251525 0.650492
-1.843221 1.349038 0.638661
-1.847579 1.345093 0.822145
-1.732232 1.32717 0.7641866
-1.852171 1.430148 0.602547
-1.866007 1.384301 0.78385
-1.793322 1.303926 0.564564
-1.798984 1.267152 0.717428
-1.746403 1.23116 0.731144
-1.757632 1.2907 0.894858
-1.836045 1.315472 0.696295
-1.830899 1.304652 0.765635
-1.77378 1.247347 0.810516
-1.731132 1.408785 0.6348208
-1.754968 1.541739 0.934588
-1.856694 1.437294 0.841003
-1.818868 1.49165 0.879323
-1.733058 1.475653 0.7428637
-1.824787 1.554981 0.81048
-1.496393 1.48063 0.7910316
-1.832609 1.563059 0.738
-1.789783 1.418995 0.923428
-1.861381 1.442571 0.739313
-1.751951 1.352607 0.8403468
-1.692553 1.606094 0.7791984
-1.78439 1.590712 0.872681
-1.799038 1.37142 0.905655
-1.609829 1.410523 0.6726476
-1.701478 1.350083 0.968902
-1.735941 1.24159 0.841041
-1.654219 1.329795 0.970371
-1.609392 1.319796 0.966041
-1.588551 1.356648 0.8864492
-1.725599 1.396835 0.96879
-1.656217 1.386368 0.9149597
-1.627216 1.230769 0.899871
-1.601462 1.287175 0.942432
-1.765667 1.333019 0.919495
-1.699955 1.334676 0.8881062
-1.630069 1.413485 0.984643
-1.657163 1.348987 0.8284755
-1.66586 1.215536 0.832097
-1.700937 1.272014 0.92876
-1.72311 1.492681 0.969974
-1.731372 1.677336 0.91725
-1.628506 1.646513 1.027905
-1.578218 1.537214 1.001055
-1.622221 1.49734 1.035602
-1.669015 1.592594 0.8943291
-1.560024 1.555933 1.064603
-1.69616 1.670297 0.963758
-1.559931 1.605365 1.059395
-1.652929 1.721286 0.96718
-1.6229 1.589465 1.049734
-1.697943 1.574861 1.005585
-1.667684 1.451083 0.986831
-1.630928 1.53269 1.044883
-1.404436 1.611042 1.002395
-1.57725 1.680496 1.029818
-1.414717 1.726489 0.967103
-1.57426 1.744773 0.99359
-1.454147 1.656038 0.7424942
-1.50884 1.749412 0.992248
-1.456944 1.721536 0.863461
-1.592642 1.653055 0.9402272
-1.4689 1.661079 1.020674
-1.454747 1.627639 0.9112818
-1.524615 1.571422 0.9750485
-1.549388 1.59105 0.8827734
-1.310779 1.658343 0.857516
-1.541827 1.725906 0.9061769
-1.358965 1.715444 0.917427
-1.514794 1.635743 1.047712
-1.336017 1.539095 0.984666
-1.540616 1.497071 1.052851
-1.452524 1.513938 0.9275897
-1.480139 1.4219 1.06904
-1.386385 1.512166 1.041432
-1.397309 1.469225 1.061864
-1.444876 1.446581 1.069654
-1.565379 1.477421 0.9096844
-1.591795 1.448193 1.020767
-1.576983 1.373475 1.012457
-1.30045 1.587433 0.89975
-1.434532 1.459368 0.9879541
-1.357404 1.621221 0.951174
-1.47134 1.547506 1.053513
-1.385186 1.396805 0.9635363
-1.41756 1.314709 0.8392243
-1.300525 1.484386 0.974398
-1.307966 1.350391 0.974711
-1.269738 1.289996 0.805735
-1.382215 1.24551 0.921969
-1.377817 1.292355 1.002198
-1.284797 1.327778 0.904075
-1.350151 1.32976 1.013732
-1.334732 1.268229 0.901382
-1.269368 1.391762 0.926541
-1.325129 1.403186 1.031319
-1.501803 1.381166 0.8855072
-1.451383 1.422387 0.9069186
-1.350756 1.407909 0.828802
-1.390394 1.328157 0.9167235
-1.543284 1.330788 0.937385
-1.421346 1.254905 0.973802
-1.39709 1.342145 1.047211
-1.526023 1.28294 0.998351
-1.434021 1.285645 1.017158
-1.466351 1.232397 0.957433
-1.525128 1.394018 1.051374
-1.430738 1.347984 0.9867538
-1.397211 1.40065 1.06284
-1.531316 1.334808 1.029787
-1.557028 1.257492 0.944518
-1.46505 1.365335 1.060765
-1.4715 1.318271 0.9390359
-1.466739 1.311822 1.033845
-0.353064 2.25025 -0.153716
-0.261799 2.26007 -0.243094
-0.402916 2.167015 -0.140818
-0.354554 2.208283 -0.142526
-0.458767 2.282209 -0.160012
-0.30315 2.24748 -0.192702
-0.36177 2.318969 -0.23513
-0.309052 2.27956 -0.213069
-0.32419 2.205875 -0.195717
-0.523792 2.332618 -0.177318
-0.464595 2.27619 -0.322035
-0.454718 2.209585 -0.270547
-0.3975 2.192047 -0.232219
-0.393847 2.173816 -0.189748
-0.38598 2.224094 -0.107493
-0.58421 2.248798 -0.075548
-0.627115 2.161977 0.038258
-0.560103 2.193366 0.009166
-0.462639 2.188633 -0.045861
-0.478176 2.220625 -0.058131
-0.467468 2.137775 -0.11787
-0.4815 2.145712 -0.072538
-0.561874 2.104896 -0.063051
-0.6215006 2.159415 -0.07088705
-0.645467 2.22047 -0.023066
-0.645595 2.071231 -0.118542
-0.600162 2.082934 -0.087751
-0.614352 2.109176 -0.007531
-0.507592 2.130046 -0.155282
-0.539712 2.145929 -0.205044
-0.175948 2.39284 -0.464967
-0.173219 2.43155 -0.511899
-0.209915 2.582418 -0.529361
-0.191935 2.396854 -0.514721
-0.309359 2.568794 -0.532477
-0.223335 2.498186 -0.575443
-0.217285 2.631628 -0.579876
-0.191603 2.45706 -0.555576
-0.182744 2.428853 -0.461254
-0.238001 2.582423 -0.585522
-0.254416 2.476243 -0.403148
-0.184979 2.54517 -0.565404
-0.174399 2.476415 -0.540021
-0.196578 2.535925 -0.585559
-0.265451 2.316213 -0.272996
-0.222199 2.328965 -0.428879
-0.189816 2.350455 -0.448108
-0.188103 2.346325 -0.389636
-0.25554 2.38229 -0.338138
-0.211328 2.421388 -0.403954
-0.270754 2.246334 -0.298333
-0.223863 2.290162 -0.317748
-0.34367 2.381143 -0.295763
-0.340696 2.278987 -0.341953
-0.286575 2.376661 -0.450618
-0.248713 2.348022 -0.441575
-0.219737 2.32424 -0.320951
-0.407783 2.341044 -0.376625
-0.225207 2.28958 -0.35663
-0.513512 2.423932 -0.384125
-0.354957 2.433801 -0.448923
-0.38406 2.579555 -0.47254
-0.412478 2.465691 -0.298707
-0.531329 2.439503 -0.209596
-0.577759 2.529633 -0.332873
-0.542889 2.466425 -0.370373
-0.391436 2.605662 -0.326629
-0.46842 2.584418 -0.402428
-0.427678 2.516875 -0.438024
-0.40406 2.525032 -0.314021
-0.467038 2.395176 -0.241244
-0.440068 2.450165 -0.418073
-0.510377 2.364699 -0.366298
-0.286593 2.663968 -0.456189
-0.30903 2.71952 -0.495917
-0.391708 2.73525 -0.382812
-0.271852 2.682657 -0.555246
-0.319624 2.68171 -0.518583
-0.318023 2.645353 -0.529083
-0.287554 2.707145 -0.494653
-0.367267 2.74152 -0.369127
-0.357153 2.725186 -0.447878
-0.432123 2.637241 -0.418154
-0.246982 2.67822 -0.528644
-0.349846 2.712482 -0.369739
-0.332617 2.7413 -0.431204
-0.384333 2.69169 -0.447041
-0.301065 2.567674 -0.408773
-0.486491 2.61938 -0.197633
-0.437003 2.668951 -0.239083
-0.501491 2.664815 -0.281849
-0.578056 2.605572 -0.145102
-0.529358 2.62085 -0.161623
-0.562532 2.566329 -0.121025
-0.60476 2.593883 -0.235666
-0.584474 2.57601 -0.292217
-0.419235 2.722444 -0.294373
-0.518743 2.50674 -0.211557
-0.445904 2.692319 -0.353597
-0.461409 2.69131 -0.246616
-0.502869 2.661045 -0.215174
-0.610474 2.594557 -0.197797
-0.649612 2.49223 -0.0514
-0.710685 2.53046 -0.134078
-0.616617 2.495719 -0.081595
-0.714352 2.515247 -0.210812
-0.663807 2.531607 -0.084549
-0.71861 2.525115 -0.183668
-0.746194 2.45223 -0.009803
-0.721637 2.494467 -0.059283
-0.689128 2.469785 -0.02242
-0.707244 2.409885 -0.002327
-0.612252 2.402303 -0.138029
-0.614075 2.55918 -0.09841
-0.754695 2.40946 0.024285
-0.7016471 2.441698 -0.1516715
-0.623687 2.433146 -0.105638
-0.7467324 2.256316 -0.1493584
-0.576013 2.268632 -0.309249
-0.630975 2.349136 -0.326204
-0.72549 2.340156 -0.282427
-0.548032 2.219446 -0.283681
-0.658667 2.262451 -0.062591
-0.622004 2.433596 -0.328746
-0.7061359 2.353407 -0.15877
-0.77093 2.453996 -0.209279
-0.684628 2.447557 -0.285932
-0.756387 2.27386 -0.266568
-0.682385 2.328205 -0.077121
-0.796901 2.380125 -0.226472
-0.634363 2.328386 -0.113071
-0.747812 2.21329 -0.260204
-0.845395 2.239479 -0.213556
-1.01003 1.872238 0.027426
-1.083611 1.79901 0.1862408
-1.096112 1.727248 -0.058595
-0.994228 1.808315 0.117979
-1.073057 1.913846 0.04794852
-1.039903 1.89849 -0.015059
-1.122278 1.862508 0.06365727
-1.103425 1.842964 -0.036691
-1.057355 1.820315 -0.005711
-1.013058 1.797482 0.047066
-1.07891 1.920615 -0.024335
-0.970603 1.757002 0.251649
-1.144281 1.767281 0.02555496
-1.120959 1.773247 -0.076546
-0.9991691 1.95921 0.03367455
-1.062529 2.032512 -0.064837
-0.960626 2.011849 -0.088497
-0.902438 1.92749 -0.002464
-0.906806 1.939531 -0.03553
-0.945429 2.027493 0.02061753
-0.876718 1.939753 0.060455
-0.956441 1.993319 0.09224107
-0.924603 1.911455 0.08759
-0.895251 1.99122 0.143918
-0.9418123 1.971923 -9.627196e-05
-0.975432 1.872918 0.081463
-0.970102 1.94499 -0.049853
-0.8871359 1.995143 0.001136766
-0.889703 1.954482 0.113616
-0.997445 2.099702 0.210687
-0.9872525 2.085978 0.118487
-1.011653 1.951774 0.259795
-0.978595 1.951216 0.206083
-0.984907 2.17216 0.176211
-0.921874 2.11544 0.160641
-1.041886 2.039227 0.1704279
-0.911118 2.052064 0.171389
-1.043894 2.014377 0.321092
-0.96877 2.06251 0.207373
-1.034179 2.046139 0.254961
-1.1081 1.947528 0.2844984
-1.054227 2.158238 0.18864
-1.02419 1.894199 0.291239
-1.078132 2.071524 0.1004552
-1.122396 2.023446 0.2414782
-1.222728 2.106737 0.087598
-1.103208 2.10966 0.245673
-1.100721 2.09167 0.293385
-1.1796 2.13995 0.130277
-1.158997 2.111128 0.286299
-1.163092 2.082948 0.1019011
-1.138478 2.13387 0.191771
-1.11928 2.127166 -0.017326
-1.061733 2.160001 0.05129464
-1.240703 2.115739 0.20134
-1.207966 2.034807 0.1681655
-1.098933 2.21211 0.100372
-1.196328 2.110267 0.052142
-1.129862 2.196405 0.073171
-1.189328 2.028052 0.07690112
-1.174847 1.958932 0.2113881
-1.128725 1.981849 -0.034404
-1.249767 2.072075 0.034118
-1.192073 1.942654 -0.043604
-1.263293 2.039699 -0.021749
-0.961694 1.909878 0.15482
-1.292549 1.9844 0.09107151
-1.180865 2.036903 -0.008371
-1.084363 1.946261 0.1121858
-1.306573 2.095597 0.076948
-1.060057 1.909143 0.1934148
-0.978575 1.764575 0.161774
-0.98788 1.856373 0.169489
-0.8603 2.102711 -0.167172
-0.781492 2.16945 -0.227697
-0.803086 2.032904 -0.127341
-0.707205 2.070202 -0.151514
-0.747942 2.017331 -0.076915
-0.7610992 2.174405 -0.1471989
-0.862947 2.02596 -0.12018
-0.644069 2.138669 -0.219826
-0.701192 2.043444 -0.000533
-0.823735 1.967814 -0.006449
-0.8373002 2.090186 -0.01769705
-0.800606 2.00146 0.060192
-0.742282 2.011515 -0.009457
-0.734156 2.142089 -0.218963
-0.7608443 2.084284 -0.02816746
-0.714058 2.261875 -0.035163
-0.81233 2.131128 0.117306
-0.7172102 2.139184 -0.06090858
-0.8478952 2.181331 -0.01632348
-0.683746 2.186844 0.057004
-0.758265 2.203313 0.024356
-0.7815143 2.210908 -0.07528819
-0.730943 2.079798 0.054124
-0.7919195 2.141412 -0.001243208
-0.765643 2.159395 0.09161
-0.8372457 2.186089 0.02881859
-0.8507639 2.100487 0.05768818
-0.713797 2.155363 0.08102
-0.83191 2.096787 0.132529
-0.825317 2.174425 0.072356
-0.920019 2.260275 0.118126
-0.758422 2.333806 0.03376
-0.8867388 2.269544 0.01776338
-0.937795 2.288016 0.101465
-0.836271 2.334672 0.074024
-0.9884095 2.172562 0.08250034
-0.997436 2.304882 0.038432
-0.829535 2.206635 0.069956
-0.789983 2.34237 0.060333
-0.9589762 2.231852 0.07145651
-0.93442 2.179927 0.158822
-1.010661 2.261469 0.102361
-0.858851 2.239282 0.10865
-0.878974 2.142364 0.116176
-0.8822538 2.18102 0.03988307
-0.960378 2.096752 -0.128865
-1.040554 2.198085 -0.071428
-0.9087356 2.181652 -0.0886487
-0.9370939 2.17419 0.004026337
-1.026906 2.289516 0.011429
-0.980893 2.097763 -0.03481194
-0.972965 2.339698 -0.039417
-1.001629 2.290858 -0.068244
-0.9678038 2.28023 -0.01383415
-0.9401148 2.126829 -0.075499
-1.018192 2.206146 0.004030694
-0.981932 2.133559 -0.124173
-1.096373 2.202852 -0.007626
-1.094005 2.225135 0.016311
-0.892318 2.167875 -0.180699
-1.000947 2.180432 -0.109341
-0.847387 2.380446 -0.184286
-0.841177 2.439515 -0.13905
-0.944667 2.361288 -0.076755
-0.8309317 2.320691 -0.003042991
-0.840067 2.391393 0.029836
-0.817777 2.463098 -0.115288
-0.757062 2.268309 -0.005537
-0.8822 2.268546 -0.188608
-0.911589 2.288509 -0.05813443
-0.915556 2.373754 0.005371
-0.939722 2.293413 -0.13509
-0.7710497 2.412519 -0.1462111
-0.8260335 2.244744 -0.1345708
-0.903193 2.375178 -0.128751
-0.8104139 2.403008 -0.09800737
-0.817244 2.451678 -0.05866
-1.240085 1.956087 -0.085036
-1.253057 2.013508 -0.176091
-1.269296 1.918938 -0.279191
-1.266317 1.862097 -0.154258
-1.245035 1.935663 -0.124261
-1.249163 1.950817 -0.196502
-1.322873 1.841056 -0.185611
-1.245609 2.031841 -0.297671
-1.309881 1.894035 -0.310755
-1.255188 2.07248 -0.236009
-1.363852 2.02901 -0.1452505
-1.345798 1.917965 -0.122126
-1.322066 1.996939 -0.2452174
-1.275745 1.880905 -0.21903
-1.379799 1.859396 -0.241828
-1.281804 2.058159 -0.099455
-1.222909 1.788272 -0.04719654
-1.303123 1.806908 -0.153697
-1.190919 1.776896 -0.117204
-1.298154 1.701314 -0.159196
-1.207904 1.856545 -0.081364
-1.372838 1.806416 -0.159008
-1.371932 1.72527 -0.164779
-1.262883 1.740449 -0.09376794
-1.231595 1.813796 -0.120182
-1.160993 1.719126 -0.11379
-1.232255 1.678216 -0.147519
-1.394314 1.800828 -0.02943423
-1.258482 1.711191 -0.01514829
-1.299423 1.885425 0.01152807
-1.171251 1.728392 -0.03676634
-1.44948 1.896108 -0.09273953
-1.528693 1.962819 -0.178251
-1.618297 1.847376 -0.029434
-1.582727 1.76982 -0.089851
-1.466365 1.838113 -0.146033
-1.528345 1.88242 -0.101779
-1.487698 1.940252 -0.03724626
-1.477061 1.975026 -0.1255106
-1.558332 1.882445 0.004092006
-1.521658 1.915012 -0.1231
-1.5867 1.862256 -0.064736
-1.561989 1.82447 -0.097312
-1.462018 1.874011 -0.197536
-1.457251 1.880015 -0.244822
-1.523485 1.814994 -0.009538151
-1.591917 2.06346 0.081367
-1.505846 2.095405 0.05326
-1.571334 1.908007 0.0756962
-1.539155 2.099096 0.140042
-1.404927 2.114425 0.149331
-1.404408 1.997306 0.08200949
-1.507259 1.988902 0.05553198
-1.483007 1.885923 0.0415234
-1.491799 2.001708 0.1647852
-1.443236 1.96227 0.2565763
-1.48633 2.112337 0.173187
-1.658235 1.948603 0.059658
-1.614243 1.93913 -0.00897
-1.602118 2.014841 0.014555
-1.449515 2.052291 -0.1028404
-1.317759 2.100609 -0.095978
-1.538171 2.01789 -0.130481
-1.539549 2.077593 0.006122
-1.350455 2.101008 0.014302
-1.457746 2.115483 0.037145
-1.381975 2.137309 -0.052544
-1.397274 1.968976 -0.04988377
-1.461159 2.138105 -0.029528
-1.467383 2.040633 0.007473258
-1.494299 2.134727 -0.071124
-1.56321 1.997666 -0.050004
-1.409346 2.121462 0.028998
-1.538578 2.07425 -0.036681
-1.553104 2.180374 -0.340701
-1.531209 2.068838 -0.255485
-1.538809 2.071042 -0.186237
-1.47609 2.328302 -0.411275
-1.43438 2.312282 -0.356373
-1.545122 2.227101 -0.359073
-1.433115 2.187957 -0.120089
-1.534727 2.165955 -0.228839
-1.527184 2.263576 -0.36109
-1.486756 2.213521 -0.208232
-1.516472 2.187705 -0.206407
-1.548308 2.118706 -0.283796
-1.530144 2.105632 -0.12431
-1.455531 2.266092 -0.273116
-1.304118 2.135537 -0.18453
-1.391719 2.113873 -0.1480968
-1.491172 2.081948 -0.410558
-1.267584 2.135778 -0.277065
-1.319204 2.185591 -0.239889
-1.326254 2.287839 -0.4063
-1.400479 2.202469 -0.155876
-1.354369 2.220936 -0.239502
-1.360853 2.277045 -0.331389
-1.539433 2.11088 -0.355608
-1.402476 2.313211 -0.370581
-1.500132 2.058731 -0.322267
-1.499455 2.116717 -0.433442
-1.406731 2.069311 -0.2240919
-1.275458 2.259819 -0.479221
-1.262384 1.990368 -0.453444
-1.312993 2.065248 -0.3438294
-1.237554 2.168667 -0.439249
-1.253259 2.18594 -0.394681
-1.232085 2.168593 -0.54676
-1.239983 2.113968 -0.352943
-1.289231 1.96062 -0.484269
-1.242863 2.215915 -0.514184
-1.230978 2.1295 -0.487969
-1.239206 2.066308 -0.392219
-1.23978 2.076647 -0.512882
-1.326067 2.130983 -0.5275955
-1.241742 2.0898 -0.59308
-1.312673 2.039018 -0.498053
-1.36314 2.099634 -0.4077817
-1.512142 2.027208 -0.284062
-1.320807 1.922228 -0.428257
-1.287141 1.929935 -0.371594
-1.260015 1.977037 -0.367723
-1.513584 2.021207 -0.171661
-1.424974 1.879875 -0.286954
-1.386544 2.003738 -0.3201288
-1.386044 1.960057 -0.3815476
-1.364056 1.937775 -0.3159088
-1.43942 2.040773 -0.2840041
-1.455748 1.90065 -0.318616
-1.440222 1.91207 -0.388644
-1.352575 1.896372 -0.370942
-1.487712 1.943658 -0.295333
-1.396786 1.892263 -0.357527
-1.473297 1.9503 -0.379698
-1.391954 1.931353 -0.511791
-1.475892 2.095679 -0.527507
-1.447979 2.002976 -0.4209027
-1.496437 2.054455 -0.431641
-1.393276 2.034508 -0.5172523
-1.514976 2.026781 -0.413266
-1.382806 1.981679 -0.4548784
-1.347954 1.931225 -0.500651
-1.45534 1.953228 -0.471741
-1.50115 1.998784 -0.511118
-1.52027 1.999567 -0.317486
-1.494477 2.019267 -0.594835
-1.468926 1.97059 -0.546647
-1.431772 2.014834 -0.5771081
-1.29891 2.059676 -0.774917
-1.265248 2.151237 -0.824042
-1.42461 2.129521 -0.866707
-1.44703 2.040946 -0.824599
-1.241165 2.170028 -0.720096
-1.415944 2.216411 -0.905402
-1.333455 2.047155 -0.911184
-1.250553 2.253888 -0.962457
-1.269671 2.18217 -0.93691
-1.396527 1.98783 -0.786156
-1.449601 2.159191 -0.725261
-1.362317 2.011135 -0.841208
-1.334182 2.037965 -0.852105
-1.426741 2.012448 -0.864993
-1.35616 2.036398 -0.6646275
-1.460281 2.091486 -0.659356
-1.471037 2.003557 -0.726141
-1.417156 2.027363 -0.6451276
-1.257558 2.086605 -0.680928
-1.268763 2.010302 -0.562342
-1.411103 1.968025 -0.696278
-1.307375 2.016645 -0.702209
-1.321001 1.964709 -0.586705
-1.476716 1.98607 -0.614771
-1.444303 1.97648 -0.698494
-1.337042 1.992601 -0.708203
-1.347192 2.064953 -0.6072978
-1.428512 1.950546 -0.566051
-1.375568 2.126419 -0.6699512
-1.362961 1.962302 -0.641971
-1.389306 2.326742 -0.6297253
-1.368975 2.408561 -0.661917
-1.257852 2.286035 -0.654328
-1.447744 2.393396 -0.778207
-1.452947 2.276389 -0.824671
-1.427631 2.336314 -0.7114293
-1.431033 2.435257 -0.675231
-1.338236 2.429892 -0.814268
-1.29829 2.329242 -0.597993
-1.353203 2.214437 -0.686113
-1.248717 2.297883 -0.829321
-1.324997 2.378393 -0.666339
-1.24117 2.248898 -0.674341
-1.2466 2.258313 -0.862516
-1.281688 2.356055 -0.783762
-1.233058 2.199885 -0.667441
-1.357174 2.349607 -0.506208
-1.506901 2.320252 -0.431887
-1.470893 2.209324 -0.685651
-1.566538 2.24241 -0.551328
-1.544769 2.305632 -0.493687
-1.554865 2.263122 -0.626458
-1.565399 2.246294 -0.49321
-1.501079 2.296026 -0.5672542
-1.364239 2.217321 -0.5688642
-1.499422 2.199656 -0.587732
-1.477337 2.147697 -0.559623
-1.564112 2.214595 -0.491247
-1.560474 2.168997 -0.432588
-1.527759 2.200253 -0.541247
-1.576642 2.31917 -0.629223
-1.554756 2.423751 -0.737737
-1.552602 2.356174 -0.601031
-1.477054 2.385115 -0.535686
-1.501281 2.2623 -0.696962
-1.400445 2.399744 -0.577854
-1.578192 2.324663 -0.71501
-1.502146 2.461125 -0.754218
-1.422877 2.376888 -0.499921
-1.587217 2.374295 -0.782034
-1.459555 2.417983 -0.612078
-1.524547 2.377747 -0.580826
-1.501752 2.365391 -0.7269111
-1.495103 2.31767 -0.790243
-1.478393 2.335642 -0.6410522
-1.578264 2.386919 -0.730781
-1.294112 2.294955 -1.190627
-1.353437 2.277533 -1.111339
-1.221371 2.419225 -1.182727
-1.245709 2.352566 -0.989283
-1.357007 2.36418 -1.106552
-1.231778 2.491967 -1.235688
-1.287552 2.297946 -1.112329
-1.234943 2.338486 -1.093694
-1.272526 2.211413 -1.144651
-1.255134 2.33586 -1.213517
-1.231388 2.416975 -1.233583
-1.267489 2.259222 -1.179362
-1.232641 2.428101 -1.120351
-1.313624 2.349173 -1.185215
-1.219192 2.362775 -1.214048
-1.335534 2.269015 -1.152568
-1.35827 2.20501 -1.110312
-1.332874 2.068535 -0.967061
-1.332857 2.208175 -1.136854
-1.419737 2.0724 -0.926089
-1.289149 2.162662 -1.075777
-1.368172 2.14466 -1.073533
-1.383431 2.217537 -1.029118
-1.316463 2.155265 -1.095499
-1.37319 2.044196 -0.932898
-1.252026 2.249224 -1.078825
-1.36343 2.09338 -1.02
-1.399378 2.085463 -0.995606
-1.297124 2.134231 -0.997491
-1.334114 2.0914 -1.017419
-1.457513 2.481994 -0.79152
-1.557765 2.546135 -0.992749
-1.497097 2.59724 -1.061974
-1.507236 2.48589 -0.990869
-1.542463 2.568358 -0.983278
-1.549134 2.50646 -0.985723
-1.581791 2.431307 -0.84218
-1.495286 2.405381 -0.903066
-1.539833 2.37452 -0.829603
-1.525109 2.54949 -1.037235
-1.575896 2.42947 -0.870285
-1.571663 2.490042 -0.933447
-1.556647 2.443495 -0.91016
-1.472636 2.604092 -1.011051
-1.565021 2.489437 -0.876643
-1.309012 2.59019 -1.118751
-1.31542 2.59346 -1.203176
-1.295449 2.5181 -1.220103
-1.447358 2.58462 -1.112278
-1.426142 2.61475 -1.125101
-1.266264 2.434814 -1.229
-1.325321 2.61401 -1.172121
-1.418265 2.617525 -1.060127
-1.36073 2.602384 -1.18261
-1.381473 2.537322 -1.149622
-1.270441 2.586608 -1.173738
-1.251132 2.559508 -1.212821
-1.412288 2.62507 -1.113017
-1.367482 2.619043 -1.103459
-1.452631 2.543545 -1.085314
-1.262228 2.36061 -0.891345
-1.308642 2.465547 -0.956591
-1.414023 2.460751 -1.060718
-1.451548 2.540695 -0.916085
-1.404278 2.335039 -0.995006
-1.253226 2.441678 -1.047606
-1.241203 2.51318 -1.150051
-1.35053 2.453367 -1.147655
-1.407248 2.584877 -1.013321
-1.453022 2.372479 -0.921591
-1.46447 2.487907 -1.025014
-1.394359 2.477445 -0.840873
-1.282065 2.541885 -1.096404
-1.378251 2.527709 -0.955731
-1.329952 2.558284 -1.051256
-1.170788 0.2597 0.583448
-1.064887 0.2551263 0.4739642
-1.162476 0.228727 0.514232
-1.28518 0.189714 0.298385
-1.193033 0.162026 0.249845
-1.2533 0.207875 0.407065
-1.157098 0.18541 0.429303
-1.108733 0.188405 0.460379
-1.035001 0.3077231 0.3387398
-1.061574 0.174327 0.478358
-1.048368 0.132427 0.398422
-1.08844 0.220762 0.543413
-1.043811 0.2308131 0.3996441
-1.148324 0.161021 0.34902
-1.109301 0.3433476 0.4526289
-1.369342 0.24885 0.411199
-1.317011 0.5685789 0.4949079
-1.282074 0.4267821 0.2915146
-1.417019 0.260821 0.358832
-1.119649 0.408704 0.2161747
-1.344793 0.3556929 0.3640177
-1.244579 0.2989592 0.328753
-1.130119 0.5856449 0.2472709
-1.375601 0.6572787 0.3947426
-0.8753586 0.4024976 0.3374819
-1.173631 0.5408201 0.4971769
-1.207355 0.330876 0.5051696
-1.328582 0.217512 0.357302
-1.273373 0.243324 0.48013
-1.319194 0.3107098 0.009674412
-1.22622 0.206964 0.015869
-1.111047 0.2334011 0.09855123
-1.255521 0.200198 0.097641
-1.254533 0.3251811 0.09351531
-1.162865 0.2950901 0.03877653
-1.255169 0.3304787 -0.01154712
-1.324225 0.265607 -0.057258
-1.25123 0.22849 -0.03703
-1.174432 0.210635 -0.032205
-1.191227 0.184889 0.083299
-1.16306 0.157671 0.12252
-1.326929 0.223247 0.090866
-1.320138 0.248556 -0.023134
-1.158395 0.156785 0.193624
-1.319215 0.242297 0.025801
-1.328734 0.3011246 0.1733498
-1.448082 0.281095 0.242618
-1.385259 0.222865 0.2591
-1.367354 0.3849488 0.1339362
-1.417822 0.3728548 0.2678564
-1.475685 0.30734 0.316149
-1.379016 0.242754 0.109038
-1.494428 0.322957 0.227679
-1.468599 0.299396 0.153037
-1.317484 0.203977 0.195872
-1.382971 0.276497 0.01208
-1.415129 0.252939 0.156455
-1.457107 0.310512 0.068071
-1.33358 0.3050093 0.0782376
-1.074315 0.529312 0.856235
-1.094203 0.431407 0.796016
-0.964213 0.369312 0.783685
-0.8986614 0.4315704 0.7621822
-0.95372 0.463212 0.831744
-0.999969 0.567925 0.878504
-0.884854 0.488454 0.848877
-1.014816 0.455188 0.822344
-0.9500728 0.3788676 0.6533672
-1.036393 0.4645002 0.735402
-1.096021 0.350957 0.741007
-0.954959 0.531267 0.860622
-1.023036 0.362164 0.747429
-0.985013 0.420056 0.794529
-1.019878 0.503219 0.854875
-0.9865094 0.5349386 0.7611168
-1.094062 0.3246585 0.5544436
-0.9682632 0.2992312 0.5867928
-1.205064 0.356878 0.71486
-1.053628 0.177177 0.52595
-1.242999 0.323015 0.657096
-0.9471891 0.4142943 0.538533
-1.001576 0.2180214 0.4902687
-1.054755 0.241781 0.604783
-0.9826277 0.2903792 0.4827721
-1.243843 0.417253 0.755666
-1.015038 0.242586 0.662347
-1.023846 0.295699 0.699092
-1.055252 0.3830778 0.6493406
-1.030826 0.15643 0.601434
-1.128773 0.308158 0.68328
-1.149956 0.4709997 0.681874
-0.597396 0.144536 0.735043
-0.730636 0.070773 0.774382
-0.7793888 0.3168383 0.6283422
-0.679502 0.003541 0.766425
-0.96835 0.286555 0.734707
-0.865381 0.290212 0.812497
-0.802424 0.263685 0.827443
-0.861237 0.156263 0.797125
-0.7948931 0.1555474 0.737868
-0.912182 0.311048 0.784384
-0.767362 0.16306 0.803439
-0.7942997 0.226527 0.7465569
-0.816302 0.163196 0.80567
-0.813537 0.09085736 0.7137525
-0.839802 0.573403 0.858728
-0.836299 0.709153 0.85186
-0.859959 0.621276 0.8448
-0.819951 0.538701 0.861931
-0.717299 0.741929 0.860585
-0.700453 0.657763 0.858255
-0.7930068 0.6679919 0.7643798
-0.727926 0.675872 0.87888
-0.785289 0.59882 0.861753
-0.752649 0.546518 0.848816
-0.7715219 0.6379142 0.6651076
-0.774877 0.798088 0.868567
-0.8034938 0.5637031 0.7797131
-0.64238 0.649839 0.829926
-0.787159 0.672627 0.870047
-0.717983 0.212356 0.804407
-0.720601 0.447115 0.838049
-0.7123232 0.4466837 0.6824368
-0.793715 0.381028 0.835277
-0.656214 0.262374 0.782868
-0.602451 0.316742 0.771962
-0.8673912 0.4619273 0.6801083
-0.688803 0.35442 0.820675
-0.655617 0.490595 0.822113
-0.7974247 0.3149285 0.7337237
-0.754928 0.311462 0.831786
-0.620008 0.462225 0.807017
-0.80058 0.4651 0.8438
-0.85365 0.401497 0.837714
-1.246653 -0.196481 0.484182
-1.201657 -0.229445 0.424408
-1.223778 -0.2366357 0.6045816
-1.256342 -0.124621 0.580996
-1.293576 -0.243192 0.494856
-1.295945 -0.212759 0.546677
-1.186666 -0.108023 0.52996
-1.215607 -0.15071 0.495209
-1.238223 -0.226958 0.477982
-1.161264 -0.314984 0.580053
-1.115633 -0.2415202 0.4556428
-1.183343 -0.185884 0.426634
-1.084869 -0.321058 0.490981
-1.245461 -0.298117 0.411132
-1.19734 -0.204447 0.378235
-1.277162 -0.164439 0.548489
-1.292467 -0.210455 0.788701
-1.258524 -0.310351 0.723689
-1.326931 -0.297496 0.59762
-1.282395 -0.310262 0.588019
-1.269463 -0.246356 0.6925544
-1.318721 -0.263701 0.555713
-1.315275 -0.209223 0.601758
-1.320634 -0.231684 0.746436
-1.306103 -0.297839 0.747326
-1.304898 -0.186548 0.6506
-1.217559 -0.313385 0.661167
-1.332986 -0.276744 0.70758
-1.317254 -0.300455 0.677781
-1.296556 -0.288491 0.815359
-1.336083 -0.252445 0.665926
-1.272429 -0.148848 0.778057
-1.168713 -0.049679 0.658387
-1.024658 -0.016293 0.742997
-1.142607 -0.1209473 0.7687946
-1.2758 -0.122363 0.633688
-1.096591 -0.020417 0.738944
-1.10408 -0.031836 0.603297
-1.226379 -0.071601 0.686041
-1.103228 -0.04867 0.805941
-1.235137 -0.083168 0.750666
-1.214264 -0.073443 0.796419
-1.297517 -0.13697 0.690884
-1.059541 -0.013363 0.677615
-1.186979 -0.076181 0.592301
-1.209017 -0.2097981 0.7064917
-1.097429 -0.205658 0.939163
-1.106157 -0.2017837 0.7858662
-1.004724 -0.2298812 0.8233505
-1.046121 -0.30982 0.722343
-1.057723 -0.307411 0.862079
-1.147507 -0.281316 0.931
-0.988085 -0.279096 0.922796
-1.150756 -0.310008 0.879555
-1.065084 -0.238335 0.939748
-0.966815 -0.12452 0.871632
-1.066127 -0.128383 0.909768
-1.024741 -0.181152 0.920044
-0.961961 -0.29513 0.888416
-1.106228 -0.2478516 0.875903
-1.2488 -0.17199 0.843097
-1.267132 -0.252907 0.852948
-1.133641 -0.1592897 0.8380674
-1.001209 -0.060216 0.814998
-1.219684 -0.268594 0.89749
-1.156798 -0.206213 0.938179
-1.215542 -0.214436 0.892407
-1.203389 -0.2440297 0.8331621
-1.228976 -0.306038 0.838969
-1.174166 -0.107404 0.868917
-1.235676 -0.287861 0.872783
-1.119562 -0.107151 0.886744
-1.139337 -0.074109 0.845931
-1.186848 -0.150853 0.886893
-0.8718618 -0.02731561 0.6924735
-0.847218 0.022962 0.785917
-0.999062 0.016568 0.717504
-0.849973 -0.077046 0.817781
-0.989125 0.141463 0.685292
-0.9693051 -0.08670011 0.6682474
-0.9087369 0.08333881 0.6709465
-0.938968 0.033826 0.752684
-0.937451 0.156324 0.747793
-0.932562 -0.030763 0.782864
-1.003229 0.05038 0.676552
-0.81332 -0.0927847 0.7569212
-0.899094 0.068049 0.769535
-0.909967 -0.080024 0.825677
-1.049794 0.018699 0.515448
-1.068385 -0.05799 0.482895
-1.039416 -0.07505608 0.628088
-1.042807 0.113265 0.509706
-1.059823 -0.002175 0.597496
-1.013842 0.040746 0.390069
-1.034688 0.090512 0.577586
-0.9638035 -0.02372008 0.5939346
-1.030799 -0.09464699 0.5936588
-1.037818 0.013743 0.457725
-0.8734867 -0.1094104 0.5538277
-1.033301 0.110694 0.426805
-1.04806 0.022369 0.576736
-1.006184 -0.176552 0.5479006
-1.030697 -0.321989 0.52793
-0.661532 -0.307736 0.534576
-0.7841106 -0.1798148 0.455948
-0.835167 -0.325221 0.541764
-0.752657 -0.318415 0.522829
-0.82422 -0.314423 0.588519
-0.7787748 -0.1942837 0.5758561
-0.8190721 -0.251429 0.5468594
-0.965056 -0.313028 0.590731
-0.609043 -0.24484 0.566313
-0.752291 -0.29019 0.493639
-0.8888983 -0.2239612 0.5568645
-0.751994 -0.313632 0.617061
-0.639212 -0.283775 0.560548
-0.572228 -0.248795 0.457442
-0.662642 -0.27236 0.652472
-0.7769293 -0.2512139 0.7909754
-0.74065 -0.03552865 0.7106783
-0.763609 -0.048798 0.798257
-0.7448685 -0.117001 0.7521231
-0.74956 -0.280816 0.884192
-0.766643 -0.300911 0.839962
-0.609324 -0.232224 0.676441
-0.73677 -0.144153 0.879641
-0.704553 -0.307197 0.66928
-0.660628 -0.311834 0.767432
-0.7161 -0.051731 0.797327
-0.7486001 -0.1888695 0.7079394
-0.710383 -0.103624 0.880522
-0.785009 -0.267123 0.859217
-0.719827 -0.30998 0.75199
-0.771885 -0.140531 0.828593
-0.89859 -0.13288 0.865057
-0.8197665 -0.1259748 0.6520201
-0.866473 -0.274272 0.880847
-0.9751799 -0.1771159 0.7417259
-0.939189 -0.307474 0.825376
-0.955127 -0.308721 0.697118
-0.818883 -0.307693 0.785946
-0.891434 -0.244532 0.89212
-0.818195 -0.218228 0.858159
-0.809886 -0.106235 0.828352
-0.845586 -0.29641 0.844705
-0.8880789 -0.238192 0.7776847
-0.784832 -0.200465 0.839322
-0.8272441 -0.1641848 0.7551291
-0.8291704 -0.2142712 0.7951122
-0.870908 -0.309623 0.671362
-1.218479 -0.328483 -0.184952
-1.373257 -0.324194 -0.067814
-1.390723 -0.303427 -0.085715
-1.226167 -0.331013 -0.105522
-1.328797 -0.323203 -0.139247
-1.320375 -0.330601 -0.023093
-1.335466 -0.271688 -0.134923
-1.375249 -0.257743 -0.096216
-1.295615 -0.2872 -0.155941
-1.17616 -0.2982 -0.204754
-1.276653 -0.321894 -0.159759
-1.151196 -0.325324 -0.216379
-1.182612 -0.24215 -0.187213
-1.256107 -0.324011 -0.177231
-1.272541 -0.218774 -0.147032
-1.195333 -0.329807 0.090407
-1.103748 -0.1446189 -0.05568128
-1.050501 -0.296941 -0.246583
-1.114552 -0.330087 0.022662
-1.150218 -0.186095 -0.177708
-1.117991 -0.330841 -0.135202
-1.239299 -0.2137485 0.07212411
-1.200512 -0.085501 -0.053411
-1.071412 -0.323442 -0.233384
-1.029892 -0.329844 -0.146383
-1.263775 -0.091505 0.000952
-1.148689 -0.1807394 0.095111
-1.068561 -0.238016 -0.227414
-1.231116 -0.162633 -0.134882
-1.197564 -0.127785 -0.117151
-1.384843 -0.170519 0.003858
-1.367531 -0.200107 -0.032487
-1.373788 -0.191659 0.0448031
-1.327566 -0.1827936 0.03927638
-1.338148 -0.18744 -0.099444
-1.351272 -0.118578 0.038872
-1.32197 -0.136434 -0.033229
-1.421453 -0.320601 -0.004777
-1.451517 -0.276591 0.022761
-1.424131 -0.227828 0.015444
-1.412973 -0.25115 -0.014721
-1.426355 -0.223575 0.072884
-1.328636 -0.2504342 0.04973575
-1.44045 -0.305067 0.065462
-1.384002 -0.145752 0.05062
-1.264241 -0.326128 0.181788
-1.3867 -0.261382 0.23168
-1.451486 -0.288917 0.156883
-1.222738 -0.317338 0.393717
-1.248374 -0.166268 0.297982
-1.413444 -0.309778 0.173535
-1.272472 -0.234864 0.334607
-1.329836 -0.214204 0.272709
-1.312634 -0.273005 0.318889
-1.174753 -0.324359 0.353978
-1.291114 -0.295958 0.479995
-1.32175 -0.318914 0.244972
-1.362886 -0.296063 0.26637
-1.227434 -0.255041 0.400472
-1.283506 -0.103264 0.189581
-1.325665 -0.088623 0.095375
-1.247893 -0.069623 0.142341
-1.443811 -0.247002 0.165272
-1.162347 -0.054471 0.186153
-1.449892 -0.267471 0.092129
-1.40831 -0.319704 0.107517
-1.169189 -0.08513 0.23976
-1.429824 -0.200281 0.123038
-1.391823 -0.161974 0.077039
-1.318364 -0.137934 0.214077
-1.353138 -0.122727 0.155767
-1.399946 -0.158539 0.133796
-1.199022 -0.1484943 0.1720395
-1.336519 -0.326376 0.120283
-1.32044 -0.2037924 0.1282067
-0.630083 -0.315358 0.411113
-0.688742 -0.317341 0.398616
-0.725215 -0.29168 0.393994
-0.642806 -0.2295293 0.2604227
-0.7453247 -0.2188663 0.3563887
-0.73177 -0.278645 0.26346
-0.686181 -0.324683 0.265453
-0.607856 -0.321784 0.284994
-0.571924 -0.245426 0.41427
-0.714232 -0.282168 0.310058
-0.6915831 -0.2430152 0.3755642
-0.715811 -0.297842 0.359878
-0.751377 -0.286727 0.234266
-0.7394347 -0.2109154 0.2275577
-0.597562 -0.298802 0.393856
-0.7011432 -0.2730208 0.2190339
-0.716121 -0.324785 0.212753
-0.6945728 -0.2434373 0.1740344
-0.656257 -0.324428 0.197557
-0.8090976 -0.2226639 0.1713609
-0.7395076 -0.2797438 0.1780206
-0.668364 -0.278722 0.092493
-0.6886677 -0.1334705 0.1821387
-0.575965 -0.237016 0.091833
-0.7889817 -0.2661089 0.1179141
-0.553336 -0.239122 0.17379
-0.801658 -0.291031 0.191837
-0.7847168 -0.177074 0.06372689
-0.777517 -0.322957 0.17161
-0.783253 -0.273097 0.215375
-0.708103 -0.325922 0.134108
-0.750004 -0.328312 0.088624
-1.011579 -0.2606787 0.1309883
-0.986493 -0.329955 0.140995
-0.8970977 -0.248629 0.07432984
-0.9662404 -0.1843954 0.1517407
-0.9697646 -0.1239804 0.03435924
-0.942209 -0.327737 -0.001132
-0.93486 -0.328351 0.117491
-1.07799 -0.3309 0.215391
-1.027018 -0.327086 0.160659
-1.102829 -0.1074047 0.1343887
-0.9940528 -0.2389262 0.06208028
-0.972169 -0.286346 0.188579
-0.8605237 -0.1726684 0.17348
-0.929236 -0.286186 0.159189
-0.531228 -0.244522 0.315911
-0.7234366 0.225884 0.02217866
-1.041368 -0.070903 0.331464
-0.8203565 -0.1191223 0.3578742
-0.6693307 -0.1853479 0.3712822
-0.8870308 -0.02671725 0.1520006
-1.083333 -0.039583 0.253501
-1.024896 -0.011434 0.293288
-0.5452376 0.128233 0.06340458
-0.4307365 0.2141062 0.1566476
-0.9796455 -0.07655193 0.2953312
-1.008712 -0.04076132 0.2175005
-0.996662 0.071066 0.311369
-1.066748 0.014364 0.238919
-0.8941285 -0.03212113 0.2906156
-1.008269 -0.049729 0.355401
-1.062552 -0.110775 0.368747
-0.9626914 -0.197592 0.4122363
-0.9637087 -0.1384028 0.3280061
-1.163648 -0.2629476 0.3797682
-1.073186 -0.337921 0.363613
-1.083606 -0.132176 0.389852
-1.153641 -0.124771 0.311223
-1.024761 -0.1272679 0.2721013
-1.091024 -0.328367 0.281521
-1.080882 -0.1628641 0.3295458
-1.026058 -0.1829973 0.3638227
-1.090115 -0.326435 0.379609
-1.024065 -0.211578 0.2879851
-1.087202 -0.096401 0.3182
-1.092527 -0.1556619 0.2323738
-0.893334 -0.305688 0.358334
-1.112223 0.094538 -0.056741
-1.005927 0.1848331 -0.01922496
-0.996259 0.05018409 0.02807622
-1.139914 0.086939 0.053
-1.060411 -0.04164201 0.01953814
-1.095882 0.2413223 0.00515842
-1.144599 0.032277 0.01124
-1.133155 0.217587 -0.075806
-1.148027 0.166112 0.016655
-1.125587 -0.034481 -0.071683
-1.153921 0.002813 0.090616
-1.006554 0.009165967 -0.06382524
-1.171543 -0.038075 0.035584
-1.045272 0.1375024 0.07037039
-1.020473 0.11316 0.294942
-0.9572392 0.1109509 0.1527411
-1.127443 0.090058 0.123403
-1.149275 -0.027266 0.155471
-1.133559 0.126582 0.143909
-0.8685771 0.1279906 0.04396257
-1.067239 0.120498 0.241019
-0.9658981 0.1959167 0.2327477
-0.9894654 0.2885609 0.1269701
-1.033771 0.1249886 0.1690478
-1.097555 0.2362806 0.2627224
-1.081146 0.078035 0.212304
-1.021489 -0.05844051 0.1375632
-1.067409 0.196812 0.1745246
-0.977955 0.219129 -0.236209
-0.929126 0.199006 -0.245315
-0.879718 0.265727 -0.273057
-1.025705 0.207599 -0.201469
-0.985735 0.280219 -0.243638
-0.963703 0.093385 -0.201755
-0.9464261 0.186052 -0.1517512
-0.895905 0.139163 -0.2311
-1.068295 0.062575 -0.123574
-0.918261 0.036379 -0.200501
-1.081421 0.157457 -0.137599
-0.9359797 0.2714295 -0.1090564
-1.014126 0.039525 -0.16003
-0.9253352 0.07987097 -0.08674171
-0.8724529 0.2424471 -0.1780052
-1.223721 0.4263238 0.02673541
-1.112736 0.252054 -0.127247
-0.983966 0.402335 -0.29654
-0.8920861 0.3969519 0.01647465
-1.033826 0.4804486 -0.1577051
-1.236297 0.256961 -0.092193
-0.9436432 0.4785651 -0.2246032
-1.036833 0.3386818 -0.07888552
-1.023193 0.4493923 -0.2367584
-0.9438761 0.3663241 -0.1767147
-0.9005451 0.5626843 -0.0603483
-1.15837 0.3157322 -0.06137446
-1.034905 0.337595 -0.244045
-1.164318 0.331154 -0.202107
-1.081584 0.294347 -0.186757
-0.94003 0.337508 -0.289851
-0.7055789 0.3346653 -0.1299752
-0.916891 0.440827 -0.33675
-0.773849 0.2489271 -0.1610678
-0.8507072 0.4973292 -0.2913821
-0.7440228 0.393925 -0.216544
-0.789866 0.516801 -0.365882
-0.8389039 0.4330704 -0.1723965
-0.7251902 0.5549061 -0.2384665
-0.76449 0.440716 -0.347725
-0.81922 0.246508 -0.260342
-0.856679 0.424429 -0.356811
-0.894011 0.374247 -0.322875
-0.59124 0.4972722 -0.1486028
-0.768176 0.311816 -0.288367
-0.721929 0.493677 -0.37304
-0.715126 0.328651 -0.302498
-0.7028463 -0.002447685 -0.1385044
-0.677499 0.053694 -0.205098
-0.652592 0.054468 -0.21273
-0.6420577 0.1132485 -0.127893
-0.659816 0.016057 -0.21619
-0.638294 -0.23262 -0.006923
-0.6925555 -0.1156629 -0.002441958
-0.6546937 0.03164074 -0.1774066
-0.6186423 -0.009959924 -0.005103893
-0.6425072 0.03529924 -0.137265
-0.6525964 0.07833083 -0.1658272
-0.462539 -0.23383 0.016648
-0.564773 -0.231958 -0.133417
-0.688921 -0.233569 -0.054675
-0.757067 0.097178 -0.217528
-0.675454 0.140634 -0.222223
-0.705278 0.111166 -0.212328
-0.7419317 0.1020743 -0.1021295
-0.8069983 0.07975832 -0.1549369
-0.842719 0.095231 -0.22704
-0.8392879 0.1657945 -0.09652757
-0.827868 -0.009359 -0.223914
-0.7493233 0.1517207 -0.1620622
-0.6873461 0.1418743 -0.1606007
-0.7932638 0.00208583 -0.1327429
-0.731959 0.204369 -0.240512
-0.759985 0.046958 -0.213487
-0.776921 0.176895 -0.230735
-0.6840811 0.215445 -0.0880146
-0.748448 0.02472634 -0.1613884
-0.8214787 -0.2688327 -0.3276219
-0.834302 -0.324108 -0.259978
-1.012642 -0.324836 -0.25709
-0.952347 -0.328553 -0.201387
-0.943522 -0.262224 -0.306176
-0.9464853 -0.2499151 -0.1828612
-0.913277 -0.328989 -0.349938
-0.811523 -0.310474 -0.202307
-0.8801995 -0.2627323 -0.2629077
-0.955349 -0.277415 -0.258536
-0.998571 -0.262997 -0.243503
-0.917663 -0.245959 -0.389387
-0.966058 -0.324273 -0.288114
-0.742279 -0.283752 -0.291562
-0.8039232 -0.06834417 -0.1859323
-0.7556469 -0.1637952 -0.1202297
-0.736568 -0.032381 -0.302894
-0.697887 -0.236456 -0.289566
-0.744873 0.011814 -0.217621
-0.733051 -0.232641 -0.134396
-0.895573 -0.139239 -0.284636
-0.8206544 -0.2148552 -0.2562513
-0.761178 -0.232697 -0.146171
-0.735065 -0.022126 -0.258628
-0.833421 -0.070838 -0.301314
-0.859395 -0.063909 -0.234906
-0.78601 -0.029108 -0.246222
-0.636438 -0.226682 -0.318554
-0.7247695 -0.05985861 -0.1892137
-1.008934 -0.028238 -0.167174
-0.8497495 -0.23023 -0.0973894
-0.831421 -0.319454 -0.075058
-0.847909 -0.328227 0.044512
-0.9422366 -0.2148057 -0.09544695
-0.975904 -0.131548 -0.211995
-0.931427 -0.04274 -0.198957
-0.942032 -0.193759 -0.241069
-0.7834121 -0.1802564 -0.05382842
-0.7813681 -0.09458967 -0.1203758
-0.8320535 -0.03242374 0.02456972
-0.843535 -0.323392 -0.106208
-1.07346 -0.075023 -0.139957
-0.9255888 -0.05140197 -0.06706202
-0.898211 1.083989 0.833442
-0.970922 1.241363 0.724972
-1.000471 0.982911 0.7542052
-0.939977 1.179225 0.776361
-0.857176 1.165828 0.782316
-0.8645377 1.113051 0.6343298
-1.008582 1.072606 0.6592643
-0.9811418 1.112595 0.7331949
-1.039943 1.159866 0.7793
-1.014973 1.085495 0.810259
-0.972496 1.07654 0.813464
-0.917403 1.014883 0.843681
-0.81134 1.11468 0.788325
-0.9919344 0.9164208 0.6282852
-0.9056574 1.026497 0.7177264
-1.058661 1.023265 0.839091
-1.272381 1.134034 0.786901
-1.171595 0.8550224 0.7917939
-1.222431 0.9760338 0.6879106
-1.045263 0.8697485 0.7441491
-1.121165 1.017301 0.856014
-1.108891 0.93807 0.866754
-1.225524 1.056407 0.834711
-1.157142 1.163135 0.779599
-1.064513 0.9389701 0.792434
-1.263753 0.9996292 0.7695564
-1.08993 1.09293 0.820813
-1.117307 0.9984806 0.7386916
-1.128677 1.100065 0.821396
-1.240637 0.96513 0.853951
-0.976181 0.821678 0.889134
-0.9951923 0.9320605 0.8181832
-0.8014997 0.9271287 0.7418555
-1.019918 0.98589 0.862985
-0.903216 0.816444 0.863772
-1.059895 0.90875 0.873422
-1.013653 0.906095 0.885274
-0.950321 0.897097 0.881776
-0.978684 0.989417 0.862386
-0.919799 0.945136 0.861264
-0.822506 0.972261 0.836686
-0.847408 0.786996 0.850639
-1.024959 0.856403 0.8218214
-0.9274153 0.8905056 0.7271474
-0.929899 0.684422 0.888902
-0.902396 0.760622 0.876267
-0.8689027 0.581264 0.7243144
-1.008697 0.776881 0.903812
-0.9391845 0.6890145 0.8134572
-0.9675354 0.6788887 0.7435078
-0.960044 0.738256 0.905134
-0.889907 0.700573 0.870355
-0.95 0.60609 0.873813
-0.997394 0.641988 0.886103
-0.886996 0.7337633 0.6212501
-0.9978488 0.7375374 0.8152603
-0.99999 0.710611 0.908948
-0.905985 0.7529118 0.775255
-0.902366 0.579434 0.847093
-1.063638 0.722743 0.907478
-1.033263 0.5287643 0.6679173
-1.183167 0.6842143 0.7860306
-1.089942 0.585904 0.882971
-1.151013 0.567647 0.87166
-1.104705 0.647097 0.900805
-1.180841 0.478536 0.827439
-1.072362 0.6115788 0.7610715
-1.095866 0.7492961 0.6979913
-1.186669 0.5930654 0.7118886
-1.244931 0.575973 0.848023
-1.182268 0.625397 0.871382
-1.052504 0.646513 0.895516
-1.268229 0.48215 0.798771
-1.086496 0.6933554 0.8151377
-1.330189 0.352522 0.646002
-1.292009 0.289799 0.565809
-1.379761 0.4314797 0.5506399
-1.338293 0.397023 0.695757
-1.42159 0.40854 0.646377
-1.522651 0.462455 0.596289
-1.482839 0.3928 0.544238
-1.473011 0.41598 0.600697
-1.434242 0.5483074 0.5796403
-1.429212 0.30365 0.430419
-1.5434 0.429902 0.503937
-1.482157 0.34395 0.410239
-1.376039 0.324588 0.549307
-1.447166 0.5041322 0.5103947
-1.263404 0.4664984 0.6003774
-1.44242 0.829516 0.830243
-1.346505 0.9459153 0.7154073
-1.440129 0.919027 0.820576
-1.457075 0.978366 0.789153
-1.377641 0.848479 0.845315
-1.390749 0.8825848 0.7575233
-1.398656 1.037894 0.792073
-1.430274 0.8377687 0.6929373
-1.337167 1.011763 0.82781
-1.507423 0.882967 0.780588
-1.494968 0.81424 0.797525
-1.392473 0.767292 0.8492
-1.38737 0.904856 0.84258
-1.317555 0.968512 0.840742
-1.349654 0.641786 0.7562058
-1.407842 0.464783 0.721321
-1.432201 0.68808 0.815167
-1.260643 0.6648636 0.7095454
-1.234094 0.7167126 0.6172047
-1.302258 0.627781 0.864072
-1.348261 0.655635 0.854442
-1.364628 0.7318631 0.7173989
-1.262376 0.637926 0.874185
-1.343393 0.543823 0.801204
-1.264768 0.6273055 0.8054885
-1.426576 0.566401 0.771377
-1.329394 0.5794127 0.6496531
-1.282016 0.6946856 0.8059123
-1.236571 0.7652283 0.7566916
-1.207446 0.752239 0.900912
-1.239951 0.694891 0.886529
-1.08188 0.820398 0.89613
-1.264809 0.757459 0.901463
-1.144198 0.73843 0.889149
-1.340972 0.818873 0.870271
-1.167412 0.790513 0.898641
-1.316003 0.773904 0.895082
-1.122474 0.885328 0.892718
-1.183679 0.838812 0.906285
-1.122102 0.7920795 0.8248334
-1.214593 0.7956866 0.8306325
-1.214809 0.87849 0.897145
-1.26602 0.903386 0.873992
-1.296087 0.7765344 0.8140852
-1.697591 1.166885 0.452092
-1.720601 1.043121 0.503182
-1.630578 0.9356703 0.453843
-1.576033 1.199986 0.4607087
-1.705483 1.124222 0.452091
-1.634008 1.043313 0.436959
-1.620135 1.028835 0.63457
-1.624475 1.104038 0.600487
-1.71393 0.945295 0.551589
-1.671192 0.972318 0.600769
-1.632845 1.166388 0.568365
-1.629179 1.132169 0.4247707
-1.684716 0.869038 0.596746
-1.600095 1.089094 0.4874639
-1.219279 1.010355 0.5007251
-1.460874 0.9590742 0.6878239
-1.537374 0.916425 0.74244
-1.37965 1.117262 0.5466212
-1.475808 1.037878 0.752794
-1.433186 1.059322 0.4405356
-1.591837 0.948159 0.691565
-1.530658 1.010978 0.4542586
-1.37052 0.9248722 0.5385611
-1.444101 1.049779 0.6415037
-1.423081 0.894227 0.3688815
-1.516538 0.957049 0.5486959
-1.614445 0.851664 0.675786
-1.495186 1.101508 0.732316
-1.525033 1.031535 0.723049
-1.753318 1.093265 0.223814
-1.585115 1.200991 0.1716227
-1.712953 1.084711 0.068379
-1.686283 1.191452 0.074195
-1.749456 1.007814 0.117019
-1.771915 1.019336 0.190672
-1.720723 1.16648 0.187036
-1.732335 1.167864 0.310862
-1.757875 1.0954 0.284899
-1.6048 1.112825 0.3495159
-1.662082 1.075456 0.1203506
-1.616612 1.002238 0.28593
-1.727426 1.18124 0.2371
-1.732773 1.098717 0.14333
-1.658193 1.217301 0.2080815
-1.795175 0.831818 0.301339
-1.646069 0.8986877 0.3314223
-1.76274 0.736303 0.351813
-1.787059 0.824216 0.220269
-1.703063 0.9270641 0.2627964
-1.790554 0.959913 0.268203
-1.767639 0.866735 0.143761
-1.693999 0.8264516 0.2706734
-1.653969 0.9314322 0.1832117
-1.781477 0.918519 0.189782
-1.76582 0.957763 0.126078
-1.73451 0.8170603 0.3429127
-1.78917 0.897493 0.28457
-1.78952 0.790832 0.299182
-1.786635 0.903701 0.385186
-1.745262 0.833169 0.507571
-1.790222 1.000905 0.339798
-1.775682 0.888647 0.445693
-1.704268 0.8635592 0.3934063
-1.760804 0.995353 0.447162
-1.749874 0.917803 0.49905
-1.741263 1.062481 0.433377
-1.787886 0.825234 0.394976
-1.780038 1.027245 0.330193
-1.757369 0.786119 0.465148
-1.730287 0.9812839 0.3032209
-1.767593 0.757051 0.396577
-1.748508 1.10375 0.342148
-1.563762 0.757302 0.740093
-1.597517 0.572851 0.617507
-1.512672 0.657102 0.75342
-1.434817 0.6290792 0.6830363
-1.623059 0.638135 0.63716
-1.525715 0.6047303 0.5589814
-1.465138 0.472664 0.680565
-1.578036 0.525605 0.583451
-1.499696 0.53237 0.690654
-1.478817 0.7263335 0.6628823
-1.538659 0.612005 0.709978
-1.607683 0.691048 0.678521
-1.519752 0.734622 0.774201
-1.456825 0.6743774 0.5582247
-1.593338 0.6125225 0.4436549
-1.622023 0.536322 0.503309
-1.609541 0.7006986 0.3972828
-1.680212 0.623381 0.49997
-1.693072 0.627557 0.439775
-1.651373 0.604927 0.569367
-1.603256 0.6480997 0.5177073
-1.725802 0.676738 0.390803
-1.657086 0.771404 0.620899
-1.674325 0.701966 0.580691
-1.702516 0.714147 0.518473
-1.677487 0.7795501 0.4775556
-1.560199 0.7239111 0.5776197
-1.72638 0.715677 0.467166
-1.608618 0.8089545 0.4464
-1.682299 0.656039 0.540881
-1.737936 0.693762 0.22709
-1.770177 0.751036 0.171966
-1.697514 0.7633793 0.2203158
-1.67029 0.8067074 0.1578027
-1.630829 0.664768 0.2200027
-1.731628 0.675634 0.128429
-1.771223 0.736332 0.239338
-1.736381 0.702786 0.062164
-1.766366 0.768508 0.106935
-1.700045 0.642841 0.079767
-1.694253 0.7527102 0.09775722
-1.536421 0.934449 0.2346087
-1.571942 0.7297899 0.2883208
-1.733249 0.653159 0.261694
-1.45363 0.4298351 0.3416367
-1.544512 0.373123 0.303947
-1.592178 0.457624 0.414065
-1.678648 0.56915 0.411577
-1.498402 0.575282 0.4259828
-1.673287 0.542608 0.3603
-1.626939 0.502456 0.395096
-1.721132 0.589423 0.315322
-1.543244 0.392116 0.400313
-1.593558 0.426787 0.358459
-1.729146 0.612585 0.282501
-1.622376 0.455819 0.308307
-1.624582 0.619661 0.358296
-1.649817 0.512978 0.278529
-1.644634 0.5986164 0.2775694
-1.530747 0.513133 0.3383711
-1.518577 0.4868025 0.2297385
-1.716705 0.597773 0.197647
-1.691521 0.555143 0.15281
-1.702004 0.589342 0.118966
-1.53941 0.523981 0.1256895
-1.608402 0.43479 0.16956
-1.580849 0.399223 0.262822
-1.629855 0.48417 0.055873
-1.546082 0.384616 0.142891
-1.661766 0.519049 0.186747
-1.626549 0.455562 0.232673
-1.657547 0.511301 0.102833
-1.62358 0.5920354 0.1816853
-1.604867 0.6168753 0.1052418
-0.8275216 1.37772 -0.1797997
-0.901888 1.483639 -0.193229
-0.744264 1.326605 -0.296569
-0.763137 1.428319 -0.220759
-0.706396 1.351891 -0.260384
-0.8946839 1.326868 -0.1806776
-0.806619 1.34085 -0.287501
-0.888658 1.339195 -0.304448
-0.944321 1.298677 -0.316776
-0.848589 1.433846 -0.238989
-0.832712 1.398886 -0.261178
-0.93582 1.358025 -0.294011
-0.9189148 1.30288 -0.2468921
-0.7685191 1.316513 -0.2173911
-0.81509 1.484658 -0.182342
-0.6902292 1.129507 -0.1171329
-0.920453 1.070346 -0.420868
-0.742245 1.169911 -0.394539
-0.769972 1.271051 -0.338283
-0.666419 1.264641 -0.343868
-0.6952656 1.256063 -0.2518096
-0.757403 1.098837 -0.406059
-0.7419591 0.9517955 -0.1935381
-0.914616 1.205962 -0.358218
-0.7068107 1.104769 -0.2742454
-0.7958515 1.124762 -0.3199652
-0.8565559 1.121695 -0.2433617
-0.824896 1.10248 -0.410643
-0.7620466 1.245309 -0.1744081
-0.851265 1.160731 -0.392063
-0.867216 1.270794 -0.327455
-0.8208613 0.9650388 0.08717673
-0.6776482 1.18837 0.0718217
-0.888159 1.524155 -0.138326
-0.8960821 1.22824 -0.1046661
-0.9451728 1.38506 -0.05607149
-0.7623795 1.33911 -0.02525963
-0.791454 1.515662 -0.120244
-0.763293 1.55457 0.035663
-0.746378 1.532072 -0.043254
-0.8144857 1.444842 0.01149394
-0.7950566 1.405806 -0.1073113
-0.840131 1.542159 -0.071789
-0.8228048 1.285648 0.1997073
-0.718906 1.549023 0.090633
-0.7552402 1.41848 0.1628072
-1.020965 1.32871 -0.30246
-1.06183 1.255584 -0.1401352
-0.9771091 1.338846 -0.2158822
-0.980309 1.45132 -0.218606
-1.105217 1.43774 -0.08464218
-1.110594 1.394991 -0.227691
-0.938913 1.405438 -0.263666
-1.025299 1.533444 -0.108957
-1.113898 1.454878 -0.167076
-1.038977 1.385921 -0.262067
-1.024121 1.361535 -0.1210541
-1.123147 1.315668 -0.288824
-1.121009 1.382184 -0.1556244
-0.9531685 1.438153 -0.1312697
-1.022728 1.476206 -0.178715
-1.160341 1.442177 -0.173512
-1.361126 1.257122 -0.214273
-1.123112 1.355041 -0.0868862
-1.323944 1.310764 -0.0739993
-1.269883 1.501423 -0.174493
-1.357764 1.374254 -0.174813
-1.324404 1.315484 -0.197756
-1.244986 1.367459 -0.07907831
-1.232486 1.449083 -0.006720913
-1.278057 1.403595 -0.177337
-1.226006 1.336994 -0.230721
-1.238577 1.403549 -0.182571
-1.181977 1.250468 -0.309713
-1.267711 1.224354 -0.1539866
-1.1666 1.282681 -0.1565501
-1.21003 1.266415 -0.0541255
-1.226385 1.093111 -0.2723644
-1.395154 1.07071 -0.275375
-1.44504 1.130934 -0.224389
-1.296895 1.194625 -0.27619
-1.224414 1.165352 -0.329233
-1.307274 1.121016 -0.1194825
-1.301756 1.085199 -0.324454
-1.313521 1.041625 -0.331333
-1.200095 1.141528 -0.1987345
-1.320728 1.055257 -0.2538498
-1.20073 0.987285 -0.378865
-1.210191 1.069709 -0.366862
-1.158967 1.164684 -0.353012
-1.307978 1.13035 -0.292675
-1.080305 1.17275 -0.2387325
-1.10396 1.1067 -0.374859
-1.086836 1.268094 -0.327
-1.129274 0.9429975 -0.2549064
-1.128726 0.9257 -0.424757
-0.9636544 1.169608 -0.2570856
-0.9135675 0.9918527 -0.1837417
-1.127819 1.017813 -0.394643
-1.037722 1.161124 -0.377534
-0.965094 1.128978 -0.389255
-0.976728 1.19137 -0.372453
-1.085178 1.005082 -0.422687
-1.08078 0.9488802 -0.3411561
-1.040294 1.001129 -0.44024
-1.057327 1.21135 -0.360824
-1.138822 1.093607 -0.08856149
-1.233481 0.722405 -0.38635
-1.142415 0.742658 -0.427349
-1.056995 0.8162659 -0.2887904
-1.110452 0.638552 -0.427076
-1.166624 0.834553 -0.41618
-1.053516 0.764415 -0.437726
-1.091527 0.831259 -0.441974
-0.977644 0.581725 -0.391338
-1.031913 0.688441 -0.432019
-1.062418 0.6609617 -0.315876
-1.058006 0.90678 -0.438713
-1.003839 0.845441 -0.434412
-1.011711 0.646183 -0.427165
-1.184554 0.66964 -0.409337
-0.9220419 0.6152448 -0.3179123
-0.783366 0.725904 -0.437071
-0.819275 0.7126289 -0.1430126
-0.9543616 0.5902936 -0.2283067
-0.8346423 0.659158 -0.324193
-1.119574 0.7128315 -0.1425157
-0.897284 0.639958 -0.40947
-0.866968 0.582131 -0.391918
-0.838672 0.769268 -0.442527
-0.929422 0.501048 -0.349873
-0.9099518 0.7853679 -0.2927068
-0.901577 0.745223 -0.43731
-0.813891 0.681971 -0.427216
-0.8095887 0.7471533 -0.2520874
-0.786589 0.7119929 -0.3589416
-0.965382 0.900004 -0.440225
-0.6862247 1.013723 -0.3491296
-0.843059 0.913953 -0.449384
-0.7714663 0.8459478 -0.3377425
-0.899192 0.887704 -0.439392
-0.755662 0.934398 -0.453081
-0.721256 0.853565 -0.474845
-0.806504 1.015371 -0.428171
-0.8650365 0.8576457 -0.3755325
-0.8663347 0.9290861 -0.3432416
-0.9413465 0.8505784 -0.3589501
-0.860316 0.852813 -0.453651
-0.945697 0.807185 -0.437061
-0.903167 0.980093 -0.433123
-1.379842 0.7963283 -0.2284735
-1.346579 0.853841 -0.339617
-1.379565 0.6897931 -0.2146019
-1.26795 0.7249099 -0.3026217
-1.310404 0.611487 -0.363089
-1.390113 0.829572 -0.330118
-1.459265 0.622198 -0.294413
-1.434337 0.822136 -0.317392
-1.309064 0.835924 -0.364717
-1.266397 0.815362 -0.378669
-1.283304 0.684113 -0.382024
-1.416802 0.65189 -0.334884
-1.272864 0.7471886 -0.1919714
-1.344892 0.744979 -0.358347
-1.330197 0.78991 -0.2923667
-1.226641 0.9989581 -0.1448374
-1.059506 0.7964521 0.04883508
-1.3259 0.930281 -0.341717
-1.342524 0.8969692 -0.2238914
-1.305314 0.9779988 -0.2597666
-1.212718 0.924698 -0.377932
-1.338738 0.7737563 -0.04258505
-1.231847 0.8628787 -0.1807933
-1.257067 0.892875 -0.372976
-1.2152 0.994793 -0.285156
-1.28457 1.006566 -0.349159
-1.227976 0.8950708 -0.2763638
-1.286316 0.8510676 -0.2945475
-1.262371 0.949391 -0.354154
-1.280017 0.983887 0.1043883
-1.388237 0.974828 -0.308255
-1.087933 0.5600597 -0.2962011
-1.228638 0.6457998 -0.2825971
-1.07759 0.57304 -0.400814
-0.999459 0.453889 -0.318877
-1.066817 0.417836 -0.308881
-1.201026 0.597883 -0.388821
-1.210259 0.483764 -0.343921
-1.121381 0.380078 -0.280642
-1.02051 0.514101 -0.363738
-1.133251 0.463819 -0.342794
-1.058356 0.465526 -0.333723
-1.105599 0.4810056 -0.2604588
-1.140083 0.550283 -0.389059
-1.256166 0.542334 -0.359963
-1.248 0.446658 -0.312327
-1.391239 0.45781 -0.23244
-1.278035 0.6146526 -0.1780418
-1.270331 0.5397192 -0.2456445
-1.254051 0.5803185 -0.01978691
-1.198679 0.4968172 -0.1884617
-1.312197 0.5172 -0.335001
-1.312831 0.4426231 -0.08599513
-1.396214 0.513696 -0.283596
-1.334039 0.486969 -0.303981
-1.288327 0.400027 -0.242183
-1.474247 0.570382 -0.249235
-1.369618 0.534027 -0.1260889
-1.278139 0.324573 -0.150712
-1.356909 0.393969 -0.180212
-1.221089 0.369634 -0.248573
-1.580838 0.474586 -0.066033
-1.469022 0.503186 -0.208276
-1.524962 0.418534 -0.014424
-1.500616 0.362323 0.044355
-1.455671 0.396395 -0.075968
-1.406047 0.4692384 -0.07864284
-1.584998 0.478388 0.000628
-1.509284 0.464357 -0.141054
-1.434427 0.338186 -0.016574
-1.36432 0.34086 -0.099414
-1.568402 0.509232 -0.113684
-1.450334 0.413241 -0.1304
-1.510744 0.429394 -0.085528
-1.406917 0.407742 -0.141835
-1.381782 0.4869765 0.04839781
-1.466942 0.537453 -0.05512465
-1.65249 1.223968 0.021248
-1.571133 1.181676 -0.098212
-1.504893 1.25435 -0.121094
-1.669463 1.151305 0.018549
-1.514219 1.304463 0.06256567
-1.443667 1.176159 0.0305351
-1.639026 1.116567 -0.060259
-1.500593 1.216031 -0.14948
-1.516788 1.095857 -0.192502
-1.560975 1.269966 -0.075598
-1.392663 1.208037 -0.08195711
-1.587672 1.168439 0.07575796
-1.607557 1.228347 -0.026652
-1.64866 1.287233 -0.031396
-1.544544 0.8884372 -0.09466673
-1.58249 0.91557 -0.199055
-1.520967 0.8242863 0.006093484
-1.437319 0.8731405 -0.1312995
-1.590043 1.071826 -0.138258
-1.585149 0.9581536 -0.0120487
-1.432009 0.9262766 0.09646787
-1.659978 0.985251 -0.095722
-1.525174 0.998555 -0.226253
-1.689546 1.042434 -0.019064
-1.600034 0.964749 -0.159245
-1.671304 0.888769 -0.100541
-1.486134 0.8714282 -0.2086368
-1.563163 1.021519 0.08195311
-1.475377 0.919244 -0.285869
-1.406341 1.021066 -0.142216
-1.584614 0.719705 -0.19628
-1.535433 0.709397 -0.252746
-1.605906 0.675339 -0.151075
-1.661701 0.753867 -0.107655
-1.541481 0.560603 -0.168796
-1.630035 0.850359 -0.16035
-1.483057 0.7713525 -0.1916645
-1.561383 0.823779 -0.229469
-1.615319 0.78955 -0.161302
-1.520641 0.817487 -0.273955
-1.457411 0.6973717 -0.1088969
-1.516906 0.626144 -0.234205
-1.587623 0.607524 -0.146453
-1.485827 0.749188 -0.300621
-1.723912 0.956052 0.020313
-1.692493 0.756243 -0.065981
-1.638926 0.887708 0.005344738
-1.712217 0.786781 -0.023322
-1.748116 0.790658 0.06322
-1.739398 0.895168 0.052903
-1.740486 0.851234 0.078008
-1.688446 0.9598271 0.1196738
-1.717031 0.842794 0.01163
-1.611771 0.8157555 -0.04201111
-1.659089 0.8907577 0.09968396
-1.751477 0.901184 0.103315
-1.692582 0.942929 -0.051561
-1.669683 0.7566946 0.02765406
-1.713564 0.710683 -0.007987
-1.706521 0.856272 -0.045644
-1.323987 0.6594282 0.1116708
-1.539909 0.610372 0.005168615
-1.625705 0.590493 -0.07558
-1.528294 0.7967834 0.1175324
-1.611987 0.7360798 0.06714102
-1.513153 0.6408771 0.1425831
-1.640243 0.54663 -0.006935
-1.667015 0.599761 0.026332
-1.63613 0.6706254 0.07305889
-1.500106 0.7076571 0.05052004
-1.580966 0.7811981 0.01648058
-1.564859 0.6813931 0.06872484
-1.670344 0.658403 -0.069819
-1.611209 0.7133733 0.02352364
CELLS 19379 96895
4 1615 1608 1612 1728
4 4295 4307 4304 4186
4 1358 1345 1349 1347
4 3549 3538 3540 3534
4 2736 2747 2750 2756
4 3004 3005 3010 2989
4 2439 2438 2443 2431
4 1287 1285 1276 1288
4 1681 1551 1528 1555
4 175 159 182 171
4 202 176 181 197
4 1537 1836 1831 1814
4 4319 4324 4312 4315
4 495 498 504 494
4 4375 4387 4371 4382
4 4613 4540 4636 4519
4 4143 4142 4139 4138
4 4559 4558 4550 4560
4 1946 1960 1868 1959
4 4242 4261 4263 4244
4 2904 2907 2893 2895
4 1416 1411 1409 1418
4 3085 3097 3086 3091
4 3522 3553 3550 3554
4 1913 1932 1908 1931
4 2698 2704 2701 2706
4 1876 1764 1778 1882
4 4418 4421 4428 4417
4 2342 2333 2346 2335
4 931 903 904 909
4 4032 4016 4003 1652
4 4475 4548 4451 4534
4 3420 3416 3414 3426
4 1363 1307 1298 1311
4 1794 1781 1787 1789
4 455 442 443 417
4 2847 2794 2791 2841
4 1544 1602 1543 1557
4 3820 3823 3825 3822
4 2502 2501 2514 2571
4 2251 2248 2252 2259
4 2411 2400 2422 2416
4 3873 3867 3868 3874
4 2952 2949 2951 2946
4 1302 1307 1298 1299
4 291 281 329 287
4 3504 3484 3488 3475
4 2180 2070 2171 2069
4 2028 1388 222 1559
4 3259 3251 3243 3237
4 2140 2146 2141 2167
4 1264 1254 1262 1257
4 4173 4176 3525 4166
4 1277 1171 1168 1279
4 822 848 846 850
4 1384 1307 1439 1381
4 1269 1274 1286 1265
4 4235 4282 4225 4320
4 2769 4103 4096 4117
4 4139 4136 4147 4138
4 1233 1234 1248 1229
4 1681 1831 1833 1851
4 603 596 942 1010
4 2112 2117 2133 2115
4 3609 3605 3600 3721
4 3772 3782 3760 3724
4 358 362 378 363
4 2398 2407 2409 2566
4 2678 2744 2754 2758
4 602 597 608 627
4 3842 3840 3845 3841
4 2505 2511 2510 2509
4 4152 4160 4154 4163
4 1216 3919 1672 3918
4 2745 2767 2749 2773
4 527 537 534 533
4 2940 2947 2938 2946
4 3124 3099 3106 3111
4 4129 4122 4104 4130
4 707 706 662 713
4 2257 2258 2253 2250
4 3623 344 353 354
4 3558 3561 3553 3550
4 3843 3842 3837 3840
4 848 844 838 846
4 3606 3714 3609 3597
4 4359 4364 4355 4367
4 130 570 128 194
4 893 914 896 923
4 2054 2182 2052 2044
4 128 570 136 201
4 4441 4443 4444 4437
4 3013 3011 3023 3018
4 2706 2699 2711 2696
4 1952 1918 1949 1957
4 4117 4098 4105 4096
4 1632 1628 1626 1621
4 4237 2763 2660 2758
4 905 908 902 903
4 4216 4210 4218 4132
4 2912 2918 2922 2921
4 2161 2154 2163 2157
4 307 297 300 308
4 1496 1488 1485 1569
4 4217 4214 4208 4219
4 3924 3877 3913 3908
4 4168 4171 4172 4166
4 2322 2313 2327 2319
4 2142 247 253 237
4 2918 2888 2915 2909
4 2042 236 237 238
4 405 340 417 333
4 4277 4276 4275 4271
4 495 483 501 485
4 3256 3253 3257 3260
4 2486 2535 2541 2648
4 2184 2107 2226 413
4 3590 3587 3591 3581
4 2652 2724 2651 2667
4 2310 2322 2316 2294
4 4218 4145 4109 4132
4 3900 3815 3905 3946
4 4079 4087 4080 4078
4 2353 4264 2359 4266
4 2598 2574 2597 2608
4 2410 3263 2551 3254
4 4576 4566 4636 4568
4 3743 3755 3747 3874
4 100 88 85 102
4 649 641 643 650
4 3039 3020 3014 3016
4 3548 3559 3538 3537
4 3189 3185 3176 3183
4 136 129 153 132
4 202 193 195 196
4 4661 4355 4353 4367
4 1645 4063 1252 1282
4 375 2059 378 2090
4 1944 1936 1932 1952
4 4395 4387 4397 4394
4 2675 4404 4416 4425
4 931 874 933 929
4 2726 4095 299 2712
4 585 595 590 592
4 2829 2827 2840 2823
4 3334 3339 3330 3331
4 2366 2390 2833 2381
4 1510 4502 4006 4494
4 633 625 621 635
4 914 894 887 923
4 133 139 128 132
4 81 78 72 71
4 4621 4617 4652 4615
4 3541 4588 3534 4589
4 4246 2797 2762 2774
4 2780 4226 2356 2776
4 1287 1295 1232 1288
4 2297 2300 2292 4506
4 731 736 738 734
4 4212 4149 4163 4218
4 1952 1936 1932 1948
4 89 691 699 654
4 794 802 846 792
4 3900 4080 4084 4077
4 3689 3693 3691 3687
4 917 919 923 911
4 1526 1518 1476 1517
4 1504 4015 1503 1515
4 3055 3188 3134 3202
4 4569 3985 3989 4568
4 2610 2574 2608 2609
4 2286 2283 2282 2281
4 3397 3394 3388 3393
4 2838 2825 2791 2777
4 3593 3587 3581 3586
4 1024 1030 1027 1019
4 2874 2620 2869 2867
4 4044 3977 4037 3984
4 933 936 929 937
4 2480 2477 2473 2495
4 893 922 914 923
4 4121 4127 4132 4133
4 306 309 308 298
4 4158 4205 4203 4196
4 3529 3995 349 3988
4 652 645 651 5
4 2010 2019 2012 2034
4 290 285 4095 287
4 3568 3578 3575 3579
4 613 606 991 1010
4 4266 4264 4261 2356
4 2663 4413 4414 2665
4 4141 4135 4147 4138
4 2978 2976 2971 2977
4 3808 3803 3792 3817
4 1390 1395 1400 1401
4 1236 1227 1226 1231
4 4256 4257 4647 4262
4 3117 3062 3060 3115
4 875 2028 1965 1376
4 1871 1874 1873 1884
4 3694 3695 3686 3687
4 1419 1422 1433 1424
4 1146 1148 1147 1136
4 1710 1472 1624 1720
4 4541 4478 4463 4495
4 3598 3627 310 342
4 2914 2796 2894 2898
4 331 332 292 329
4 2748 2907 2736 2756
4 4529 4528 4522 4476
4 110 105 113 98
4 2695 2688 2682 2686
4 801 800 791 795
4 2766 4091 4097 2771
4 4003 4032 4045 4040
4 4412 2251 2718 2259
4 2574 2619 2608 2609
4 2995 2988 2986 2993
4 4103 326 338 4133
4 2369 2343 2411 2754
4 4100 4104 4092 4097
4 3623 331 336 329
4 2653 2628 2633 2621
4 843 798 794 825
4 2046 2182 2044 2148
4 1751 1762 1756 1752
4 4500 4508 4504 4513
4 1563 1571 1559 1573
4 4484 4481 4485 4478
4 3853 3832 3854 3836
4 4140 4141 4138 4135
4 36 33 29 37
4 1879 1862 1872 1880
4 2888 2885 2909 2906
4 137 155 139 132
4 1496 1513 1502 1512
4 3808 4081 3805 3816
4 4390 4393 4394 4506
4 2654 2250 2662 2257
4 3377 3383 3371 3381
4 1181 1192 1196 1191
4 3203 3195 3199 3204
4 1683 1681 1551 1690
4 2888 2906 2909 2905
4 2461 3259 2411 3261
4 1591 1473 1470 1593
4 2837 2836 2845 2840
4 4550 4569 4551 4567
4 2413 2412 2399 2416
4 3980 3942 3978 3943
4 4397 4393 4394 4389
4 2197 2193 2198 2186
4 202 191 194 197
4 4049 4050 4059 4056
4 1748 1694 1727 1703
4 231 8 228 227
4 4131 4130 336 4122
4 964 998 1001 937
4 759 771 762 761
4 3941 3913 3743 3868
4 2058 2173 2051 2170
4 607 606 603 642
4 2842 2838 2909 2791
4 3201 3032 3035 3038
4 2311 355 1563 2259
4 4118 4110 4112 4117
4 1813 1531 1587 1574
4 1053 1061 1055 1091
4 4650 4648 4642 4653
4 2785 2788 2774 2798
4 3063 3069 3068 3222
4 176 165 188 175
4 3166 3171 3161 3173
4 3775 3777 3783 3697
4 3828 3833 3821 3819
4 3312 3308 3320 3323
4 3261 2513 2509 2504
4 2789 2907 2894 2800
4 125 120 126 127
4 1367 1365 1300 1363
4 4613 4618 4625 4622
4 2415 2439 2414 2464
4 4345 4342 4309 4351
4 3177 3139 3147 3173
4 2720 2713 2726 2722
4 4553 4499 4493 3991
4 1528 1568 1587 1564
4 3529 3911 349 342
4 1925 1931 1927 1932
4 1707 1712 1706 1714
4 62 60 56 99
4 2718 2727 2726 304
4 2610 2584 2612 2608
4 2247 2251 2253 4401
4 4168 4298 4205 4172
4 1197 1562 1666 1381
4 427 407 411 393
4 1299 1197 1694 1206
4 182 169 175 165
4 3072 3070 3082 3080
4 3035 3204 3205 3201
4 3527 4548 4247 2660
4 3253 3256 3262 3260
4 303 306 308 304
4 1385 1384 1373 1377
4 231 217 49 228
4 62 66 56 59
4 3402 3408 3393 3384
4 3522 4355 3553 3554
4 3196 3194 3163 3160
4 1266 1284 1258 1245
4 1417 1404 1364 1362
4 1985 1992 1993 1983
4 1196 1424 1438 1192
4 181 191 195 197
4 883 875 872 886
4 4143 4161 4146 4145
4 3418 3405 3407 3428
4 2554 3252 2551 2552
4 417 426 420 430
4 3300 3301 3298 3295
4 3974 3999 3981 3994
4 2168 2163 2155 2158
4 434 459 431 432
4 3631 3567 3579 3573
4 3566 3605 3572 3567
4 3400 3401 3306 3283
4 832 826 827 828
4 865 829 860 831
4 1351 1349 1969 1971
4 2088 2080 2085 2087
4 2837 2842 2838 2909
4 601 709 711 599
4 2764 2699 2766 2771
4 3781 3785 3757 3787
4 3658 3656 3659 3667
4 2783 2787 2782 2778
4 2470 2475 2483 2514
4 3257 3259 3258 3243
4 2558 2402 2555 2404
4 4103 3620 4144 354
4 4345 4352 4344 4354
4 1009 984 1001 1011
4 4581 4637 4630 4576
4 2809 2828 2823 2819
4 4162 4167 4205 4178
4 3297 3216 3307 3218
4 2443 4605 4600 2431
4 2478 2481 2479 2476
4 1209 1205 1208 1203
4 4096 4091 4095 2723
4 1254 1606 1264 1262
4 2050 247 212 214
4 1767 1779 1773 1772
4 4535 3527 343 2660
4 3375 3383 3376 3368
4 2533 2544 2535 2509
4 4057 4050 4049 4056
4 3726 3716 3786 3724
4 2792 2802 2804 2777
4 611 612 609 600
4 1552 1546 1548 1550
4 3067 2674 2628 2633
4 4107 4207 4108 4157
4 3869 3873 3877 3868
4 168 159 169 173
4 3460 3467 3473 3493
4 4054 4047 4060 4048
4 3129 3135 3139 3183
4 1836 1528 1568 1824
4 4600 2443 2754 4433
4 3701 3705 3706 3698
4 3452 3433 3434 3494
4 2113 2121 2133 2120
4 3792 3795 3793 3794
4 2270 2206 2262 2199
4 3801 3802 3792 3803
4 2755 2707 2709 2706
4 3500 3492 3498 3503
4 748 758 752 757
4 1877 1879 1880 1884
4 3686 3696 3698 3687
4 508 522 511 533
4 2626 2634 2633 2624
4 354 351 348 346
4 1358 1345 1347 1353
4 3906 3909 3899 3896
4 189 514 515 187
4 46 38 43 39
4 486 477 485 492
4 2502 2573 2567 2571
4 3067 2691 2674 3057
4 1236 1248 1238 4047
4 4479 4552 4488 4485
4 4581 4587 4576 4595
4 1791 1790 1788 1780
4 3751 3941 3744 3748
4 1287 1251 1285 1284
4 13 270 1043 267
4 3460 3424 3387 3390
4 3642 3683 3684 3641
4 725 730 726 723
4 803 801 793 795
4 4410 4405 4397 4382
4 1520 1516 1498 1512
4 3803 3823 3794 3831
4 392 388 397 389
4 319 316 315 310
4 2601 2592 2514 2571
4 371 365 409 364
4 3620 3612 4136 3622
4 3446 3453 3452 3451
4 3013 3019 3012 3021
4 2790 2788 2784 2798
4 1961 1956 1959 1882
4 3459 3449 3447 3458
4 4540 4541 4495 4531
4 4372 4379 4375 4382
4 4044 3977 4036 4037
4 2052 2148 2066 2170
4 3107 3102 3100 3091
4 4373 2286 2279 4389
4 2799 2801 2796 2804
4 3020 3012 3013 3011
4 1697 1704 1693 1692
4 2096 2108 2101 2107
4 1303 1305 1342 1311
4 3307 3329 3218 3220
4 3378 3368 3371 3374
4 2744 2729 2753 2756
4 1892 1889 1894 1891
4 803 503 485 492
4 2724 2716 2723 2697
4 2113 2111 2121 2120
4 1997 2036 2025 1855
4 247 253 237 241
4 3504 3484 3489 3488
4 985 984 1001 896
4 3522 4355 4594 3553
4 2461 2415 2451 2754
4 155 156 142 153
4 936 940 929 937
4 2080 2081 2092 2106
4 2530 2520 2544 2517
4 4086 3900 3891 3908
4 4459 4449 4454 4446
4 2585 2574 2602 2608
4 1490 1488 1493 1487
4 449 461 459 456
4 2182 2054 2052 2066
4 4412 2652 4414 2667
4 3206 3120 3273 3235
4 320 316 310 322
4 2399 2370 2334 2337
4 2659 2724 2708 2651
4 2770 2769 2763 2773
4 4649 4636 4612 4666
4 515 511 516 533
4 3580 3585 3592 3581
4 2785 2774 2772 2760
4 1903 2153 1776 2178
4 2502 2515 2475 2514
4 1489 1507 1513 1485
4 741 792 751 804
4 4108 4107 4109 4117
4 405 355 350 403
4 2883 2885 2884 2892
4 76 64 70 59
4 3510 3532 3533 3526
4 4137 4146 4149 4145
4 2744 2461 2411 2512
4 3319 3313 3321 3320
4 4494 4004 4008 4493
4 258 253 263 214
4 3596 733 3598 310
4 3257 3261 3122 2504
4 2693 2687 2685 2690
4 4162 4155 3589 3595
4 1756 1769 1761 1750
4 470 437 468 456
4 2947 3045 2938 2946
4 2554 2546 2552 2551
4 4157 4158 4151 4196
4 4201 4160 4203 4151
4 1370 1363 1364 1368
4 2485 2496 2486 2476
4 2153 2172 1558 2178
4 429 414 409 420
4 3938 3941 3927 3936
4 850 860 825 831
4 655 646 643 644
4 1606 1632 1609 1628
4 4092 4105 4117 4114
4 2233 2231 2230 2237
4 2674 2668 2671 2673
4 1493 2321 2320 1482
4 3900 3968 3905 3899
4 3999 3981 3994 3992
4 2398 2394 2566 2404
4 865 860 859 831
4 184 191 181 201
4 3502 3484 3504 3475
4 1542 1551 1546 1735
4 270 267 272 1038
4 2906 2881 2886 2890
4 3966 3538 3524 3536
4 2506 2512 3261 2509
4 4033 4034 4046 4027
4 3453 3446 3452 3450
4 2677 4404 2670 2686
4 2508 2530 2532 2509
4 3589 4155 3565 3595
4 870 1147 1140 1136
4 3367 3449 3356 3366
4 134 155 143 132
4 1830 1837 1802 1835
4 3125 3256 3257 3122
4 2458 2465 2442 2468
4 3473 3479 3487 3482
4 4360 4364 4365 4355
4 2201 2114 2213 2208
4 2819 2779 2776 2778
4 2099 2103 2105 2107
4 3032 3035 3029 3039
4 3285 3401 3412 3406
4 4229 4230 4246 4248
4 861 863 832 831
4 4434 4441 2680 4438
4 1203 1209 1213 1259
4 3415 3468 3474 3421
4 3553 3558 3550 3554
4 3672 3676 3671 3682
4 1140 1164 1141 1144
4 3162 3164 3168 3169
4 3430 3441 3439 3436
4 4623 4612 4615 4616
4 331 325 3623 455
4 1633 4021 1642 1644
4 2547 2604 2566 2565
4 4148 3568 3575 3579
4 3473 3467 3463 3500
4 1177 1190 1207 1185
4 2722 2713 2726 299
4 2365 2370 2401 2375
4 384 155 372 379
4 3574 3589 3595 3582
4 1527 1537 1533 1536
4 3480 3440 3437 3443
4 3321 3372 3373 3380
4 3837 3843 3840 3847
4 1367 1448 1440 1447
4 3133 3137 3146 3143
4 3156 3149 3146 3152
4 1067 1073 1031 1064
4 1409 1411 1413 1418
4 3907 3909 3897 3896
4 2862 2859 2855 2852
4 3630 320 3598 3627
4 2308 2326 1801 2319
4 3656 3658 3659 3665
4 3525 3522 3526 3550
4 3517 3922 3963 3586
4 3552 3523 3525 3554
4 3498 3488 3489 3482
4 4424 4420 4416 4417
4 1405 1412 974 1413
4 3489 3462 3478 3469
4 1308 1305 1312 1311
4 393 427 296 411
4 1862 1859 1956 1882
4 1458 1466 1474 1476
4 3389 3402 3393 3384
4 2581 2585 2589 2576
4 1586 1591 1547 1587
4 3591 3587 3592 3581
4 128 200 194 197
4 2507 2514 2516 2512
4 4536 4524 4537 4549
4 1928 2154 1924 1927
4 2532 2505 2508 2509
4 1170 1188 1185 1174
4 1582 1529 1575 1577
4 3300 3307 3301 3295
4 2000 1993 1976 1974
4 1932 1906 1913 1908
4 269 2028 279 222
4 1558 1563 1559 2178
4 275 279 1900 263
4 4611 4631 4633 4610
4 2304 2271 2266 2268
4 134 155 146 143
4 3043 3046 3047 3042
4 1147 870 1982 881
4 3498 3500 3473 3489
4 1374 1378 1383 638
4 747 755 751 804
4 2333 2346 2335 2337
4 3351 3343 3353 3341
4 3277 3279 3269 3275
4 1563 347 1561 1565
4 2982 2991 2992 2994
4 174 181 177 175
4 2973 2979 2967 2974
4 4418 4420 4425 4429
4 2970 2981 2974 2979
4 4201 4209 4160 4151
4 361 373 363 376
4 3438 3444 3441 3455
4 2172 2203 2270 2216
4 2853 2862 2855 2852
4 1719 1718 1716 1714
4 4630 4637 4638 4636
4 2428 2426 2438 2439
4 4575 4637 4581 4576
4 1261 1198 1199 1607
4 4020 4034 4040 4027
4 3823 3820 3831 3822
4 3484 3492 3504 3489
4 202 192 191 195
4 1077 1057 1027 1114
4 986 973 972 981
4 4088 3805 4080 4089
4 4352 4344 4351 4353
4 4375 4399 4387 4382
4 4241 2797 4185 4246
4 2142 2046 2044 2148
4 3497 3494 3495 3492
4 4648 4640 4645 4642
4 3253 3257 3258 3275
4 3311 3313 3320 3316
4 961 997 945 944
4 1115 1108 1116 1118
4 352 3527 343 342
4 3255 3253 3262 3260
4 942 953 957 947
4 3208 3209 3218 3219
4 3411 3401 3406 3412
4 2930 2934 2929 2976
4 2746 4336 4623 4616
4 117 96 123 119
4 610 612 613 600
4 3449 3367 3356 3357
4 2710 2739 2632 2706
4 2285 4405 4382 2279
4 1623 1631 1667 1620
4 4467 4464 4471 4472
4 2943 2942 2936 2951
4 2370 2376 2372 2375
4 1833 1844 1873 1867
4 4544 4456 4457 4543
4 2002 2030 1968 1976
4 461 454 448 459
4 2945 2950 2949 3137
4 184 557 201 563
4 2746 4445 4601 2754
4 2398 2394 2407 2566
4 1223 1202 1209 1213
4 3306 3400 3283 3284
4 593 584 696 590
4 2718 302 2238 304
4 697 701 591 584
4 4488 4483 4496 4490
4 193 196 509 195
4 2284 2275 2278 2281
4 2196 2262 2263 2199
4 1543 1557 1547 1546
4 4406 4411 4410 4409
4 2463 2418 2460 2414
4 4403 4404 4374 4425
4 4259 4294 4261 4234
4 968 969 962 965
4 3572 3631 4150 3573
4 3452 3356 3458 3359
4 3495 3442 3434 3497
4 610 613 625 600
4 1597 1588 1596 1600
4 2986 2995 2993 3042
4 3190 3200 3202 3203
4 358 404 2184 2174
4 1652 1650 1654 1662
4 3959 3952 3968 3905
4 4020 4025 1215 1638
4 2729 2743 2736 2731
4 2010 2031 2034 1856
4 2203 2117 2204 2115
4 159 168 172 173
4 2182 269 1903 1905
4 2054 2050 2046 149
4 1486 4508 1495 4506
4 18 4 11 0
4 3565 4155 3564 4156
4 2257 2249 2253 4414
4 4068 4052 4055 4077
4 3600 3591 3576 3572
4 3633 3623 3620 3622
4 223 42 224 227
4 883 894 896 889
4 2491 2875 2869 2732
4 3252 3253 3255 3258
4 66 65 56 59
4 2569 2565 2575 2566
4 2848 2843 2834 2844
4 814 1220 1211 1221
4 3980 3976 3943 3983
4 923 916 933 941
4 2193 2197 2196 2185
4 1145 1143 1148 1139
4 1674 1635 1616 1267
4 797 749 760 757
4 4456 4467 4543 4472
4 4400 2311 2259 349
4 2107 2074 2073 2097
4 3964 3529 3911 3988
4 1547 1545 1555 1546
4 3230 3226 3235 3222
4 2831 2618 2605 2614
4 3380 3369 3371 3353
4 4157 4139 352 4144
4 3443 3485 3442 3480
4 4345 4342 4310 4309
4 706 702 703 713
4 3484 3502 3504 3497
4 294 2726 2722 2727
4 4157 4147 4145 4139
4 963 1006 995 965
4 302 305 308 304
4 4250 4241 4251 4246
4 2597 2602 2594 2591
4 3901 3902 4079 3898
4 3376 3373 3380 3322
4 875 1412 1354 886
4 2698 2701 2708 2697
4 1417 1412 1413 1418
4 3341 3296 3344 3323
4 3386 3394 3393 3398
4 1648 1647 1660 1655
4 3367 3356 3357 3366
4 4613 4540 4548 4616
4 3402 3409 3408 3384
4 4476 4555 4489 4551
4 3492 3484 3504 3497
4 3059 3127 3128 3057
4 785 783 790 787
4 4197 3528 4308 4245
4 1410 1383 1572 1381
4 196 202 186 195
4 3343 3348 3344 3342
4 3950 3943 3947 3955
4 2354 2390 2350 2360
4 977 983 982 974
4 3825 3824 3819 3822
4 3448 3438 3455 3450
4 4537 4533 4541 4519
4 2036 1965 1966 1968
4 1255 1263 1259 1265
4 2400 2412 2422 2416
4 2386 2390 2373 2381
4 1306 1307 1302 1314
4 3259 2417 3254 3245
4 1851 1852 1530 1846
4 2088 2085 2089 2087
4 887 894 896 923
4 3438 3430 3448 3445
4 1196 1188 1192 1181
4 775 753 748 758
4 1606 1617 1613 1609
4 2252 2240 2224 2241
4 3188 3055 3197 3202
4 3413 3405 3407 3409
4 475 488 485 476
4 2396 2395 2399 2400
4 595 584 585 590
4 3558 3551 3550 3554
4 3124 3059 3062 3060
4 1369 1357 1353 1366
4 2461 2466 3235 3122
4 3562 4588 4583 3553
4 3385 3390 3389 3384
4 4227 4223 4236 4234
4 89 647 658 654
4 3515 3956 3518 3517
4 3788 3768 3747 3774
4 4211 4201 4206 4209
4 1925 1929 1944 1927
4 4589 3541 3540 3534
4 1385 1384 1377 1387
4 2019 2027 2029 2034
4 486 484 104 61
4 3584 4165 4164 4178
4 3809 3807 3813 3805
4 1784 1840 1832 1782
4 258 219 240 214
4 2595 2594 2602 2591
4 1089 1051 1050 1061
4 4399 4392 4395 4465
4 2294 2293 2300 2317
4 1904 257 250 261
4 2718 2251 302 2259
4 4338 4337 4311 4351
4 4426 4462 4415 4416
4 2859 2873 2857 2852
4 3172 3164 3168 3173
4 3306 3301 3305 3296
4 2729 2740 2736 2756
4 3962 3956 3965 3963
4 2942 2941 2944 2943
4 2661 2657 2652 2656
4 2327 1805 1567 1560
4 4654 4669 4653 4664
4 4264 4258 2359 4266
4 2486 2490 2487 2648
4 1622 1625 1619 1475
4 614 638 626 636
4 4499 4558 4553 4493
4 4074 1212 1289 1642
4 1209 1379 1203 1213
4 1834 1812 1820 1824
4 2149 2145 2147 2142
4 1651 1652 1650 1654
4 3910 3874 3867 3878
4 2786 2806 2777 2778
4 537 531 532 523
4 2318 2304 2303 2306
4 3169 3172 3164 3168
4 2844 2818 2809 2835
4 3889 4029 4025 4028
4 3268 3277 3292 3282
4 67 16 39 23
4 1016 988 985 1011
4 3284 3417 3400 3283
4 1424 1432 1422 1421
4 543 551 575 546
4 4598 4601 4606 4600
4 4106 2769 2762 2772
4 1547 1528 1531 1587
4 2876 2865 2871 2872
4 4370 4422 4428 4402
4 2023 2030 2026 2036
4 1446 1437 1439 1447
4 4345 4343 4354 4309
4 4392 4474 4470 4465
4 806 637 811 812
4 3073 3135 3074 3083
4 1224 1223 1212 1214
4 3766 3763 3768 3760
4 2820 2854 2840 2823
4 3417 3284 3419 3422
4 3400 3302 3408 3299
4 1763 1779 1770 1752
4 2535 2544 2541 2648
4 2746 2675 2754 2758
4 704 710 705 684
4 611 609 603 600
4 1946 1934 1943 2014
4 874 933 929 937
4 2153 2182 2066 2169
4 2298 4388 2288 2278
4 1248 1240 1251 1253
4 4500 4466 4492 4503
4 939 932 938 929
4 3407 3400 3417 3401
4 2206 1777 1789 1755
4 2300 4388 4393 2295
4 4603 4431 4598 4606
4 3108 3071 3179 3099
4 317 318 503 316
4 2921 2906 2909 2916
4 3271 3278 3257 3275
4 2235 2225 2242 2224
4 1009 1004 1013 1007
4 4491 4502 1499 4504
4 3686 3701 3706 3698
4 2382 2383 2379 2384
4 404 358 366 402
4 2864 2857 2851 2870
4 3012 3013 3011 3023
4 2108 2225 2226 2232
4 3416 3401 3407 3417
4 3059 3081 3056 3060
4 3961 4086 4025 3915
4 1810 2273 2308 1803
4 4618 4448 4625 4447
4 842 794 846 851
4 3987 4554 3997 3993
4 2837 2888 2918 2909
4 4201 4198 4206 4203
4 3995 4013 4492 349
4 3259 3251 2417 3245
4 3488 3498 3489 3504
4 2028 2036 1965 1966
4 2369 2649 2512 2367
4 1333 1341 1342 1340
4 3398 3388 3389 3387
4 2103 2107 2092 2106
4 3664 3684 3659 3641
4 2194 2260 2199 2188
4 3674 3642 3684 3641
4 3378 3370 3377 3371
4 990 995 1001 994
4 3942 3948 3951 3953
4 3623 3620 3622 3616
4 2134 2166 2159 2133
4 4029 4074 4021 1642
4 274 1040 272 1046
4 959 940 963 929
4 4619 4254 4647 4262
4 2879 2883 2881 2890
4 1585 1566 1493 1569
4 3574 3576 3592 3573
4 1955 1950 1954 1953
4 1198 1208 1203 1259
4 4171 4170 4169 4177
4 2028 1903 1900 1888
4 3449 3456 3457 3458
4 3362 3455 3452 3361
4 2341 2339 2337 2344
4 381 2088 2090 2085
4 1532 1540 1554 1531
4 3203 3048 3201 3190
4 3491 3502 3492 3504
4 3442 3486 3485 3496
4 482 524 506 475
4 3887 3885 3889 3881
4 3069 3058 3063 3068
4 3010 3001 2996 2957
4 725 772 727 723
4 4368 4661 4657 4667
4 4640 4652 4615 4642
4 3423 3415 3426 3468
4 4129 4094 4130 4104
4 1431 1385 1428 1373
4 2969 2961 2953 2978
4 507 567 580 576
4 3266 3273 3243 3244
4 2831 2607 2605 2618
4 4405 4408 4410 4409
4 3249 3337 3329 3250
4 105 110 113 119
4 3165 3112 3184 3170
4 4041 4085 4086 4089
4 1042 1077 1047 1035
4 3755 3922 3910 3914
4 1589 1599 1603 1494
4 2251 2255 2247 2253
4 1975 1355 1970 1964
4 2060 2065 2052 2053
4 424 418 417 430
4 2255 2256 2247 2253
4 302 2251 2238 2237
4 3408 3404 3407 3413
4 544 546 551 549
4 3426 3421 3387 3415
4 3251 2462 2417 2468
4 2714 2709 2715 2697
4 4321 4323 4311 4315
4 3172 3177 3164 3173
4 1057 1061 1048 1055
4 3336 3326 3325 3331
4 3600 3598 3607 3581
4 4354 4340 4355 4339
4 1820 1812 1813 1824
4 212 207 218 209
4 3294 3307 3216 3295
4 4426 4424 4420 4416
4 3960 3545 3548 3969
4 3631 3585 3572 4150
4 4476 4529 4551 4522
4 2514 2516 2512 2509
4 4345 4310 4341 4343
4 975 980 1398 978
4 846 843 849 851
4 945 952 955 944
4 3215 3216 3297 3218
4 806 591 637 587
4 1764 1778 1882 1962
4 728 717 730 726
4 615 1391 1402 626
4 708 644 659 668
4 2755 2709 2699 2706
4 3498 3492 3504 3503
4 2865 2473 2869 2876
4 882 1142 879 869
4 1385 1401 1373 1387
4 2266 2187 2309 2190
4 4175 3525 4339 4166
4 3775 3777 3780 3784
4 4165 4178 3531 4166
4 772 770 767 773
4 1442 1446 1182 1192
4 3530 4197 4157 343
4 4665 4540 4659 4656
4 3352 3349 3344 3353
4 551 568 534 533
4 1690 1551 1703 1746
4 3539 3543 3996 3947
4 2885 2915 2920 2882
4 2110 2201 2208 2114
4 1039 1031 1064 1035
4 410 411 300 403
4 1576 2329 1490 1584
4 3670 3681 3684 3659
4 3869 3876 3877 3879
4 1446 1421 1439 1438
4 1906 1940 1886 1936
4 4139 4136 352 4144
4 325 329 332 331
4 3188 3176 3134 3202
4 3377 3374 3378 3371
4 702 706 708 713
4 513 196 186 195
4 2496 2490 2494 2492
4 103 121 124 476
4 1022 1088 1081 1065
4 3177 3075 3155 3086
4 4323 4225 4248 4244
4 2415 2343 2439 4600
4 1591 1488 1596 1593
4 4481 4487 4482 4478
4 3502 3492 3497 3495
4 2352 2347 2427 2351
4 2010 2027 2019 2034
4 1395 1402 1397 1389
4 1832 1828 1571 1834
4 4373 2285 4410 4382
4 2380 2383 2389 2386
4 3905 3815 3940 3861
4 1757 1759 1753 1755
4 2613 2619 2615 2608
4 3452 3450 3458 3451
4 2445 2453 2440 2442
4 2836 2841 2848 2844
4 1832 1823 1830 1834
4 1317 1747 1736 1329
4 4379 4378 4374 4369
4 3912 3926 3939 3933
4 3376 3383 3380 3368
4 3815 3906 3905 3896
4 218 206 210 172
4 3931 3926 3740 3927
4 2878 2868 2870 2864
4 349 347 345 342
4 2526 2525 2527 2648
4 3845 3851 3862 3854
4 2359 2358 2347 2362
4 2403 2405 2408 2409
4 267 1038 957 1141
4 1314 1384 1439 1381
4 2907 2897 2894 2800
4 4229 4250 4246 4230
4 2081 2184 2090 363
4 3646 3650 3647 3639
4 1 652 947 641
4 4019 1644 4027 4024
4 2723 2716 2711 2696
4 3124 3116 3062 3126
4 747 802 792 735
4 2331 2322 2310 2294
4 1294 1223 1257 1642
4 3766 3763 3760 726
4 2369 2390 2372 2335
4 1463 1514 1457 1513
4 598 597 601 599
4 3651 3776 3749 3676
4 2598 2600 2602 2591
4 164 171 172 173
4 2520 2530 2500 2522
4 1760 1749 1758 1752
4 3170 3161 3165 3199
4 3090 3172 3155 3086
4 3834 3794 3810 3804
4 404 409 357 412
4 2472 2493 2479 2476
4 1365 1305 1300 1311
4 1688 1679 1843 1334
4 2874 2869 2876 2872
4 2197 2270 2196 2199
4 2748 2903 2734 2907
4 2354 2746 4253 4600
4 557 562 191 574
4 2297 2302 2320 1482
4 2303 2318 2306 2305
4 4064 4063 1282 1251
4 2622 2706 2633 2708
4 3114 3178 3184 3187
4 3568 3605 3567 3638
4 4557 4579 4569 4561
4 1388 1004 1376 592
4 2578 2482 2480 2576
4 841 837 847 864
4 1301 1306 1307 1302
4 4641 4655 4643 4649
4 4430 4432 4437 4427
4 1100 926 1059 927
4 855 832 834 831
4 1519 1511 1512 1515
4 3631 3572 3634 3567
4 301 303 306 308
4 3804 3807 3815 3896
4 4299 4296 4315 4300
4 3739 3740 3734 3735
4 667 664 659 668
4 280 328 336 329
4 976 890 981 984
4 2740 2747 2736 2756
4 1885 1883 1869 1884
4 3845 3851 3834 3862
4 4091 4095 2723 2712
4 1341 1342 1340 1334
4 222 588 231 48
4 1153 1139 1127 1144
4 1960 1950 1955 1953
4 1809 2262 1803 2270
4 3747 3874 3751 3743
4 1018 1002 992 994
4 447 450 325 455
4 4025 4023 4017 4026
4 2566 2569 2562 2404
4 2551 3252 3258 3254
4 4169 4302 4303 4172
4 3072 3129 3183 3135
4 3795 3790 3796 3791
4 4549 4537 4538 4625
4 1821 1812 1587 1574
4 2123 2110 2111 2120
4 2141 2155 2154 2162
4 1140 1136 1139 1144
4 2335 2386 2384 2360
4 2297 2300 2301 2294
4 2803 2765 2774 2760
4 2746 4601 4623 4607
4 2411 2369 2400 2337
4 3789 3802 3801 3798
4 3829 3827 3826 3832
4 1829 1827 1839 1828
4 1581 1490 1589 1488
4 2780 4223 2775 2356
4 1403 1356 1352 1353
4 4466 4400 4535 4492
4 4086 3900 3908 3915
4 3795 3793 3790 3791
4 1575 1531 1813 1574
4 2184 358 2174 363
4 1480 1720 1705 1478
4 4128 4123 4092 4121
4 1410 1347 1335 1971
4 4195 4179 4200 4189
4 350 331 351 344
4 3795 3792 3793 3797
4 2272 2261 2265 2262
4 3852 3850 3905 3861
4 86 68 67 84
4 4295 4306 4317 4321
4 3949 3990 3543 3996
4 4566 4572 4521 4567
4 918 919 871 923
4 775 772 770 764
4 4044 4037 4039 4003
4 1287 1232 1243 1284
4 3529 3598 3919 310
4 4364 4346 4353 4356
4 775 769 753 761
4 1916 1906 1886 1936
4 1851 1831 1833 1873
4 4073 4065 4038 4061
4 3663 3655 3668 3656
4 4103 3611 4135 4147
4 4636 4649 4612 4632
4 1886 1897 1891 1898
4 4063 4071 4068 4075
4 2434 2349 2347 2427
4 2330 2331 2320 2325
4 3068 3058 2690 3236
4 4161 4149 4146 4163
4 1226 1238 1236 1234
4 1410 1965 1966 1376
4 3830 3827 3832 3853
4 3900 3944 3968 3915
4 2153 2159 2126 2165
4 3792 3802 3799 3797
4 4068 4061 4062 4075
4 2825 2789 2791 2777
4 669 666 656 648
4 4641 4634 4649 4629
4 1185 1190 1193 1192
4 4517 4478 4500 4515
4 1344 1371 1359 1368
4 1915 1912 1916 1910
4 2297 2293 2300 2294
4 4413 4407 4414 2665
4 3669 3662 3664 3681
4 1219 1222 1218 1216
4 3796 3820 3829 3794
4 154 145 143 170
4 3811 3825 3810 3814
4 2352 2362 2347 2351
4 4223 4233 4236 4234
4 946 956 954 969
4 753 746 752 761
4 43 16 67 61
4 3785 3786 3782 3772
4 4273 4328 4275 4274
4 2067 2079 2073 2069
4 1817 1830 1802 1823
4 3180 3175 3176 3182
4 1148 1139 1127 1149
4 4663 4662 4658 4657
4 280 336 4130 4122
4 981 1009 984 889
4 3776 3740 3718 3752
4 2254 2195 2223 2198
4 3220 3328 3218 3307
4 3692 3693 3689 3698
4 4114 4109 4121 4132
4 2003 1998 1347 1335
4 2311 349 1500 1561
4 486 189 482 484
4 2659 2719 2702 2708
4 980 1373 1401 974
4 3040 3193 3204 3202
4 2322 2331 2320 2294
4 1595 1454 1590 1603
4 1047 1044 1035 1023
4 2393 2389 2383 2386
4 2538 2526 2534 2648
4 3720 3725 3713 3719
4 4025 3887 3886 4023
4 4082 4072 4038 4061
4 2262 2267 2268 2263
4 553 575 564 577
4 3756 3766 3763 3768
4 3840 3843 3845 3834
4 2824 2618 2614 2617
4 4457 4453 4446 4452
4 2941 2939 2946 2950
4 1918 1923 1921 1930
4 1649 1670 4001 1657
4 3651 3688 3776 3648
4 1122 1093 1101 1095
4 2025 1843 1855 1867
4 2050 269 247 214
4 3982 4088 3953 3978
4 1911 1906 1916 1910
4 1676 1673 1623 1609
4 726 767 751 776
4 4226 2354 4261 4234
4 1528 1836 1813 1824
4 858 859 866 864
4 3213 3215 3297 3310
4 1159 1036 1160 1156
4 3418 3420 3428 3426
4 1241 1243 1242 1287
4 380 382 374 376
4 2030 1968 1976 1979
4 1307 1314 1439 1381
4 3535 3542 3540 3539
4 2121 2117 2131 2133
4 1817 1802 1797 1823
4 898 905 906 904
4 1965 870 1147 1140
4 2393 2385 2345 2386
4 1727 1694 1206 1722
4 1001 1009 1011 1005
4 3782 3785 3781 3787
4 4634 4610 4649 4632
4 1718 1719 1716 1708
4 604 612 605 600
4 4627 4638 4636 4626
4 1895 1991 1989 1981
4 712 701 710 705
4 4187 4185 2762 4115
4 188 180 176 177
4 2254 2258 2255 2252
4 2236 2244 2231 2232
4 1384 1373 1377 1429
4 1298 1693 1299 1690
4 3229 3224 3222 3236
4 100 101 57 102
4 1970 1965 1354 872
4 1127 1139 1136 1144
4 2639 2649 2487 2648
4 175 169 162 165
4 1754 1758 1766 1770
4 4657 4636 4669 4665
4 1570 1812 1568 1587
4 3740 3727 3737 3728
4 4103 4237 4096 2763
4 3141 3151 3137 3143
4 3803 3808 3792 3801
4 3792 3802 3797 3803
4 1779 2157 1770 1752
4 3139 3075 3179 3183
4 931 901 903 909
4 3908 3909 3898 3883
4 724 778 723 722
4 1274 1255 1286 1265
4 1113 1107 1114 1119
4 106 111 103 99
4 2206 1807 1800 2262
4 2592 2480 2589 2612
4 1649 1663 1668 1647
4 215 233 208 226
4 3867 3869 3877 3879
4 4379 4375 4374 4381
4 2601 2592 2595 2367
4 2172 2153 1558 1777
4 3129 3054 3134 3130
4 274 279 263 251
4 397 393 411 399
4 1558 2172 1563 2178
4 1071 1076 969 1075
4 4523 4530 4521 4522
4 2425 2459 2439 2464
4 4103 4096 2723 2763
4 1162 1150 1157 1163
4 2514 2475 2479 2535
4 4541 4463 4535 4495
4 4652 4617 4619 4615
4 1215 1672 1638 3918
4 3666 3663 3656 3659
4 2340 2335 2336 2360
4 1519 1525 1512 1517
4 588 267 277 8
4 4323 3528 4311 4247
4 405 355 403 402
4 595 582 820 581
4 3528 3522 4355 4656
4 3779 3783 3762 3770
4 4113 4106 2769 4108
4 2265 2272 2262 2268
4 4215 4206 4198 4199
4 1657 1670 4045 1638
4 3155 3147 3173 3154
4 2480 2620 2580 2576
4 3700 3709 3668 3707
4 355 410 402 413
4 1965 2024 1981 1983
4 2649 2639 2487 2731
4 4211 4215 4219 4222
4 4209 4219 4206 4222
4 2563 2569 2550 2562
4 465 471 467 523
4 4071 1230 4064 4068
4 4453 4452 4455 4446
4 4294 4288 4290 4292
4 4215 4221 4219 4213
4 895 883 896 886
4 4150 4139 4156 3579
4 3353 3383 3376 3381
4 2391 2363 2810 2381
4 1355 1348 1975 872
4 4385 4469 4473 4466
4 1705 1748 1716 1714
4 267 1037 272 1038
4 1664 1663 1561 1569
4 391 390 388 399
4 3321 3393 3408 3399
4 1138 1989 1139 1894
4 4348 4340 4361 4354
4 239 236 219 241
4 613 618 623 614
4 4022 4030 4023 4026
4 2741 2728 2737 2736
4 4577 3998 4569 3996
4 2687 2686 2682 2685
4 3686 3702 3673 3701
4 3513 3588 3517 3963
4 2437 2429 2433 2427
4 3941 3930 3927 3936
4 195 514 517 516
4 2901 2911 2893 2916
4 2539 2534 2527 2648
4 2691 2669 2673 2685
4 4282 4291 4284 4285
4 2372 2373 2367 2375
4 2670 2669 2694 2684
4 3887 4022 3885 4023
4 4316 4338 4337 4311
4 3084 3079 3083 3077
4 736 731 735 734
4 2033 2023 1868 2014
4 2453 2452 2455 2443
4 3958 3944 3955 3965
4 664 642 644 655
4 2192 2187 2191 2190
4 4530 4529 4522 4523
4 326 4103 4131 4133
4 3196 3144 3149 3150
4 378 136 554 563
4 2680 2448 2451 2469
4 942 949 643 947
4 802 803 795 485
4 73 71 76 74
4 2744 2461 2642 2678
4 1828 1832 1830 1834
4 1733 1724 1734 1725
4 1100 1093 1101 1048
4 692 858 695 839
4 4319 4322 4291 4320
4 3427 3468 3423 3426
4 4197 4108 4157 343
4 3298 3301 3307 3295
4 340 455 443 417
4 2285 2280 2274 4410
4 1057 1061 1047 1153
4 2606 2369 2373 2367
4 4160 4153 4159 4158
4 2488 2592 2731 2867
4 1893 1903 1900 1917
4 3504 3492 3491 3503
4 813 729 741 737
4 2725 2726 2724 2723
4 3078 3073 3070 3080
4 697 591 852 839
4 4147 4157 4109 4144
4 3628 3629 3632 3625
4 1157 1162 1163 1158
4 498 500 504 502
4 3986 3990 3949 3996
4 2358 2347 2351 2353
4 4365 4350 4361 4355
4 1330 1341 1342 1331
4 2462 2458 2469 2468
4 1004 1009 1013 1012
4 638 812 635 594
4 1956 1961 1959 1955
4 1013 1009 1011 978
4 3101 3125 3122 3111
4 1661 4016 1651 4005
4 1807 1792 2206 1789
4 806 810 848 846
4 4408 2280 4405 4410
4 2418 2420 2414 2422
4 2306 2281 2288 2316
4 1747 1313 1693 1329
4 1080 1079 1088 1091
4 4601 4445 4548 4451
4 2620 2480 2869 2867
4 51 178 177 55
4 949 691 27 583
4 428 411 430 427
4 3760 3786 3724 3774
4 2242 2235 2224 2241
4 3825 3819 3820 3822
4 3193 3196 3150 3202
4 570 199 191 194
4 2176 2173 2058 2170
4 4069 4054 4087 4077
4 3647 3639 3644 3641
4 779 786 787 828
4 3824 3825 3814 3822
4 1734 1729 1727 1722
4 597 608 601 599
4 2296 2289 2291 2294
4 2607 2618 2613 2615
4 3300 3307 3305 3301
4 3650 3647 3640 3649
4 3407 3400 3384 3419
4 570 128 194 197
4 2700 2698 2707 2706
4 4474 4442 4460 4462
4 741 792 808 734
4 1705 1706 1735 1714
4 571 569 576 574
4 3773 3697 3687 3780
4 134 152 143 146
4 2273 2264 2305 2268
4 3728 3931 3740 3649
4 2293 2299 2292 2300
4 3089 3097 3164 3086
4 1428 1430 1390 1419
4 4181 4187 4180 4185
4 4553 4558 4560 4550
4 1484 1494 1483 1487
4 4159 4160 4158 4203
4 3313 3316 3408 3320
4 4118 4098 4117 4113
4 2159 2126 2165 2133
4 4669 4636 4666 4665
4 990 996 989 1001
4 4242 2770 2753 4240
4 3666 3662 3663 3659
4 199 570 191 574
4 4574 4571 4569 4567
4 3924 3922 3957 3921
4 2951 2945 2944 2946
4 1367 1300 1307 1364
4 682 89 658 690
4 293 281 292 329
4 2248 2309 2247 2190
4 4284 4292 4286 4285
4 1615 1705 1716 1624
4 1914 1905 1908 1910
4 2184 404 413 2174
4 519 518 515 517
4 612 610 605 600
4 217 212 218 209
4 2874 2830 2886 2854
4 3048 3203 3201 3191
4 253 262 263 214
4 3199 3198 3203 3193
4 964 959 940 963
4 2440 2453 2450 2443
4 2414 2421 2337 2416
4 215 218 208 205
4 1547 1551 1555 1675
4 3184 3165 3182 3178
4 4051 4047 4053 4058
4 802 805 808 819
4 3871 3751 3864 3874
4 2750 2752 2736 2756
4 801 479 485 803
4 2036 2023 2024 2026
4 795 477 127 845
4 1720 1708 1716 1710
4 1956 1859 1959 1882
4 1191 1182 1185 1192
4 3592 4150 3595 3573
4 843 794 850 825
4 269 279 275 277
4 4083 4068 4061 4077
4 580 578 576 568
4 3321 3393 3382 3408
4 2050 2182 2046 247
4 4129 4090 4094 4101
4 740 731 737 735
4 675 680 674 684
4 679 662 713 676
4 78 73 83 79
4 4274 4268 4271 4278
4 2513 3125 3110 2504
4 2975 2983 2971 2977
4 2280 4408 2274 4410
4 2613 2597 2594 2616
4 521 77 528 520
4 3873 3941 3875 3868
4 842 847 696 845
4 1207 1190 1439 1193
4 2334 2370 2346 2337
4 3434 3437 3433 3436
4 1077 1088 1019 1035
4 2343 2439 2427 2344
4 284 286 282 424
4 1938 1944 1940 1939
4 3252 3265 3258 3254
4 3046 3047 3042 3035
4 4303 4302 4296 4300
4 3924 3961 3957 3963
4 2347 2343 4600 2427
4 2202 2213 2204 2215
4 281 293 280 329
4 3900 3891 3908 3898
4 3221 3297 3216 3294
4 628 1220 814 1221
4 260 259 252 262
4 4605 4608 4600 2431
4 1383 1412 974 1415
4 2768 2785 2756 2749
4 4432 4416 4427 4425
4 4275 4336 4623 4263
4 2211 2269 2206 2199
4 93 88 86 84
4 797 829 757 828
4 681 860 864 865
4 1779 2121 2157 1752
4 939 1063 1059 927
4 3919 1670 1664 1672
4 1378 1385 1380 1387
4 2348 2382 2357 2360
4 2712 2714 2715 2697
4 4155 4158 4156 3595
4 1440 1403 1372 1362
4 4594 4576 4571 4585
4 180 182 177 188
4 1648 1649 1647 1655
4 809 1219 1216 1221
4 1088 1023 1022 1019
4 2467 3228 3233 2469
4 4373 4372 4375 4382
4 4548 4237 4247 2660
4 4003 4032 4039 4042
4 4279 4281 4271 4292
4 4103 4147 4109 4144
4 2873 2874 2886 2852
4 928 927 933 929
4 2499 2472 2485 2493
4 521 508 77 520
4 2355 2358 2351 2360
4 4207 4206 4200 4196
4 1402 1389 620 1399
4 1817 1818 1811 1819
4 4149 4210 4137 4218
4 2514 2507 2479 2589
4 2783 2782 2781 2778
4 4548 4601 4625 4616
4 1967 1973 1970 1977
4 3161 3177 3147 3173
4 3902 3901 3906 3898
4 381 2084 2090 2095
4 3649 3837 3648 3652
4 3760 3766 3764 3768
4 765 723 767 768
4 1600 1602 1596 1593
4 2131 2126 2133 2129
4 2326 1801 2327 1819
4 4161 4143 4156 4163
4 939 938 1063 929
4 827 829 832 828
4 605 608 599 632
4 1747 1317 1313 1329
4 2651 2716 2672 2667
4 4393 4384 2288 4389
4 2737 2728 2738 2740
4 3878 3742 3872 3864
4 1669 1646 1635 1660
4 584 691 696 686
4 4508 4510 4514 4506
4 1089 962 1084 1061
4 49 231 228 227
4 1977 1964 1968 1976
4 129 138 128 170
4 2280 4405 2279 2253
4 3760 3769 726 737
4 14 27 17 23
4 1765 1769 1750 1773
4 2526 2518 2524 2531
4 4412 2718 2652 2724
4 3075 3070 3080 3077
4 3870 3894 3879 3882
4 3714 3606 3609 3608
4 4305 4306 4304 4321
4 807 809 1216 820
4 4103 2725 343 2660
4 1776 1921 1957 1962
4 4392 4385 4395 4469
4 518 513 515 517
4 4034 4025 4017 4026
4 3886 3881 3867 3877
4 2973 2971 2976 2967
4 2315 2247 2279 4401
4 949 27 11 583
4 3426 3417 3416 3428
4 3246 3249 3244 3237
4 1006 875 1141 1144
4 2621 2633 2642 2678
4 410 2240 300 295
4 423 441 442 443
4 973 976 981 984
4 1553 1741 1542 1735
4 97 687 699 84
4 3695 3686 3696 3701
4 1609 1608 1616 1607
4 4625 4601 4623 4616
4 4540 4535 4656 4568
4 3198 3203 3204 3202
4 1108 1161 1155 1156
4 134 140 139 128
4 2026 1980 1979 2035
4 4318 4306 4299 4321
4 3979 3982 4082 4089
4 328 293 332 329
4 1207 1314 1201 1381
4 18 588 231 8
4 2506 2563 2562 2561
4 1585 1586 1493 1584
4 1558 1805 1783 1832
4 1146 902 1129 903
4 830 741 751 804
4 3919 349 347 1561
4 3297 3301 3298 3308
4 3625 3628 3634 3638
4 1085 1089 1091 1049
4 1629 1626 1624 1619
4 1563 1805 1571 1567
4 2542 2543 2532 2544
4 1413 1432 1405 1408
4 4037 3961 3981 3943
4 3492 3498 3504 3489
4 3124 3099 3115 3106
4 3327 3326 3332 3331
4 1432 982 1425 1414
4 582 1388 1386 1565
4 334 330 335 329
4 355 1563 2259 402
4 3188 3197 3176 3202
4 611 662 668 707
4 1404 1421 1439 1447
4 231 217 277 268
4 742 762 726 751
4 584 691 715 583
4 1082 1089 962 1084
4 1383 1410 1572 1376
4 4434 4438 2440 4437
4 1037 1042 1038 1141
4 3815 3954 3905 3946
4 3924 3877 3908 3886
4 2507 2486 2535 2476
4 390 397 388 389
4 3017 3011 3015 3020
4 1663 1496 1473 1523
4 1961 1951 1764 1962
4 3779 3783 3757 3787
4 207 212 242 241
4 3884 3881 3877 3879
4 3298 3296 3297 3307
4 450 3623 455 323
4 816 741 792 808
4 481 115 490 124
4 1173 1202 1167 1379
4 3919 3924 3963 3918
4 2910 2898 2921 2908
4 4205 4197 4200 4196
4 2023 1893 2012 2014
4 3692 3648 3684 3688
4 4287 4284 4286 4285
4 2028 1572 1966 1376
4 3814 3811 3815 3810
4 4197 4180 4245 4186
4 2905 2789 2894 2791
4 3213 3208 3211 3218
4 157 154 143 149
4 3270 3120 3125 3122
4 1707 1711 1712 1714
4 2197 2194 2200 2199
4 249 2152 1914 1905
4 3281 3324 3305 3333
4 117 125 119 123
4 2276 2315 2306 2309
4 2721 2720 2726 2712
4 1826 1814 1815 1812
4 2904 2908 2896 2901
4 3871 3878 3867 3874
4 2369 2343 2335 2337
4 3892 3890 3884 3888
4 1698 1704 1678 1692
4 1513 1526 1476 1517
4 1112 1111 1108 1118
4 306 308 304 298
4 2688 2681 2689 2694
4 3513 3526 3519 3524
4 1057 1124 1153 1151
4 2729 2789 2776 2753
4 355 410 403 402
4 1115 1110 1114 1118
4 2040 2049 142 2038
4 2675 2676 2754 2758
4 2322 2320 2316 2294
4 1863 1865 1860 1864
4 3580 3594 3592 3595
4 3673 3686 3701 3706
4 1947 2015 2011 2014
4 2322 2327 2325 2319
4 1777 1783 1789 1773
4 2964 2966 2955 2962
4 1502 1661 1504 1515
4 4001 1670 3911 4045
4 1734 1727 1728 1722
4 2637 2638 2643 2642
4 3147 3139 3150 3152
4 4623 4619 4647 4262
4 339 337 338 329
4 224 50 49 55
4 1808 1794 1792 1789
4 2574 2572 2561 2598
4 207 212 214 209
4 1573 1562 1565 1569
4 1907 1892 1886 1897
4 2725 354 343 348
4 313 321 315 324
4 407 411 399 412
4 154 170 175 162
4 3427 3389 3387 3426
4 134 139 155 132
4 664 661 659 657
4 1076 1068 1075 1071
4 2082 2095 382 2090
4 3751 3755 3747 3750
4 2068 2077 2079 2063
4 1292 1293 1288 1283
4 1290 1296 1284 1286
4 3781 3775 3784 3787
4 848 831 859 850
4 3931 3926 3936 3935
4 2716 2701 2711 2697
4 2846 2829 2840 2823
4 1305 1363 1342 1311
4 4044 4010 3984 4003
4 4613 4610 4612 4616
4 4400 4475 4466 4535
4 1689 1553 1542 1549
4 4348 4350 4341 4354
4 186 513 189 79
4 2538 2528 2518 2531
4 2902 2900 2894 2908
4 3537 3548 3544 3536
4 2578 2480 2580 2576
4 280 4130 4102 291
4 4537 4536 4538 4546
4 2452 2457 2415 2464
4 4252 4258 4261 4263
4 2013 2020 2008 2011
4 930 915 911 897
4 4001 1651 4005 1654
4 3263 3252 2552 2551
4 71 43 59 74
4 4105 4096 4092 4117
4 2164 2166 2159 2165
4 3116 3100 3111 2504
4 1300 1308 1302 1311
4 1013 1014 1011 1005
4 1719 1740 1739 1743
4 428 407 411 427
4 917 921 912 920
4 2343 2744 2753 2754
4 598 602 605 612
4 4187 4181 4180 4191
4 3773 3726 3786 3776
4 620 1402 618 613
4 2767 2772 2749 2773
4 2449 2465 2454 2442
4 912 917 924 911
4 2538 2518 2526 2531
4 966 968 969 960
4 1784 1793 1780 1772
4 2054 153 2059 378
4 3932 3931 3653 3935
4 302 2240 300 403
4 2078 2079 2076 2068
4 687 693 699 84
4 1520 1519 1512 1515
4 1034 1031 1075 1039
4 2172 2203 2216 2131
4 3123 3113 3118 3115
4 3692 3684 3706 3686
4 638 1220 812 1221
4 3434 3495 3494 3433
4 4485 4478 4551 4495
4 2364 2386 2373 2381
4 511 512 516 533
4 645 19 14 11
4 3714 3722 3720 3713
4 794 801 797 795
4 2259 2725 348 346
4 3762 3779 3770 3757
4 2203 2121 1777 2208
4 2326 1818 1819 1822
4 3850 3814 3815 3810
4 3342 3344 3323 3346
4 4080 4089 4084 4077
4 4169 4168 4172 4303
4 3830 3854 3831 3863
4 488 475 478 476
4 1060 1062 1048 1055
4 133 141 556 557
4 2827 2824 2820 2823
4 495 501 505 504
4 2788 2797 2774 2798
4 1050 1061 929 962
4 4113 2769 4096 4117
4 154 150 162 173
4 3139 3147 3154 3152
4 1687 1680 1683 1677
4 2505 2514 2535 2515
4 4183 4119 4221 4107
4 2987 2992 2990 3018
4 3541 3547 3542 3540
4 3017 3028 3049 3020
4 1973 1975 1967 1970
4 4107 4217 4219 4218
4 4323 4235 4321 4248
4 3339 3334 3335 3331
4 1431 1193 1377 1429
4 1821 1823 1834 1820
4 2744 2676 2461 2678
4 1836 1528 1833 1838
4 3529 3598 3588 3586
4 2887 2845 2886 2909
4 2477 2495 2480 2493
4 2966 2958 2955 2962
4 2409 2595 2566 2600
4 3005 3001 3010 2984
4 3525 4177 4339 4166
4 2233 2243 2251 2238
4 1488 1470 1485 1487
4 1040 255 1036 1046
4 184 222 360 2177
4 4586 4359 4595 4657
4 2559 2503 3261 3260
4 1266 1264 1258 1286
4 1934 1946 1943 1947
4 1449 1450 1462 1476
4 2989 3018 3020 3013
4 3754 3747 3756 3750
4 4010 4014 4007 4005
4 4475 4445 2675 4416
4 4220 4216 4217 4107
4 4627 4626 4636 4632
4 213 207 218 210
4 2245 2242 2241 2235
4 64 82 83 70
4 2172 1558 1805 1777
4 3185 3189 3179 3183
4 2063 2064 2052 2068
4 3786 3726 3724 3718
4 4264 2353 4259 2356
4 3696 3695 3694 3687
4 4102 4094 4095 4104
4 4318 4319 4321 4315
4 216 213 218 210
4 1277 1276 1269 1281
4 4636 4613 4519 4632
4 4633 4635 4622 4632
4 2078 2093 2073 2087
4 2869 2865 2876 2872
4 1585 2327 1821 1584
4 3771 3761 3757 3762
4 2989 3020 3012 3013
4 481 106 103 484
4 1786 1789 1780 1773
4 1922 1932 1944 1939
4 368 414 365 409
4 513 189 520 515
4 2941 2926 2936 2937
4 1509 1496 1513 1485
4 2958 2956 2963 2977
4 3578 3571 3564 3573
4 3119 3226 3062 3235
4 2050 247 235 242
4 1847 1841 1842 1843
4 2424 2339 2432 2436
4 2674 2653 2633 2621
4 2028 269 1903 1559
4 2094 2089 2083 2087
4 791 798 794 851
4 415 411 420 430
4 661 673 658 676
4 3035 3028 2986 3049
4 462 369 359 360
4 2059 2054 378 2174
4 1615 1663 1473 1620
4 2256 2250 2249 2253
4 3030 3191 3201 3195
4 1093 1122 1101 1048
4 3527 349 343 342
4 1522 1658 1647 1661
4 689 847 686 695
4 1725 1733 1732 1734
4 1034 1042 953 1038
4 609 611 603 644
4 1129 931 1125 1122
4 2398 2403 2406 2409
4 497 503 316 492
4 4225 4268 4244 4247
4 1943 1893 2014 1947
4 744 743 3599 737
4 3966 3962 3969 3963
4 2516 2500 2522 2504
4 3185 3197 3176 3188
4 1357 1403 1352 1353
4 1014 1017 979 1011
4 312 820 581 819
4 1063 1061 1048 929
4 292 405 333 403
4 3332 3208 3220 3214
4 2743 2869 2732 2867
4 895 1006 1001 937
4 1111 1116 1108 1118
4 3315 3309 3322 3346
4 4105 4125 4111 4114
4 2406 2398 2409 2404
4 1509 1513 1512 1497
4 3309 3373 3315 3322
4 2843 2839 2834 2844
4 2205 2211 1792 2206
4 2597 2591 2594 2593
4 1970 1971 1966 1968
4 203 199 191 574
4 3849 3824 3814 3822
4 2622 2626 2630 2633
4 1687 1841 1677 1679
4 3773 3694 3726 3776
4 2956 2963 2961 2960
4 1899 1947 2016 2011
4 1971 1999 2002 1976
4 1327 1326 1318 1315
4 1170 1179 1176 1194
4 829 835 832 831
4 2126 2165 2133 2171
4 2314 2307 2312 2310
4 239 163 242 210
4 3114 3109 3112 3099
4 1562 1197 1690 1572
4 3985 3539 3996 3992
4 1306 1448 1307 1439
4 3437 3439 3436 3440
4 1004 638 625 635
4 2762 4237 4245 4240
4 794 747 792 799
4 916 923 924 913
4 3526 3538 3550 3524
4 1960 1959 1943 1955
4 3437 3435 3442 3432
4 3922 3732 3598 3586
4 2746 4253 4623 4263
4 427 425 424 430
4 740 314 736 735
4 2796 2805 2803 2800
4 219 240 214 241
4 4420 4429 4427 4425
4 4041 4085 4061 4075
4 2451 2441 2440 2442
4 2411 2417 2414 2422
4 4592 4580 4582 4595
4 1775 1791 1780 1773
4 1053 1054 1055 1058
4 641 954 948 947
4 1763 1749 1751 1752
4 4541 4478 4495 4531
4 4433 4441 4443 4436
4 1528 1681 1555 1538
4 2036 1997 2002 1966
4 3929 3934 3940 3935
4 4305 4304 4298 4300
4 1273 1270 1287 1275
4 1630 1613 1626 1628
4 1277 1171 1178 1180
4 400 2239 389 2232
4 2512 2601 2400 2367
4 2111 2166 2113 2159
4 1937 1935 1936 1953
4 1835 1837 1840 1830
4 1507 1486 1509 1485
4 4416 4426 4460 4444
4 1188 1175 1179 1189
4 1513 1496 1502 1523
4 1991 2013 2018 1988
4 3100 3105 3111 2504
4 3186 3108 3175 3184
4 1883 1846 1845 1884
4 468 545 549 432
4 4113 2766 4098 2769
4 282 290 299 287
4 3861 3804 3810 3815
4 986 977 978 972
4 3924 3867 3877 3886
4 2505 2535 2533 2515
4 2713 2721 2726 2712
4 1792 2211 1807 2206
4 523 526 534 533
4 1892 1917 1886 1891
4 2961 2978 2972 2977
4 2676 2691 2685 3057
4 200 190 130 194
4 4596 4597 4599 4602
4 3488 3485 3483 3481
4 3107 3099 3100 3106
4 2699 4091 2723 2696
4 1370 1369 1361 1366
4 751 762 761 742
4 4610 4633 4622 4632
4 749 750 757 828
4 3750 733 737 808
4 2299 2293 2292 2289
4 3487 3483 3488 3479
4 1843 1847 1845 2025
4 1339 1341 1330 1331
4 810 815 792 808
4 1488 1591 1586 1493
4 1993 1991 1988 1986
4 2620 2612 2615 2587
4 511 522 527 533
4 1774 1768 1775 1767
4 1966 1997 1336 1855
4 3648 3647 3641 3649
4 1373 1385 1377 1429
4 52 51 177 55
4 1691 1696 1700 1694
4 4636 4612 4666 4665
4 4061 4085 4062 4075
4 384 375 378 376
4 4359 4363 4594 3553
4 2270 2309 2190 2263
4 4599 4619 4602 4623
4 2428 2438 2430 2439
4 1658 1522 1647 1656
4 3099 3100 3124 3091
4 3480 3486 3435 3477
4 4041 4061 4046 4075
4 4521 4532 4519 4533
4 3072 3074 3083 3080
4 201 154 170 175
4 2153 1903 1776 1905
4 2269 2267 2262 2260
4 860 681 864 837
4 4636 4540 4521 4519
4 2239 394 389 2232
4 484 526 528 520
4 1621 1626 1613 1628
4 1434 1441 1447 1443
4 4081 3808 3805 4088
4 354 348 345 342
4 3402 3410 3364 3382
4 3750 3910 733 808
4 1300 1304 1367 1307
4 1406 1423 1425 1432
4 1177 1168 1166 1170
4 3135 3072 3139 3183
4 1705 1748 1746 1675
4 103 56 484 99
4 208 166 206 164
4 2803 2797 2799 2798
4 545 542 549 432
4 1706 1705 1707 1714
4 2024 2012 2011 1988
4 2111 2160 2159 2157
4 997 961 995 944
4 622 624 619 626
4 3530 3522 3525 3521
4 2766 4113 2761 2769
4 1580 1586 1588 1574
4 1466 1478 1476 1475
4 691 584 715 686
4 3528 3527 4656 4247
4 3928 3938 3936 3933
4 3221 3207 3210 3216
4 1496 1591 1470 1488
4 4420 4426 4416 4444
4 1818 1825 1811 1822
4 1572 1388 1386 1381
4 220 233 228 229
4 207 219 214 241
4 1013 1004 625 1010
4 2440 4435 4437 4433
4 1268 1273 1276 1288
4 3062 3124 3060 3115
4 4366 4362 4662 4368
4 2731 2592 2729 2867
4 4334 4663 4668 4664
4 3196 3040 3193 3204
4 508 529 522 520
4 2728 2740 2736 2731
4 101 107 102 99
4 2052 2053 2055 2066
4 3633 3623 311 323
4 671 683 658 676
4 416 550 421 370
4 1194 1181 1189 1179
4 4254 4258 4262 4599
4 1591 1592 1473 1593
4 922 985 1001 893
4 4068 4071 4061 4075
4 4074 1289 1297 1285
4 3733 3727 3730 3734
4 1547 1591 1675 1564
4 1142 1146 1147 1136
4 723 778 787 768
4 2519 3105 3103 2522
4 1351 1359 1349 1347
4 1836 1538 1681 1528
4 1718 1717 1719 1708
4 1575 1547 1531 1587
4 522 529 526 520
4 486 103 477 104
4 31 28 37 8
4 159 168 169 163
4 4019 4018 4021 4024
4 2573 2470 2568 2589
4 4002 4000 4007 3991
4 1818 1817 1801 1819
4 1378 1374 1383 1380
4 906 921 903 907
4 2766 4091 4098 4097
4 2081 404 386 413
4 3780 3773 3784 3687
4 3139 3150 3143 3134
4 4332 4654 4653 4664
4 3241 3227 3217 3237
4 1650 1651 1654 1659
4 1409 1411 1406 1413
4 3907 3938 3908 3899
4 2240 2231 2237 298
4 2592 2731 2729 2649
4 3718 3735 3729 3734
4 3040 3146 3150 3134
4 1031 1039 1021 1035
4 3961 3944 4086 3915
4 3813 3816 4057 3806
4 3678 3680 3675 3673
4 2134 2132 2136 2133
4 4601 4625 4623 4615
4 2845 2837 2838 2909
4 1672 3919 1221 1386
4 1371 2006 1344 1359
4 1089 1049 1061 1091
4 979 1013 1011 978
4 4350 4352 4354 4355
4 863 844 867 859
4 2594 2603 2593 2591
4 992 1018 994 1005
4 1263 1208 1198 1259
4 1745 1740 1719 1743
4 1396 1398 1402 613
4 4578 4576 4571 4567
4 2991 2958 2984 2983
4 486 189 183 360
4 3717 3593 3590 3581
4 1409 974 981 1413
4 3793 3792 3799 3797
4 4393 4386 4394 4389
4 2646 3128 3067 3057
4 1433 1186 1431 1424
4 3460 3493 3501 3467
4 3685 3695 3696 3698
4 1410 1347 1354 1353
4 941 922 933 923
4 3147 3149 3154 3152
4 4119 4110 4111 4117
4 1843 1844 1855 1867
4 2655 2654 2661 2652
4 2336 2335 2337 2333
4 457 469 498 468
4 1763 1766 1758 1770
4 3830 3827 3828 3832
4 4641 4668 4629 4669
4 4252 4283 4292 4260
4 3792 3800 3798 3809
4 1522 1524 1661 1647
4 4275 4328 4650 4659
4 4118 4112 4113 4117
4 1649 1668 1648 1660
4 1363 1305 1342 1368
4 2726 294 2722 299
4 1602 1592 1591 1596
4 3446 3431 3452 3455
4 3781 3784 3773 3787
4 4254 4265 4256 4262
4 4336 4328 4275 4659
4 3116 2516 3096 2522
4 3832 3830 3853 3854
4 279 267 274 277
4 1563 2311 1567 1561
4 4013 1500 1561 1569
4 448 440 455 454
4 4029 3887 4025 4022
4 2102 386 2232 413
4 4225 4282 4285 4320
4 4577 4574 4571 4569
4 2290 2295 2300 2301
4 2918 2920 2922 2916
4 2630 2626 2623 2625
4 767 761 751 776
4 607 612 611 600
4 893 887 885 896
4 3802 3793 3792 3799
4 4034 4033 4040 4027
4 3405 3414 3407 3428
4 3795 3792 3797 3803
4 3802 3789 3801 3792
4 269 275 214 185
4 4527 4529 4522 4532
4 3801 3789 3798 3792
4 3972 3977 3984 3971
4 4543 4453 4455 4446
4 1559 2033 1855 1867
4 4131 338 326 4133
4 3950 3960 3945 3955
4 3817 3810 3823 3803
4 1510 1508 1504 1503
4 4308 4304 4321 4300
4 1244 4071 4064 1251
4 2690 2686 2687 2685
4 311 497 316 493
4 4330 4338 4329 4325
4 770 775 758 761
4 311 3636 3633 324
4 3269 3274 3271 3275
4 1821 2327 1834 1819
4 876 878 871 880
4 4148 3612 4136 4138
4 1248 4064 4068 4047
4 1651 4003 1652 4001
4 1238 1226 1236 1235
4 2311 4400 1495 349
4 3897 3813 3906 3901
4 2506 2550 2557 2562
4 3640 3837 3929 3649
4 2527 2534 2526 2648
4 2503 2510 2506 2509
4 4060 1241 4054 4048
4 1364 1404 1439 1447
4 1875 1558 1832 1878
4 999 952 1000 642
4 3792 3801 3808 3809
4 3816 3813 3812 3806
4 4185 4241 4246 4238
4 3798 3801 3792 3809
4 711 584 596 585
4 1739 1743 1735 1714
4 3980 3978 3976 3983
4 1571 2033 1559 1867
4 1746 1551 1744 1735
4 526 524 475 523
4 2378 2391 2810 2381
4 2709 2698 2702 2697
4 1536 1826 1578 1575
4 2572 2604 2566 2600
4 4288 4227 4228 4234
4 2141 2146 2155 2167
4 3401 3407 3408 3404
4 2673 2658 2621 2651
4 1403 1440 1447 1362
4 4454 4475 4416 4444
4 269 1903 1559 2178
4 1601 1454 1461 1453
4 3813 3812 3806 4049
4 701 702 715 716
4 3692 3693 3698 3690
4 658 713 676 716
4 1602 1543 1600 1596
4 1147 870 881 1136
4 1835 1832 1782 1830
4 1875 1778 1882 1772
4 1615 1727 1206 1728
4 1287 1251 1284 1253
4 2747 2716 2701 2711
4 1241 4060 1248 4047
4 1009 984 1011 978
4 14 15 33 23
4 3357 3363 3354 3368
4 4217 4215 4219 4211
4 669 656 649 648
4 1632 1623 1609 1621
4 2429 2437 2432 2427
4 2650 2490 2521 2648
4 4602 4617 4614 4615
4 3215 3207 3216 3218
4 2475 2483 2514 2479
4 4221 4215 4219 4217
4 2099 2104 2096 2107
4 1326 1328 1190 1314
4 2028 1900 1140 1981
4 833 830 777 828
4 269 2050 212 214
4 3728 3646 3649 3645
4 217 275 214 209
4 2191 2188 2185 2196
4 3517 3518 3526 3966
4 1535 1537 1538 1539
4 305 299 308 304
4 373 378 363 376
4 1669 1635 1616 1660
4 1769 1766 1763 1770
4 3100 3087 3126 3091
4 4082 4081 4072 4061
4 4551 4566 4531 4522
4 3560 4588 3562 3563
4 947 0 1 957
4 3818 3823 3810 3825
4 3786 3773 3784 3787
4 692 858 866 684
4 579 577 558 552
4 756 746 759 752
4 3561 3560 3563 3556
4 1601 1461 1452 1453
4 3562 3561 3563 3558
4 4013 4492 349 1500
4 4641 4631 4649 4634
4 2769 4096 2723 2771
4 926 928 939 927
4 679 712 705 713
4 873 1142 882 869
4 3179 3108 3109 3184
4 2251 2257 2253 4414
4 2248 2313 2315 2309
4 607 611 603 600
4 714 689 686 695
4 3307 3266 3244 3216
4 4112 4110 4119 4117
4 696 104 105 699
4 647 653 648 654
4 3071 3189 3179 3185
4 704 705 689 684
4 3538 3546 3550 3563
4 4374 4369 4397 4382
4 177 54 49 55
4 1748 1737 1743 1727
4 4237 4197 4245 343
4 4316 4338 4325 4337
4 2172 2153 2121 2126
4 4205 4200 4193 4196
4 14 18 27 23
4 4081 4083 4080 4052
4 4303 4204 4194 4298
4 1887 1895 1888 1898
4 1237 1231 1232 1227
4 460 453 505 494
4 1025 1031 1021 1022
4 3909 3907 3899 3896
4 700 696 689 699
4 544 568 527 534
4 3816 4081 3805 4080
4 3544 3535 3537 3539
4 4063 4075 4021 4070
4 1626 1630 1624 1621
4 1236 1228 1232 1243
4 1626 1627 1625 1620
4 3809 3808 3813 3816
4 3588 3513 3517 3506
4 1133 1148 1127 1132
4 1736 1747 1694 1329
4 3251 2458 3233 2468
4 4431 4448 4449 4451
4 4050 4056 4053 4059
4 4030 4066 4062 4075
4 2516 2512 3261 2504
4 1605 1608 1609 1607
4 754 746 747 752
4 4143 4161 4145 4163
4 4520 4536 4537 4546
4 958 1050 938 929
4 873 901 903 880
4 754 736 803 747
4 1026 1021 1023 1029
4 1232 1236 1250 1231
4 219 204 207 214
4 2181 2168 2167 2165
4 1323 1724 1725 1315
4 3801 3808 3809 3816
4 3565 3576 3574 3573
4 481 490 487 478
4 1661 4015 4005 1504
4 1682 1689 1683 1542
4 4237 4103 4108 343
4 4537 4538 4545 4546
4 1825 1814 1829 1820
4 2327 2324 2325 2319
4 4659 4337 4656 4247
4 3528 4308 4323 4311
4 2482 2578 2579 2576
4 1050 1063 938 929
4 4485 4500 4493 4490
4 4569 4550 4561 4567
4 532 530 534 549
4 1346 1356 1354 1353
4 3638 3628 3634 3567
4 4235 4231 4232 4225
4 4633 4611 4610 4622
4 620 622 618 626
4 46 44 42 53
4 3139 3177 3155 3173
4 1236 1232 1250 1243
4 3267 3221 3273 3216
4 2366 2606 2830 2833
4 2601 2600 2602 2561
4 2234 2657 2238 304
4 1234 1244 1248 1240
4 1271 1270 1269 1275
4 1997 1843 1336 1855
4 4441 4440 4427 4444
4 2787 2786 2777 2778
4 802 754 747 794
4 1236 1232 1237 1231
4 4268 4323 4225 4285
4 2409 2601 2506 2562
4 1844 1843 2025 1867
4 3290 3305 3291 3289
4 4101 4128 4092 4121
4 1818 1816 1825 1822
4 3267 3273 3266 3216
4 2184 2080 2107 413
4 1742 1738 1730 1744
4 1236 1250 1231 1247
4 404 2081 386 412
4 2757 2768 2756 2745
4 406 407 401 412
4 4412 2670 2675 2667
4 1609 1676 1616 1660
4 1228 1236 1232 1237
4 1233 1234 1229 1244
4 1236 4048 4047 4053
4 1944 1936 1952 1937
4 386 2081 2086 412
4 401 407 387 412
4 4533 4537 4541 4546
4 752 747 751 734
4 1790 1781 1788 1780
4 3719 3600 3590 3721
4 371 383 357 412
4 321 319 316 315
4 3623 3633 3620 315
4 1234 1236 1226 1247
4 1226 1236 1231 1247
4 4303 4194 4301 4298
4 4530 4570 4521 4572
4 3527 4548 4535 4656
4 2988 3042 2986 3046
4 1551 1546 1735 1675
4 4548 4540 4535 4656
4 3740 3931 3927 3649
4 4593 4589 4578 4571
4 4368 4329 4661 4667
4 2601 2409 2506 2400
4 4576 4566 4571 4569
4 1734 1723 1727 1729
4 2203 2216 2131 2220
4 1240 1244 1251 1253
4 1959 1957 1955 1962
4 2233 2243 2245 2251
4 3087 3098 3096 3126
4 2628 2637 3067 2633
4 70 60 56 59
4 3170 3194 3163 3199
4 4638 4658 4590 4657
4 633 627 640 636
4 189 514 524 526
4 174 184 183 187
4 156 2065 2053 2061
4 4445 4438 2675 2684
4 64 63 65 59
4 1238 1236 4053 1235
4 2904 2734 2907 2895
4 4582 4359 4594 4595
4 2855 2857 2873 2852
4 1245 1249 1284 1253
4 2135 2131 2129 2097
4 1588 1577 1583 1582
4 1589 1583 1581 1596
4 1247 1245 1253 1250
4 266 220 228 229
4 4225 4236 4248 4244
4 4668 4641 4654 4669
4 2140 2148 2167 2139
4 1042 969 1086 1075
4 2413 2421 2422 2416
4 4553 3987 3991 3993
4 1837 1829 1840 1830
4 3710 3708 3711 3701
4 683 671 673 676
4 1549 1553 1542 1546
4 4636 4668 4657 4669
4 2216 2226 2097 2220
4 942 995 944 1000
4 3539 3950 3947 3536
4 2824 2611 2617 2614
4 749 750 758 757
4 405 404 408 402
4 2168 2155 2167 2158
4 4549 4544 4453 4538
4 3354 3364 3368 3382
4 1298 1410 1572 1381
4 2461 2744 2411 2754
4 1784 1881 1771 1878
4 3582 3589 3595 4178
4 582 1388 592 594
4 4334 4358 4663 4368
4 1534 1852 1851 1850
4 2182 2148 2167 2066
4 2161 2156 2159 2158
4 4253 2746 4601 4600
4 4521 4566 4551 4522
4 1771 1775 1780 1772
4 4362 4662 4368 4657
4 3072 3135 3139 3083
4 2640 2525 2516 2648
4 2313 2270 2268 2263
4 2166 2156 2164 2158
4 4359 4362 4368 4657
4 1566 1585 1493 2328
4 1317 1319 1321 1329
4 2067 2073 2129 2069
4 3829 3828 3832 3831
4 3277 3258 3243 3275
4 4088 3951 3946 3953
4 4303 4168 4298 4301
4 4021 4043 4017 4018
4 326 4103 3611 4131
4 4246 2762 4180 4245
4 4623 4253 4607 4262
4 1977 879 1982 881
4 4420 4416 4427 4444
4 3035 3032 3029 3038
4 2708 2701 2625 2672
4 3999 3980 3981 3986
4 4662 4590 4658 4657
4 282 285 290 287
4 3638 3634 3602 3601
4 4629 4668 4636 4669
4 1480 1470 1474 1478
4 3600 3598 3572 3634
4 305 337 4095 346
4 1678 1338 1686 1339
4 2569 2575 2548 2404
4 1315 1316 1314 1328
4 2315 2283 2281 2279
4 1809 1799 1789 1782
4 1724 1729 1734 1722
4 3977 4044 4036 4010
4 2792 2795 2784 2804
4 1511 1523 1517 1515
4 3937 3938 3929 3935
4 1358 1350 1345 1353
4 3631 3585 4150 352
4 1490 1493 1584 2325
4 1681 1552 1555 1538
4 637 591 631 587
4 1977 1968 1983 1979
4 3330 3307 3310 3333
4 3056 3082 3061 3070
4 2258 2251 2252 2237
4 2704 2698 2701 2708
4 2036 2028 1572 1966
4 2061 153 2053 156
4 1388 1004 1012 1376
4 4467 4473 4472 4471
4 2140 2145 2142 2144
4 3528 3522 3521 4339
4 1716 1748 1743 1714
4 3971 4000 3974 3972
4 2613 2619 2617 2618
4 2124 2135 2129 2097
4 4497 4011 4006 4499
4 4516 4501 4513 4517
4 3998 3999 3989 3992
4 1472 1622 1630 1624
4 696 593 104 699
4 1298 1335 1342 1336
4 3593 3723 3719 3717
4 2698 2708 2702 2697
4 4180 4238 4186 4184
4 4413 2671 4407 2665
4 626 636 617 614
4 276 256 263 265
4 2514 2507 2516 2509
4 1199 1200 1210 1203
4 1526 1514 1525 1513
4 161 200 170 197
4 1385 1402 1390 1401
4 2805 2898 2894 2796
4 380 374 385 376
4 1653 1658 1650 1659
4 1153 1057 1151 1155
4 212 247 242 241
4 809 1216 820 1221
4 337 305 291 287
4 2668 2679 2677 2670
4 1372 1403 1357 1353
4 1220 628 1374 638
4 2842 2836 2840 2844
4 3973 3978 3976 3980
4 2418 2417 2414 2468
4 3982 3973 3976 3975
4 347 1386 1561 1565
4 3584 3594 3580 3595
4 3054 3142 3040 3134
4 4087 4053 4054 4048
4 1784 1793 1785 1782
4 217 275 277 268
4 283 289 332 292
4 3978 3973 3976 3982
4 2123 2116 2119 2120
4 588 949 11 583
4 766 772 767 768
4 1625 1622 1619 1627
4 2938 2952 2951 2946
4 3041 3047 3053 3042
4 1590 1604 1597 1593
4 1815 1814 1825 1812
4 3648 3843 3649 3651
4 75 77 484 528
4 2765 4187 2762 4106
4 2377 2376 2375 2364
4 1206 1204 1722 1201
4 212 218 210 172
4 1801 1805 2327 1819
4 4197 4237 4108 343
4 3999 3997 3989 3992
4 4088 3982 3953 4076
4 4065 4038 4041 4046
4 4014 4016 4001 4003
4 857 678 858 866
4 931 874 927 1122
4 1840 1785 1835 1782
4 3702 3678 3673 3701
4 830 828 755 751
4 1795 1799 1802 1782
4 3784 3781 3773 3780
4 1033 1040 1044 1037
4 838 806 805 840
4 4113 4108 4117 4115
4 3798 3801 3809 3816
4 3798 3812 3816 3809
4 1139 1143 1147 1981
4 1542 1682 1552 1681
4 1681 1682 1683 1542
4 3944 3958 3968 3965
4 1060 1049 1056 1055
4 820 595 581 819
4 1290 1249 1284 1296
4 2779 2780 2390 2776
4 2598 2597 2602 2608
4 2699 2755 2711 2745
4 1165 1092 1121 1155
4 3880 3895 3884 3894
4 923 924 917 911
4 4057 4049 4059 4056
4 3798 3806 3812 3800
4 3813 3809 3816 3812
4 1745 1738 1742 1744
4 3074 3073 3083 3080
4 282 286 285 287
4 613 1008 1014 1013
4 1428 1431 1373 1429
4 3806 3798 3812 3816
4 4037 3981 3911 4003
4 4057 3813 3806 4049
4 3813 4057 4050 4049
4 386 410 2232 413
4 1590 1598 1604 1593
4 3981 4007 4001 4003
4 4007 3981 3984 4003
4 1600 1597 1604 1593
4 544 539 546 549
4 1881 1784 1839 1878
4 4021 4066 4030 4075
4 4257 4252 4263 4262
4 1409 1432 1414 1413
4 1363 1347 1353 1366
4 4459 4454 4455 4446
4 2992 2988 2987 2990
4 1681 1688 1844 1336
4 2856 2851 2860 2870
4 1635 1668 1616 1660
4 176 188 177 175
4 2364 2377 2363 2381
4 2389 2364 2363 2381
4 188 182 177 175
4 4053 1238 4059 4051
4 1238 4053 4058 4051
4 1739 1740 1741 1735
4 828 758 755 751
4 3607 320 3598 3629
4 2991 2982 2992 2988
4 2292 2293 2300 2297
4 3137 3151 3146 3143
4 1199 1618 1607 1614
4 2875 2869 2743 2872
4 4276 4277 4272 4271
4 4505 4486 4515 4472
4 4395 4403 4397 4381
4 1771 1881 1880 1878
4 1681 1562 1528 1564
4 1951 1959 1955 1962
4 1014 979 613 1013
4 4067 4058 4055 4051
4 4 18 37 0
4 767 773 761 776
4 546 538 551 359
4 596 691 949 583
4 2670 4412 2665 2667
4 2239 2236 2242 2232
4 2365 2371 2374 2375
4 3274 3272 3278 3275
4 176 161 175 197
4 2701 2633 2708 2625
4 3311 3310 3312 3323
4 4657 4661 4665 4667
4 1099 1092 1103 1118
4 3193 3198 3204 3202
4 3322 3310 3346 3309
4 1665 1631 1623 1620
4 2023 2012 2024 2026
4 1688 1685 1334 1686
4 3823 3818 3810 3817
4 1746 1551 1735 1675
4 4310 4174 4343 4177
4 274 267 272 277
4 1832 1840 1828 1830
4 2324 2329 2327 2325
4 33 36 14 23
4 2585 2584 2589 2576
4 2238 302 2237 298
4 3117 3071 3099 3070
4 2623 2626 2633 2625
4 4122 4129 4104 4133
4 1575 1529 1554 1577
4 1177 1168 1207 1205
4 1087 1074 1086 1075
4 2481 2472 2479 2476
4 1061 1077 1086 1091
4 2480 2481 2479 2482
4 3688 3684 3776 3641
4 928 930 931 927
4 4668 4663 4669 4664
4 4406 4402 4383 4410
4 956 942 944 947
4 2519 2523 2520 2517
4 101 66 102 107
4 4276 4279 4274 4271
4 4495 4551 4531 4522
4 3512 3511 3518 3515
4 1230 1244 4071 4064
4 3866 3941 3743 3868
4 1414 1409 974 981
4 4276 4279 4273 4274
4 806 637 812 587
4 2330 1481 1490 1493
4 4423 4429 4419 4425
4 2204 2206 2200 2215
4 4071 4072 4067 4068
4 1188 1181 1194 1185
4 1811 1825 1823 1819
4 4132 4131 4103 4133
4 4329 4354 4661 4337
4 168 166 171 164
4 1486 1509 2321 1495
4 1956 1872 1862 1882
4 4384 4400 4403 4466
4 1268 1293 1288 1292
4 4613 4612 4540 4616
4 16 18 37 23
4 1723 1737 1708 1727
4 2809 2846 2833 2823
4 3166 3172 3171 3173
4 1395 1391 1399 1394
4 2036 2023 2030 2025
4 4048 1243 4047 1241
4 682 676 684 690
4 2944 2938 2951 2946
4 1827 1820 1814 1836
4 4646 4645 4651 4650
4 2535 2545 2540 2478
4 1398 1402 613 1393
4 617 623 622 614
4 842 696 590 845
4 689 681 864 684
4 3990 3541 3542 3540
4 892 884 883 889
4 3527 3985 3522 4656
4 388 390 389 399
4 1869 1883 1845 1884
4 4206 4203 4193 4196
4 1566 1570 1573 1569
4 4374 4375 4369 4382
4 763 771 761 776
4 3937 3651 3927 3649
4 4426 4442 4460 4444
4 4403 4400 4475 4466
4 2623 2627 2625 2629
4 16 588 18 583
4 4267 4280 4274 4278
4 2193 2197 2198 2196
4 1465 1466 1462 1476
4 2592 2480 2488 2487
4 2693 2682 2689 2685
4 1980 2018 2035 2026
4 715 701 714 695
4 2359 2353 4266 2347
4 3532 3552 3525 3526
4 357 409 366 364
4 2182 2142 1905 2139
4 1244 1230 1251 4064
4 305 287 333 403
4 3684 3676 3776 3641
4 1061 927 1048 929
4 4440 4426 4420 4444
4 2913 2899 2910 2916
4 3120 3206 3119 3235
4 378 2054 563 2174
4 249 260 262 261
4 3337 3334 3330 3332
4 3688 3648 3684 3641
4 3654 3661 3644 3641
4 570 191 181 194
4 4280 4327 4274 4325
4 3759 3714 3758 3724
4 1204 1674 1207 1381
4 3871 3878 3910 3867
4 3570 3610 3613 3622
4 697 692 704 695
4 689 700 714 686
4 644 642 643 655
4 4066 4022 4029 4021
4 4074 4066 4029 4021
4 3922 3755 3743 3914
4 4476 4545 4478 4480
4 591 701 589 584
4 3887 3894 3889 3885
4 2231 2244 295 2232
4 930 934 931 927
4 4486 4487 4515 4472
4 3658 3665 3648 3641
4 4005 4007 3984 4003
4 2273 2265 2264 2268
4 1101 1125 927 1122
4 336 3623 327 3614
4 1152 1131 1151 1149
4 629 640 639 636
4 3750 807 808 817
4 3999 3974 3997 3994
4 327 334 335 329
4 269 275 1900 1917
4 3768 3788 3786 3774
4 246 243 239 242
4 105 113 103 127
4 3576 3572 3592 3573
4 3828 3830 3831 3821
4 266 220 272 228
4 3161 3196 3147 3193
4 2584 2610 2612 2587
4 3954 3850 3815 3905
4 63 69 43 59
4 2309 2313 2268 2263
4 4494 1508 4504 4503
4 3249 3328 3238 3244
4 2188 2191 2260 2196
4 498 495 504 500
4 4475 4463 4535 4534
4 4440 4420 4427 4444
4 4563 4556 4551 4567
4 1859 1960 1959 1861
4 260 1914 261 249
4 313 322 3627 315
4 2503 3256 3261 3262
4 3895 4079 3891 4084
4 4083 4081 4080 4077
4 1168 1166 1170 1176
4 4514 4508 4506 4391
4 868 888 883 877
4 2415 2443 4600 2431
4 3279 3277 3266 3275
4 915 930 911 924
4 3903 3807 3896 3904
4 2391 2380 2363 2381
4 589 591 584 587
4 445 459 443 431
4 996 992 995 994
4 3516 3583 3506 3586
4 4590 4581 4595 4587
4 152 157 145 143
4 3777 3788 3784 3779
4 3952 3958 3959 3968
4 2424 2425 2460 2436
4 1987 1137 1143 1147
4 1220 1374 1380 1221
4 351 354 345 344
4 3527 4548 4656 4247
4 4007 3995 3994 3988
4 1008 991 994 1010
4 1320 1323 1204 1315
4 708 691 715 716
4 4192 4112 4119 4115
4 3672 3671 3675 3682
4 4078 4030 4079 3895
4 3138 3141 3133 3139
4 4308 4177 4300 4343
4 4000 3987 3994 3991
4 2755 2707 2747 2730
4 3756 3753 3768 3747
4 525 471 465 523
4 1404 1384 1193 1429
4 1608 1616 1607 1267
4 2407 2397 2409 2600
4 4029 3889 4025 3887
4 2407 2603 2397 2600
4 3087 3088 3098 3126
4 1470 1496 1513 1523
4 340 331 350 344
4 4214 4212 4208 4219
4 4265 4258 4252 4262
4 1633 1636 1644 1639
4 4281 4279 4285 4278
4 1551 1683 1692 1542
4 1776 1778 1770 1962
4 300 302 308 298
4 1148 1142 1146 1147
4 1339 1697 1330 1686
4 1421 1404 1193 1429
4 4461 4457 4543 4446
4 2633 2647 2642 2678
4 503 501 485 492
4 582 486 222 360
4 496 493 506 492
4 2297 2321 2320 2316
4 1421 1422 1424 1438
4 2606 2594 2613 2602
4 1177 1168 1170 1173
4 921 918 919 901
4 3702 3686 3776 3687
4 4251 4229 4246 4248
4 1518 1462 1476 1517
4 922 917 923 913
4 530 532 534 531
4 906 907 903 905
4 3117 3124 3099 3115
4 3099 3100 3106 3111
4 2021 2009 2015 2014
4 1594 1583 1589 1596
4 3 266 8 229
4 3631 4150 4136 352
4 2283 2277 2309 2190
4 875 1965 870 872
4 3174 3185 3179 3183
4 2101 2108 2225 2226
4 3913 3941 3927 3928
4 628 814 812 1221
4 2568 2581 2585 2589
4 4400 2725 343 348
4 1605 1261 1607 1617
4 1757 2208 2215 1755
4 1466 1625 1475 1465
4 4012 4010 4000 3972
4 3147 3139 3155 3173
4 3620 3631 4136 352
4 981 1009 889 886
4 3781 3775 3780 3784
4 177 171 49 179
4 4621 4631 4610 4649
4 777 786 779 828
4 1021 1031 1035 1023
4 1148 1143 1142 1147
4 2796 2894 2800 2804
4 4192 4187 4112 4115
4 2414 2343 2337 2344
4 1466 1622 1627 1629
4 2789 2784 2798 2804
4 2507 2480 2479 2589
4 2668 2681 2679 2666
4 2442 2451 2469 2464
4 1471 1470 1480 1467
4 3147 3177 3176 3183
4 2266 2187 2190 2263
4 981 1409 1413 1418
4 2680 4434 4438 2451
4 1364 1404 1447 1362
4 269 222 268 2177
4 3585 3631 3627 352
4 775 773 769 767
4 1927 1919 1921 1930
4 311 3633 323 324
4 814 820 812 1221
4 3071 3117 3066 3070
4 1720 1710 1705 1624
4 3082 3066 3061 3070
4 2713 290 4095 299
4 3300 3292 3289 3295
4 1171 1180 1168 1176
4 2127 2113 2133 2120
4 2214 2210 2204 2200
4 3158 3172 3166 3173
4 1178 1188 1170 1174
4 4225 4228 4236 4244
4 2248 2255 2198 2190
4 305 2726 299 304
4 3492 3500 3498 3489
4 3081 3078 3073 3070
4 1432 982 1414 1405
4 1632 1625 1620 1626
4 3305 3296 3298 3307
4 2203 2197 2198 2209
4 2569 2548 2562 2404
4 1 954 641 947
4 1404 1307 1364 1439
4 1244 4063 4071 1251
4 3583 3587 3593 3586
4 4197 4158 4157 4196
4 1494 1490 1483 1487
4 1831 1539 1681 1836
4 2917 2885 2884 2890
4 2147 2152 1905 2139
4 2050 154 242 149
4 652 949 947 650
4 3974 4000 3997 3994
4 1246 1245 1284 1253
4 259 1909 1904 261
4 3925 3732 3736 3737
4 1192 1188 1187 1185
4 126 125 127 119
4 2674 2673 2621 2678
4 4145 4139 4147 4138
4 744 3598 3737 3609
4 545 530 532 549
4 3974 3981 3984 3994
4 4461 4473 4469 4466
4 588 596 583 592
4 4656 4548 4616 4247
4 3363 3368 3378 3374
4 2318 2308 2264 2305
4 595 812 587 805
4 459 451 456 432
4 569 579 576 577
4 1249 1266 1284 1296
4 2606 2366 2830 2613
4 3081 3082 3056 3070
4 2939 2941 2946 2940
4 1668 1674 1616 1660
4 4349 4338 4351 4353
4 2322 2313 2305 2310
4 848 859 844 850
4 3665 3656 3684 3659
4 2033 2028 2036 2024
4 2169 2178 2174 2179
4 2126 2165 2171 2066
4 4337 4338 4329 4351
4 4013 4001 349 3988
4 2724 2702 2708 2697
4 295 400 389 2232
4 3047 3196 3204 3040
4 1439 1421 1193 1438
4 2064 2058 2060 2052
4 2628 2674 2653 2633
4 3118 3120 3115 3122
4 1299 1206 1201 1197
4 4136 3620 352 4144
4 42 224 49 55
4 3378 3368 3370 3371
4 2333 2338 2336 2335
4 1143 1137 1142 1147
4 222 269 1559 2177
4 1204 1210 1734 1315
4 3708 3704 3701 3710
4 51 52 50 55
4 4480 4478 4463 4545
4 184 222 183 360
4 1900 1892 1917 261
4 1844 1833 1855 1867
4 2023 2033 1868 2025
4 3381 3340 3376 3344
4 1232 1228 1237 1225
4 1293 1228 1232 1225
4 1917 1907 1886 1910
4 4657 4668 4663 4669
4 973 890 885 976
4 2764 2768 2757 2767
4 1330 1338 1686 1334
4 2123 2112 2116 2120
4 2630 2627 2659 2625
4 2470 2502 2514 2571
4 503 497 501 492
4 539 545 439 432
4 956 953 942 947
4 3997 4000 3987 3994
4 4426 4415 4424 4417
4 2803 2765 2797 2774
4 1777 1789 1761 1773
4 233 221 220 228
4 2152 1914 2139 1908
4 2859 2873 2851 2857
4 1228 1287 1232 1243
4 1228 1293 1232 1295
4 404 357 2086 412
4 1180 1168 1176 1272
4 3498 3500 3493 3473
4 2449 2448 3228 2469
4 1298 1342 1330 1336
4 2737 2740 2647 2730
4 212 173 185 179
4 994 995 1005 1007
4 3101 3104 3110 3111
4 1 953 954 957
4 4572 4566 4576 4567
4 596 691 708 644
4 411 410 399 412
4 2874 2606 2825 2830
4 1635 1668 1640 1634
4 3527 3528 343 4247
4 641 950 646 643
4 2256 2280 2247 2279
4 3676 3648 3776 3641
4 3564 3571 3565 3573
4 812 595 635 594
4 931 1129 903 869
4 810 818 808 819
4 2799 2795 2793 2804
4 2792 2802 2793 2804
4 488 490 478 464
4 2197 2204 2200 2209
4 2373 2595 2367 2375
4 701 715 714 716
4 490 488 466 464
4 1153 874 1141 1144
4 224 223 227 226
4 3648 3688 3776 3641
4 2674 2643 3057 2678
4 1297 4064 1251 1242
4 275 217 214 179
4 1832 1805 1809 1823
4 2182 2054 2050 2046
4 1625 1521 1511 1619
4 1224 4025 1212 4028
4 3511 3517 3519 3506
4 1228 1287 1295 1232
4 4411 2677 4404 2670
4 3587 3580 3592 3581
4 1523 1631 1619 1647
4 3061 3066 3060 3070
4 1576 2329 2327 1822
4 4063 4071 4064 4068
4 1174 1170 1173 1185
4 1211 1380 1213 1221
4 1184 1186 1187 1185
4 1754 1770 1962 1930
4 309 295 308 298
4 879 1992 1977 1982
4 3228 3227 3233 3229
4 4275 4336 4650 4623
4 3742 3878 3872 3755
4 331 289 417 292
4 1941 2021 2014 1934
4 1748 1615 1708 1727
4 3677 3681 3674 3684
4 468 498 506 475
4 2062 2060 2052 2053
4 3671 3683 3676 3684
4 1608 1674 1616 1267
4 159 171 175 162
4 822 848 821 846
4 4095 2726 2725 2723
4 1412 1383 1012 1376
4 588 18 31 48
4 4020 4025 1638 3918
4 1563 347 1565 2179
4 1552 1542 1681 1555
4 960 1076 1072 969
4 1610 1618 1728 1605
4 4106 2761 2769 2772
4 4317 4282 4235 4320
4 1626 1627 1620 1619
4 3596 3598 3609 3604
4 954 1034 1071 969
4 1964 1971 1968 1976
4 802 312 581 819
4 931 901 909 911
4 1280 1281 1269 1274
4 1268 1277 1276 1275
4 1813 1528 1568 1587
4 2052 2054 2053 2066
4 3977 3972 3984 4010
4 655 667 646 644
4 2632 2706 2647 2624
4 1303 1312 1311 1310
4 970 958 962 968
4 486 482 492 476
4 2851 2859 2860 2870
4 4370 4421 4374 4428
4 3755 3922 3737 3750
4 1762 1755 1761 2208
4 1553 1689 1542 1699
4 700 658 690 716
4 189 184 183 360
4 446 462 506 360
4 1859 1956 1959 1955
4 562 524 359 360
4 749 797 829 757
4 384 374 375 376
4 2212 2228 2220 2115
4 4668 4634 4629 4636
4 507 576 574 516
4 3059 3065 2693 3068
4 779 781 827 828
4 4188 4189 4186 4184
4 2833 2390 2776 2381
4 2130 2071 2219 2097
4 4437 4441 4427 4444
4 138 131 135 128
4 949 691 644 650
4 377 373 378 554
4 1630 1613 1621 1626
4 2963 2961 2972 2977
4 4079 4080 3898 4077
4 1508 1501 4504 4503
4 1246 1258 1282 1284
4 3274 3279 3266 3275
4 2694 2670 2684 2686
4 4429 4423 4427 4425
4 4167 4168 4178 4166
4 2486 2507 2535 2648
4 4487 4509 4505 4515
4 2203 2270 2216 2198
4 164 206 218 172
4 1124 1129 1122 1127
4 4242 4245 4244 4247
4 974 1405 1373 1415
4 1382 1374 638 1221
4 1513 1523 1512 1517
4 1952 1944 1957 1932
4 853 681 674 866
4 1876 1961 1764 1882
4 1961 1876 1956 1882
4 43 46 39 53
4 1619 1627 1622 1629
4 4541 4533 4546 4531
4 3611 4103 4135 4131
4 380 373 361 376
4 68 88 102 84
4 4657 4595 4665 4656
4 1847 1852 1841 1848
4 3492 3494 3495 3491
4 1210 1204 1734 1203
4 2403 2395 2402 2409
4 325 454 447 455
4 1960 1950 1958 1955
4 2881 2906 2825 2743
4 3175 3177 3179 3183
4 2045 2042 2046 2142
4 1474 1480 1466 1472
4 943 969 946 951
4 1471 1470 1474 1480
4 111 108 98 99
4 32 6 28 227
4 1594 1596 1603 1593
4 3393 3354 3364 3355
4 799 825 755 804
4 3738 3922 3517 3586
4 1674 1382 1213 1381
4 1133 1148 1146 1136
4 585 592 635 594
4 4337 4323 4311 4247
4 2503 2559 3262 3260
4 1467 1470 1480 1479
4 3117 3099 3060 3070
4 779 827 777 828
4 522 526 523 533
4 3529 3513 3964 3963
4 682 681 685 690
4 2684 4432 4419 4425
4 1827 1831 1839 1828
4 3026 3029 3032 3038
4 800 125 791 795
4 1589 1490 1494 1488
4 4527 4522 4533 4532
4 3408 3410 3320 3323
4 3555 3552 3554 3523
4 2399 2395 2409 2400
4 3484 3483 3488 3475
4 3876 3870 3879 3869
4 11 947 652 949
4 3317 3311 3320 3323
4 2501 2567 2506 2571
4 2400 2372 2401 2416
4 1919 1929 1926 1927
4 1508 4008 1504 1500
4 2628 2634 2637 2633
4 267 588 957 0
4 2858 2866 2870 2876
4 1903 2182 2153 2178
4 4375 4379 4374 4369
4 1880 1771 1878 1772
4 1595 1460 1451 1599
4 2507 2592 2480 2589
4 397 393 296 411
4 4328 4337 4274 4327
4 506 502 498 504
4 229 32 233 223
4 954 953 969 956
4 2480 2495 2488 2493
4 3722 3716 3724 3713
4 3517 3513 3526 3519
4 459 446 506 456
4 1893 1943 1936 1947
4 3352 3349 3348 3344
4 956 953 965 944
4 3528 4337 4311 4247
4 2585 2581 2584 2576
4 4225 4229 4248 4236
4 1551 1547 1546 1675
4 2581 2474 2579 2576
4 3523 3555 3525 3554
4 4195 4297 4307 4304
4 4194 4204 4205 4298
4 3184 3176 3182 3177
4 2626 2634 2628 2633
4 762 732 742 726
4 4004 4499 4493 4490
4 4614 4606 4601 4625
4 3485 3488 3483 3475
4 2881 2880 2873 2886
4 2415 2451 2442 2464
4 3441 3444 3437 3455
4 1471 1452 1453 1468
4 1581 1580 1586 1588
4 940 964 963 937
4 2724 2717 2718 2657
4 178 51 45 55
4 4363 4359 4355 3553
4 3938 3936 3933 3935
4 473 545 465 468
4 843 837 859 849
4 789 779 787 828
4 1832 1805 1823 1834
4 2726 2718 2725 2724
4 3172 3092 3090 3155
4 4412 4400 4401 2725
4 498 465 467 468
4 1799 1800 1804 1809
4 305 2726 4095 299
4 4614 4603 4606 4604
4 1452 1453 1468 1601
4 2042 2045 2151 2142
4 3458 3450 3459 3451
4 1893 2014 1947 2011
4 4261 4242 4236 4244
4 3234 2461 3233 2469
4 2808 2816 2809 2817
4 490 466 487 464
4 882 868 880 877
4 1779 1777 1761 1773
4 1911 1906 1901 1886
4 4606 4614 4601 4597
4 2234 2657 2662 2238
4 4586 4362 4359 4657
4 1294 1209 1278 1257
4 1101 910 927 909
4 3217 3273 3244 3237
4 596 1004 585 592
4 2258 2257 2251 2245
4 221 266 272 276
4 902 908 1135 1129
4 1004 1006 1010 1007
4 924 915 912 911
4 1008 991 1018 994
4 212 269 214 185
4 2186 2214 2197 2200
4 4392 4385 4398 4396
4 4103 354 4144 343
4 1212 1214 1642 1644
4 3959 3852 3850 3905
4 1801 2326 2327 2319
4 2223 2222 2216 2220
4 137 155 132 372
4 972 973 976 981
4 2088 2090 2080 2055
4 2542 2528 2538 2531
4 3583 3514 3506 3586
4 2308 1810 1803 1801
4 332 289 331 292
4 1527 1536 1529 1540
4 1527 1536 1533 1529
4 1223 1212 1214 1642
4 2045 2143 2142 2148
4 1688 1298 1330 1336
4 859 843 849 850
4 1106 1093 1103 1095
4 2846 2838 2840 2844
4 1167 1195 1172 1377
4 164 217 49 179
4 1739 1741 1706 1735
4 4085 4080 4061 4077
4 2376 2364 2393 2386
4 4187 4192 4191 4180
4 2184 2172 2169 2174
4 1382 1672 1221 1386
4 4421 4418 4424 4417
4 152 2043 2038 2049
4 2671 2663 2658 2673
4 3257 3273 3243 3275
4 2276 2303 2306 2284
4 2424 2435 2430 2436
4 2123 2113 2127 2120
4 4548 4237 4242 4247
4 2471 2868 2876 2473
4 562 514 574 516
4 1758 2157 1770 1930
4 4643 4655 4648 4649
4 1027 1108 1155 1156
4 1363 1364 1368 1366
4 1666 1551 1690 1746
4 2051 2039 2044 2148
4 943 956 951 955
4 2406 2558 2547 2404
4 1649 1668 1657 1648
4 796 798 795 851
4 983 976 890 981
4 1585 1586 1584 1574
4 1791 1788 1793 1780
4 3738 3737 3734 3732
4 3195 3191 3201 3204
4 507 514 195 516
4 3564 3565 4156 3573
4 3121 3088 3124 3126
4 1214 1635 1634 1671
4 1473 1663 1523 1647
4 2138 2141 2162 2139
4 3377 3383 3381 3374
4 2729 2744 2740 2756
4 3514 3517 3506 3586
4 3099 3114 3108 3106
4 2264 2304 2305 2268
4 418 424 417 292
4 1633 1642 1635 1634
4 2740 2744 2639 2647
4 1306 1307 1314 1439
4 138 145 129 143
4 2869 2473 2580 2876
4 2894 2796 2791 2804
4 2738 2498 2737 2639
4 1914 2152 1913 1908
4 2647 2744 2642 2678
4 1961 1764 1882 1962
4 2905 2887 2886 2909
4 2077 2052 2069 2170
4 802 312 735 316
4 1341 1338 1330 1334
4 2182 2046 2142 2148
4 326 354 338 344
4 4566 4495 4531 4568
4 52 182 171 177
4 1459 1463 1451 1489
4 2124 2130 2128 2131
4 2335 2390 2386 2360
4 2130 2228 2128 2131
4 3967 3923 3959 3968
4 2172 2270 2248 2216
4 1919 1923 1918 1930
4 171 175 173 179
4 178 176 174 187
4 2847 2846 2791 2777
4 282 296 411 300
4 2592 2606 2612 2602
4 2146 2150 2181 2167
4 1610 1710 1612 1611
4 4132 4135 4124 4120
4 4613 4622 4519 4632
4 2064 2060 2063 2052
4 2691 2681 2668 2673
4 3163 3160 3194 3167
4 557 133 570 136
4 4498 4516 4511 1505
4 2546 2410 2551 2557
4 3629 3625 3634 3607
4 1330 1688 1334 1686
4 3241 3240 3251 3248
4 4545 4528 4522 4546
4 1186 1195 1193 1192
4 1292 1276 1286 1288
4 1599 1589 1603 1595
4 2377 2371 2366 2373
4 1817 1797 1796 1801
4 981 986 984 978
4 2551 2411 2417 3261
4 3529 3598 3585 3588
4 4343 4354 4309 4351
4 3381 3348 3344 3352
4 3652 3640 3837 3847
4 974 1383 1393 1012
4 3931 3650 3929 3649
4 4143 4142 3569 4156
4 4207 4219 4206 4151
4 1959 1875 1882 1861
4 1562 1681 1551 1564
4 1769 1768 1767 1773
4 4080 4085 4089 4077
4 4104 4096 4092 4097
4 1741 1695 1703 1744
4 4387 4399 4395 4397
4 2159 2153 2126 2133
4 153 136 132 372
4 3513 3517 3526 3966
4 4113 4106 4108 4115
4 339 291 329 287
4 1676 1669 1616 1660
4 943 969 956 946
4 3530 3580 3592 3595
4 2036 2030 2026 1968
4 854 844 859 849
4 1408 1403 1447 1362
4 3692 3684 3665 3706
4 1625 1466 1622 1627
4 4020 4026 4027 1643
4 1470 1476 1523 1517
4 18 14 37 23
4 2383 2393 2386 2384
4 2217 2219 2226 2220
4 708 691 711 715
4 46 30 39 53
4 338 354 351 344
4 4160 4152 4156 4163
4 3388 3398 3389 3393
4 3761 3757 3770 3772
4 3448 3438 3445 3436
4 2850 2831 2605 2854
4 3651 3645 3740 3649
4 973 987 985 984
4 777 827 826 828
4 2948 3132 3146 2946
4 4043 4017 4046 4065
4 2347 2350 2427 2351
4 2582 2856 2605 2858
4 2343 2354 4253 4600
4 2353 4266 2350 2356
4 1771 1784 1878 1772
4 3402 3418 3407 3428
4 821 824 825 804
4 2790 2788 2782 2784
4 2492 2498 2489 2487
4 3629 3630 320 3598
4 2262 1809 1803 1800
4 1254 1606 1262 1616
4 4034 4037 4039 4035
4 3423 3429 3420 3426
4 1294 1278 1269 1265
4 4668 4657 4663 4658
4 3093 3095 3096 3100
4 1893 1888 2011 1898
4 859 854 849 858
4 1209 1166 1278 1259
4 2645 2638 2637 2642
4 275 217 265 209
4 1649 1648 1647 1660
4 3711 3695 3701 3678
4 314 317 735 316
4 3598 3596 3607 3604
4 995 961 965 944
4 2635 2737 2641 2639
4 1799 1800 1809 1808
4 2060 2058 2051 2052
4 20 16 67 23
4 2633 2747 2647 2678
4 1294 1271 1269 1278
4 4479 4562 4552 4485
4 2674 2691 2668 2673
4 3437 3439 3441 3436
4 2548 2575 2547 2404
4 3402 3364 3388 3393
4 1663 1666 1675 1569
4 249 262 1905 261
4 2186 2195 2193 2198
4 1694 1197 1690 1703
4 4609 2434 2347 2431
4 221 215 226 233
4 4372 4373 2274 4410
4 1706 1591 1675 1547
4 3957 3967 3968 3921
4 3196 3205 3204 3193
4 1710 1621 1613 1612
4 4310 4169 4174 4177
4 561 557 555 554
4 3096 3116 2522 3100
4 4207 4197 4157 4196
4 3854 3856 3851 3863
4 706 707 708 713
4 224 42 49 53
4 3753 3771 3757 3779
4 419 423 418 422
4 712 703 705 713
4 2729 2789 2825 2833
4 3910 3750 733 744
4 311 316 319 493
4 4377 4417 4465 4381
4 3517 3956 3966 3963
4 2142 2182 2148 2139
4 2461 2462 3233 2469
4 2385 2335 2386 2384
4 4009 4499 4004 4006
4 4158 3530 3595 4178
4 2462 2458 3233 2469
4 2545 2535 2541 2476
4 763 773 774 776
4 2159 2164 2165 2158
4 3291 3283 3289 3284
4 3815 3811 3805 3810
4 662 712 679 713
4 1 1038 953 957
4 700 89 658 691
4 1900 1892 1894 1891
4 2553 2554 2551 2557
4 2725 4400 343 2660
4 1777 1776 1778 1779
4 2036 2033 2025 1855
4 588 1006 957 592
4 3751 3872 3874 3755
4 2317 2296 2310 2294
4 2260 2188 2196 2199
4 2002 2036 1966 1968
4 174 178 54 177
4 4526 4639 4519 4632
4 2331 2332 2323 2325
4 3499 3501 3467 3387
4 2496 2490 2492 2486
4 1143 1148 1139 1147
4 863 856 859 831
4 4482 4477 4481 4478
4 4523 4566 4521 4567
4 562 514 191 574
4 4145 4157 4218 4109
4 1298 1688 1690 1336
4 2510 2511 2503 2506
4 732 774 726 776
4 3499 3467 3427 3387
4 1335 1410 1966 1336
4 3576 3577 3572 3573
4 3123 3118 3120 3115
4 4488 4501 4490 4496
4 1250 1232 1249 1253
4 1674 1668 1635 1671
4 1357 1350 1369 1353
4 279 269 275 1900
4 4377 4380 4415 4417
4 1793 1775 1791 1780
4 2466 2461 3261 3122
4 3398 3384 3389 3393
4 792 751 804 734
4 1110 1107 1114 1058
4 4526 4549 4537 4524
4 1606 1617 1609 1616
4 1868 1875 1959 1861
4 3468 3427 3467 3387
4 3410 3306 3341 3323
4 1654 1648 1662 1659
4 3507 3519 3580 3506
4 1037 274 272 1046
4 1694 1299 1722 1329
4 4498 1499 1501 4491
4 4588 3553 3563 3534
4 2958 2957 2955 2962
4 2549 2547 2557 2556
4 368 543 560 564
4 4002 4010 4011 4009
4 312 319 347 310
4 3919 582 347 310
4 2246 4405 4413 4408
4 3527 3529 3513 3524
4 4010 4004 4007 4014
4 3919 733 819 310
4 3483 3443 3485 3497
4 4253 2746 4623 4607
4 4029 4021 1215 1644
4 869 870 880 877
4 1133 902 1135 1129
4 871 869 880 877
4 570 133 128 136
4 3634 3632 3636 3633
4 1928 1925 1931 1927
4 133 141 557 570
4 2114 2213 2208 2204
4 2162 2141 2167 2139
4 1214 1213 1635 1671
4 4103 4121 4092 4109
4 378 381 2090 376
4 489 118 483 485
4 71 47 43 54
4 2438 2455 2443 2431
4 4343 4308 4311 4309
4 487 463 478 464
4 3172 3090 3164 3086
4 595 805 581 819
4 2077 2070 2180 2069
4 3251 3242 3243 3237
4 4190 4183 4213 4222
4 1737 1719 1716 1743
4 1845 1844 2025 1867
4 3848 3849 3850 3863
4 4637 4636 4521 4632
4 4438 2676 2451 2754
4 2270 2313 2309 2263
4 2670 2669 2675 2667
4 521 536 529 528
4 2950 3137 3151 3146
4 3474 3423 3468 3415
4 3123 3117 3099 3115
4 4445 4601 2754 4433
4 1605 1613 1617 1609
4 181 186 195 187
4 2659 2704 2708 2702
4 4453 4457 4446 4544
4 1061 874 927 929
4 3309 3321 3322 3319
4 223 225 229 226
4 1346 1350 1352 1353
4 1197 1694 1206 1703
4 3092 3094 3086 3077
4 3631 3620 3627 352
4 2255 2195 2254 2198
4 3121 3081 3070 3077
4 2059 2126 2066 2169
4 431 462 369 370
4 2723 2712 2697 2696
4 1807 2211 2269 2206
4 2164 2168 2165 2158
4 3259 3257 3258 3260
4 3727 3740 3737 3734
4 4103 4108 4157 4109
4 4586 4662 4362 4657
4 4202 4198 4203 4193
4 1663 1649 1502 1647
4 537 522 534 533
4 164 208 49 226
4 1404 1307 1384 1381
4 2204 2197 2206 2203
4 1688 1679 1844 1843
4 3324 3328 3337 3333
4 1926 1920 2160 2157
4 2194 2214 2186 2200
4 3937 3929 3936 3935
4 986 987 973 981
4 1724 1324 1722 1315
4 3570 4136 3622 3567
4 4162 3589 4167 4178
4 3838 3804 3861 3815
4 3313 3311 3320 3317
4 4548 4336 4616 4247
4 4167 3589 3582 4178
4 1186 1193 1424 1192
4 4459 4449 4451 4454
4 3669 3666 3667 3659
4 200 128 170 197
4 4249 4238 4186 4248
4 477 104 105 845
4 3372 3355 3393 3358
4 2197 2204 2206 2200
4 3266 3267 3216 3295
4 2700 2703 2730 2705
4 16 20 18 23
4 2617 2611 2613 2614
4 2193 2189 2198 2255
4 2588 2584 2579 2576
4 3079 3075 3155 3083
4 3129 3139 3147 3176
4 561 562 574 552
4 1888 2024 2011 1988
4 3633 3627 315 324
4 4149 4154 4212 4163
4 1721 1694 1722 1329
4 3730 3733 3719 3586
4 1222 1218 1214 1213
4 502 499 500 504
4 1681 1836 1528 1833
4 1239 1245 1246 1253
4 3361 3355 3359 3362
4 1402 1385 1393 1401
4 615 624 616 626
4 4510 1486 4506 4511
4 1825 1811 1823 1820
4 3737 3586 3738 3719
4 2676 2643 2642 2678
4 995 996 1001 965
4 4013 1496 1502 1504
4 1018 1008 994 1005
4 15 19 22 17
4 4631 4634 4610 4649
4 4030 3895 3891 4084
4 4461 4467 4463 4543
4 2797 2765 2762 2774
4 2166 2164 2159 2158
4 4233 4223 4226 4234
4 4197 4207 4200 4196
4 918 899 901 921
4 2559 2551 2506 2557
4 4229 4233 4248 4236
4 3040 3196 3193 3202
4 2089 2094 2093 2087
4 2114 2119 2204 2120
4 2309 2313 2305 2268
4 2049 2040 2053 2038
4 1088 1086 1074 1064
4 1151 1164 1163 1149
4 749 750 770 758
4 2444 2426 4609 2431
4 3193 3147 3198 3150
4 368 369 370 364
4 2300 4512 4506 4390
4 949 596 643 644
4 4501 4516 4513 4498
4 3324 3330 3337 3339
4 870 868 877 872
4 694 688 841 847
4 3437 3439 3440 3444
4 1856 2031 2034 2022
4 3500 3498 3493 3503
4 1919 1929 1927 1921
4 3452 3458 3456 3451
4 3725 3714 3713 3609
4 3885 3881 3891 3888
4 4401 4412 2725 2259
4 4252 4258 4263 4262
4 1580 1583 1582 1588
4 2961 2963 2972 2955
4 824 830 833 828
4 2592 2507 2480 2487
4 2424 2432 2435 2436
4 4458 4468 4460 4461
4 3529 3527 352 342
4 282 294 305 299
4 3785 3786 3757 3787
4 3149 3144 3146 3150
4 1693 1313 1299 1329
4 451 449 459 456
4 3264 3263 2423 3254
4 2498 2484 2639 2487
4 1082 968 960 1086
4 3032 3027 3033 3039
4 199 130 190 194
4 2369 2411 2400 2367
4 129 136 153 144
4 4344 4345 4354 4351
4 129 143 149 144
4 3909 3890 3888 3883
4 1071 1034 1042 969
4 263 254 265 251
4 244 245 235 242
4 2225 2226 2232 2241
4 4032 4003 4039 4040
4 275 1900 262 263
4 667 649 648 670
4 3807 3903 3896 3804
4 2620 2480 2612 2576
4 218 215 208 209
4 1636 1639 1640 1643
4 2761 2768 2769 2772
4 265 204 214 209
4 4078 4030 4066 4084
4 3823 3820 3794 3831
4 3859 3858 3860 3863
4 4448 4618 4625 4604
4 276 278 272 265
4 745 748 746 752
4 3740 3676 3776 3729
4 4150 3530 4157 343
4 379 375 2059 378
4 508 511 515 533
4 786 777 787 828
4 2186 2221 2198 2209
4 707 668 708 659
4 3234 3233 3235 3222
4 1230 1244 1248 1233
4 3755 3751 3747 3874
4 1656 1667 1631 1647
4 238 240 248 237
4 3048 3049 3028 3038
4 1778 1959 1882 1962
4 1229 4047 1230 4058
4 2042 2151 2145 2142
4 2717 2659 2724 2719
4 475 526 523 478
4 4016 4009 4014 4005
4 4438 2683 2684 4419
4 1509 2321 1500 1485
4 4529 4530 4522 4532
4 3929 3931 3649 3935
4 505 496 506 504
4 2691 2669 2685 2694
4 4661 4359 4355 4367
4 1092 1099 1121 1118
4 2907 2729 2825 2743
4 4066 4069 4078 4084
4 262 275 263 214
4 966 956 965 944
4 848 836 831 822
4 2808 2829 2809 2828
4 3956 3922 3957 3963
4 2450 2447 2440 2443
4 2022 1849 2032 2025
4 3884 3881 3888 3883
4 2205 2211 2206 2215
4 2283 2315 2247 2279
4 2423 2418 2417 2422
4 493 497 316 492
4 3337 3328 3307 3333
4 4030 4066 4084 4062
4 2752 2751 2756 2745
4 1351 1969 1978 1971
4 313 3636 311 324
4 4509 4505 4515 4514
4 4080 4081 4061 4077
4 3501 3385 3387 3391
4 2949 2950 2946 3146
4 1766 1774 1754 1770
4 770 758 767 761
4 4403 4395 4465 4381
4 30 31 39 53
4 4356 4329 4353 4367
4 1763 1758 1749 1770
4 4215 4211 4206 4222
4 4142 3569 4156 3579
4 4064 1242 1241 1251
4 3775 3783 3784 3787
4 373 362 361 363
4 888 1348 1354 872
4 4087 4078 4069 4077
4 1238 1236 4047 4053
4 4594 4595 4657 4656
4 1571 1562 1573 1568
4 4570 4556 4567 4564
4 323 3633 315 324
4 1422 1196 1187 1424
4 2601 2506 2562 2561
4 4509 4507 4518 4514
4 176 186 181 187
4 3483 3487 3488 3481
4 2607 2831 2605 2850
4 3355 3356 3354 3364
4 4013 1496 1504 1500
4 3443 3431 3445 3436
4 3207 3211 3210 3217
4 3482 3498 3473 3489
4 3950 3942 3943 3955
4 762 726 751 776
4 3361 3437 3436 3433
4 4416 4475 4460 4465
4 1760 1758 2157 1770
4 2563 2564 2562 2561
4 3330 3327 3331 3310
4 4204 4297 4195 4298
4 616 622 620 626
4 3900 3908 3899 3898
4 1473 1470 1476 1523
4 2448 2446 2441 2451
4 4589 3540 4571 3534
4 1466 1480 1478 1472
4 3914 3743 3868 3874
4 46 42 40 53
4 2841 2842 2846 2844
4 4051 4047 4058 4055
4 1382 1380 1384 1387
4 4480 4489 4478 4476
4 1061 1084 1086 962
4 3886 4086 4025 4023
4 1739 1712 1719 1714
4 501 495 485 504
4 3427 3388 3499 3387
4 789 750 829 828
4 2054 2182 144 2177
4 1131 1124 1149 1132
4 4325 4274 4337 4327
4 1006 1009 895 1001
4 1710 1612 1624 1621
4 3074 3070 3073 3080
4 2267 2260 2271 2263
4 378 377 554 372
4 1706 1553 1546 1735
4 756 747 752 734
4 62 65 66 59
4 2769 2772 2771 2773
4 1581 1490 1488 1586
4 40 30 46 53
4 3165 3199 3161 3182
4 3452 3453 3450 3451
4 203 193 507 195
4 1255 1259 1267 1265
4 1236 1234 1238 1248
4 4455 4543 4446 4534
4 748 753 746 752
4 1615 1612 1624 1708
4 4447 4449 4451 4459
4 2054 2061 2059 379
4 4329 4330 4327 4335
4 823 836 825 828
4 2057 2056 2053 2055
4 2471 2876 2586 2580
4 3081 3084 3077 3079
4 4206 4209 4203 4151
4 3889 4025 3887 3886
4 515 508 533 520
4 1879 1862 1880 1861
4 3919 3529 310 342
4 611 598 707 609
4 4329 4368 4330 4664
4 2769 2770 2772 2773
4 1939 1916 1906 1932
4 2880 2888 2890 2885
4 2946 2942 2938 2940
4 2258 2245 2251 2237
4 4261 4336 4242 4263
4 1232 1293 1284 1288
4 3754 3747 3751 3756
4 3633 3636 3627 324
4 3500 3473 3489 3469
4 2976 2973 2967 2930
4 3442 3433 3434 3437
4 4594 4588 4571 3534
4 4412 2716 2725 2724
4 4611 4621 4610 4620
4 2516 3116 2643 2504
4 3444 3435 3437 3432
4 4626 4627 4633 4632
4 2984 2989 3005 2990
4 2438 2425 2430 2439
4 3249 3329 3328 3220
4 2380 2378 2384 2391
4 148 2049 152 142
4 2326 1818 1801 1819
4 4007 3995 3989 3994
4 678 692 866 684
4 3067 3127 2691 3057
4 4556 4564 4559 4561
4 1124 1151 1149 1132
4 2819 2833 2777 2778
4 4634 4626 4633 4632
4 4081 4083 4061 4077
4 2030 2035 2026 1979
4 2859 2860 2870 2852
4 45 44 54 55
4 2785 2770 2774 4240
4 4384 2311 2315 4401
4 4143 4139 4163 4138
4 810 809 818 819
4 2514 2601 2506 2512
4 672 710 704 684
4 4322 4313 4316 4311
4 570 181 201 197
4 4447 4624 4625 4618
4 674 679 684 680
4 354 352 343 342
4 4249 4232 4243 4248
4 4428 4418 4417 4425
4 1724 1726 1722 1721
4 4624 4639 4622 4635
4 4057 4050 4056 4052
4 3716 3726 3722 3724
4 1030 1025 1027 1019
4 1499 4502 1498 4504
4 4150 3631 4136 3579
4 3139 3151 3143 3152
4 3099 3112 3170 3109
4 1491 1464 1484 1451
4 1341 1331 1344 1342
4 1578 1826 1580 1574
4 3398 3491 3388 3391
4 4143 4139 4156 4163
4 2860 2853 2861 2852
4 2780 4226 2776 2781
4 4079 3902 3888 3898
4 1715 1711 1705 1716
4 4511 4510 4508 4506
4 1470 1473 1476 1478
4 870 869 881 1136
4 1625 1620 1631 1665
4 3431 3361 3455 3436
4 3226 3063 3119 3062
4 178 176 189 74
4 3835 3845 3834 3863
4 1491 1489 1451 1487
4 1578 1588 1575 1574
4 1715 1718 1711 1716
4 1720 1716 1715 1705
4 2121 2153 2159 2133
4 163 210 172 173
4 4095 337 2725 346
4 1454 1595 1451 1603
4 1597 1594 1603 1593
4 192 193 203 195
4 3076 3084 3083 3077
4 2345 2385 2333 2335
4 2539 2490 2534 2486
4 20 104 699 84
4 973 896 984 985
4 4643 4641 4649 4653
4 951 966 945 944
4 557 562 561 555
4 3529 3527 3530 352
4 4638 4627 4636 4637
4 2607 2582 2850 2605
4 1299 1693 1694 1690
4 658 700 691 716
4 1496 2321 1500 1569
4 2203 2216 2220 2209
4 1756 1762 1761 1752
4 1763 1751 1779 1752
4 3807 3809 3804 3810
4 2860 2859 2862 2852
4 1615 1473 1748 1716
4 4606 2447 2443 4433
4 1197 1674 1206 1201
4 2737 2739 2730 2635
4 1830 1817 1802 1837
4 4103 4095 2725 2723
4 658 691 708 716
4 4408 4406 4410 4409
4 4635 4611 4622 4624
4 1673 1632 1623 1609
4 359 562 360 555
4 1777 1805 2206 1809
4 169 159 162 173
4 3686 3695 3696 3687
4 54 174 268 48
4 1537 1836 1539 1831
4 2674 2691 2676 3057
4 3560 4588 3563 3534
4 3321 3408 3313 3399
4 4460 4415 4417 4465
4 2153 2162 2159 2158
4 1527 1552 1532 1545
4 4274 4325 4337 4269
4 14 36 37 23
4 3502 3491 3492 3495
4 1148 1139 1147 1136
4 2611 2830 2613 2614
4 708 609 711 644
4 3495 3491 3494 3433
4 1236 1250 1247 1243
4 3147 3150 3176 3202
4 2091 396 2098 2106
4 2511 2550 2559 2506
4 1685 1679 1688 1334
4 3474 3429 3423 3415
4 1815 1576 1580 1574
4 1851 1852 1846 1853
4 1380 1382 1213 1221
4 1895 1896 1887 1891
4 453 458 457 456
4 689 705 690 684
4 1674 1609 1616 1660
4 3270 3278 3272 3275
4 2056 2057 2088 2055
4 1154 1138 1145 1149
4 3725 3605 3609 3721
4 223 32 40 227
4 1610 1709 1612 1708
4 3421 3415 3468 3387
4 4581 4590 4595 4630
4 1419 1433 1431 1424
4 3545 3960 3950 3955
4 4594 4576 4595 4568
4 2126 2153 2066 2169
4 114 116 122 124
4 257 250 261 251
4 2296 2293 2294 2317
4 1578 1580 1588 1574
4 4268 4336 4244 4247
4 2743 2874 2872 2867
4 859 854 858 866
4 3925 3912 3917 3920
4 1879 1885 1880 1884
4 2153 1558 1776 2178
4 86 67 23 84
4 4638 4668 4657 4628
4 4258 4607 4255 4253
4 4233 2783 2782 2781
4 1126 1128 1103 1124
4 2678 2673 2672 2667
4 3277 3268 3279 3266
4 1596 1591 1547 1588
4 1384 1385 1373 1387
4 3584 3582 3594 3595
4 593 486 477 183
4 1161 1157 1156 1158
4 613 1402 614 621
4 1003 1016 1011 1005
4 3916 3912 3933 3920
4 4580 4587 4595 4592
4 3782 3781 3773 3787
4 2907 2789 2756 2800
4 1498 1499 1508 1497
4 3944 3900 4086 3915
4 387 407 391 412
4 360 582 347 2179
4 638 1004 625 621
4 2079 2070 2069 2072
4 2599 2394 2604 2566
4 1042 1034 953 969
4 1558 2172 1805 1563
4 875 895 883 877
4 4505 4486 4487 4515
4 3794 3826 3862 3831
4 4613 4610 4622 4632
4 1914 1905 2139 1908
4 3502 3492 3504 3497
4 805 842 586 590
4 953 1006 942 957
4 2789 2833 2776 2778
4 404 358 402 2174
4 245 150 157 149
4 1198 1208 1205 1203
4 2869 2488 2732 2867
4 2091 2100 2084 2092
4 3443 3483 3485 3480
4 3480 3485 3486 3477
4 1256 1258 1264 1260
4 1779 1751 1761 1752
4 3435 3440 3437 3480
4 283 332 288 292
4 4225 4268 4228 4263
4 3281 3292 3282 3295
4 4337 4323 4274 4278
4 3606 3608 3602 3607
4 1591 1602 1547 1556
4 3520 3532 3525 3526
4 3316 3396 3408 3386
4 1646 1637 1669 1635
4 278 1040 274 1046
4 3480 3483 3485 3477
4 568 527 534 533
4 1668 1663 1666 1647
4 3435 3444 3437 3440
4 4132 4135 4120 4145
4 1993 1992 1986 1983
4 1131 1145 1148 1149
4 3442 3434 3497 3443
4 579 561 574 552
4 2459 2460 2425 2436
4 2997 2999 3002 3000
4 199 141 570 574
4 2323 2307 2331 2310
4 1363 1300 1307 1311
4 3375 3383 3379 3376
4 140 133 139 128
4 744 3597 3596 3609
4 4639 4627 4521 4632
4 1103 1152 1124 1155
4 644 648 659 668
4 4317 4323 4321 4320
4 2410 2551 2400 2422
4 1217 3910 807 1216
4 4085 4086 4089 4084
4 1970 1977 1982 881
4 381 382 376 374
4 2963 2964 2965 2958
4 580 569 573 574
4 747 760 752 757
4 3430 3440 3436 3439
4 3486 3442 3485 3480
4 1442 1444 1438 1434
4 27 653 654 650
4 4601 4445 4451 4606
4 3478 3473 3462 3489
4 3570 4136 3567 3579
4 4387 4399 4397 4382
4 3365 3357 3363 3354
4 4597 4599 4602 4607
4 358 366 360 555
4 1676 1623 1667 1609
4 3381 3377 3374 3378
4 3468 3415 3426 3387
4 3941 3934 3930 3938
4 4308 3528 4323 4247
4 3962 3960 3969 3965
4 951 945 955 944
4 3979 3982 4089 3983
4 3201 3026 3038 3030
4 1164 279 1140 1141
4 1448 1364 1439 1447
4 3577 3566 3572 3567
4 3234 3232 3229 3236
4 43 54 53 48
4 595 592 582 593
4 3721 3725 3719 3609
4 507 195 517 516
4 2330 2329 2331 2325
4 3442 3496 3502 3495
4 4610 4612 4649 4632
4 218 217 208 164
4 377 133 136 372
4 60 70 56 484
4 3437 3480 3443 3442
4 1390 1400 1430 1373
4 2226 2219 2097 2220
4 556 377 136 554
4 3455 3362 3452 3458
4 931 930 933 911
4 3623 336 327 329
4 2409 2595 2600 2401
4 2792 2790 2787 2784
4 4592 4591 4587 4585
4 2986 3053 3042 2993
4 3355 3361 3359 3397
4 3502 3442 3495 3497
4 3442 3485 3497 3502
4 1142 1147 881 1136
4 2724 2716 2651 2667
4 3439 3437 3441 3444
4 2992 2989 2991 2990
4 2088 381 2090 2061
4 3636 313 3627 324
4 745 746 754 752
4 3497 3494 3434 3495
4 592 595 582 594
4 3483 3478 3488 3479
4 3857 3833 3824 3822
4 2815 2818 2808 2809
4 3940 3905 3899 3896
4 428 418 430 419
4 4415 4421 4417 4380
4 239 207 242 241
4 3013 3005 2989 2990
4 1414 983 1409 981
4 247 235 242 241
4 4633 4627 4635 4632
4 395 386 2086 412
4 2534 2486 2541 2648
4 3502 3484 3485 3497
4 3485 3483 3497 3484
4 3446 3448 3455 3450
4 3005 3000 3010 3001
4 3486 3483 3476 3477
4 3481 3486 3483 3476
4 3475 3483 3485 3484
4 3486 3481 3483 3485
4 3424 3460 3387 3421
4 4332 4668 4664 4334
4 4000 4002 3987 3991
4 601 702 609 711
4 3473 3462 3489 3469
4 275 269 268 185
4 3479 3473 3478 3482
4 3478 3473 3489 3482
4 3484 3489 3488 3478
4 3478 3483 3488 3484
4 3487 3482 3479 3478
4 3488 3487 3479 3478
4 264 262 263 256
4 3363 3383 3368 3374
4 708 658 713 659
4 3489 3482 3488 3478
4 3482 3487 3488 3478
4 125 117 119 126
4 2182 269 144 2177
4 1523 1502 1512 1515
4 3449 3366 3454 3360
4 746 756 747 752
4 1388 1382 638 1386
4 3125 3256 3122 2504
4 3456 3458 3459 3451
4 2679 2688 2677 2666
4 4526 4530 4519 4639
4 3452 3446 3455 3450
4 57 66 56 102
4 1332 1303 1342 1310
4 4037 3961 3943 3983
4 3362 3356 3355 3359
4 3904 3907 3897 3896
4 2892 2880 2855 2873
4 3448 3431 3446 3455
4 3453 3438 3448 3450
4 2440 2451 2443 2754
4 592 638 635 594
4 462 340 459 443
4 4239 4249 4238 4186
4 3725 3713 3719 3609
4 1566 2311 2321 1561
4 1896 1897 1887 1891
4 3256 3257 3122 2504
4 1551 1528 1675 1564
4 4031 4033 4044 4039
4 44 50 42 55
4 3503 3493 3499 3501
4 3356 3458 3359 3362
4 174 176 181 187
4 3467 3464 3473 3463
4 3462 3473 3464 3469
4 3464 3465 3461 3469
4 3463 3464 3469 3465
4 3464 3463 3469 3473
4 3473 3500 3463 3469
4 2529 2524 2522 2517
4 1129 1124 1122 1095
4 75 106 481 484
4 595 585 635 594
4 3448 3453 3446 3451
4 3450 3453 3459 3451
4 1729 1726 1727 1722
4 3910 3868 3867 3874
4 1811 1829 1830 1820
4 605 610 625 600
4 2581 2579 2584 2576
4 3452 3456 3457 3451
4 1139 1148 1127 1136
4 2842 2841 2836 2844
4 3440 3436 3437 3443
4 4305 4297 4204 4298
4 4626 4634 4636 4632
4 2311 1566 2328 1567
4 2306 2303 2305 2310
4 3397 3355 3388 3359
4 3262 2559 3255 3260
4 3371 3380 3368 3382
4 401 371 409 412
4 331 326 338 351
4 181 570 194 197
4 4412 2253 2251 4401
4 2784 2787 2777 2778
4 2833 2809 2823 2819
4 2321 2311 1500 1561
4 3128 3098 3126 3057
4 2392 2380 2388 2384
4 585 595 592 594
4 4636 4612 4613 4632
4 2952 3132 2946 3136
4 2830 2831 2605 2614
4 1120 1110 1115 1118
4 919 931 933 911
4 1264 1266 1254 1260
4 2508 2530 2509 2504
4 1562 1664 1381 1565
4 779 789 781 828
4 3494 3452 3361 3359
4 4167 3582 3584 4178
4 1299 1321 1315 1329
4 2408 2395 2403 2409
4 3059 2691 3127 3057
4 762 751 761 776
4 2380 2383 2386 2384
4 3443 3485 3497 3442
4 3367 3378 3357 3370
4 3433 3442 3434 3495
4 705 690 676 716
4 644 611 664 668
4 3128 2646 3098 3057
4 3966 3964 3969 3536
4 3256 3125 2513 2504
4 826 824 833 828
4 3584 4164 4167 4178
4 40 42 223 227
4 157 147 245 149
4 1559 222 2177 2179
4 1473 1615 1705 1716
4 826 833 777 828
4 405 424 411 292
4 4627 4639 4635 4632
4 4548 4475 4535 4534
4 3714 3597 3758 3609
4 3453 3448 3446 3450
4 1620 1609 1647 1660
4 1667 1676 1609 1660
4 4634 4633 4610 4632
4 2932 2933 3044 3041
4 3366 3365 3454 3360
4 2370 2374 2376 2375
4 1522 1656 1631 1647
4 2448 2680 3232 2469
4 638 1388 1386 594
4 3201 3028 3038 3048
4 3565 4155 4156 3595
4 433 548 444 546
4 1086 963 1061 962
4 3427 3423 3420 3426
4 3105 3110 3111 2504
4 688 841 847 864
4 2769 4113 4108 4117
4 3128 3127 3067 3057
4 3603 3608 3714 3609
4 3255 2559 2553 3260
4 3194 3196 3163 3193
4 1013 1004 1010 1007
4 2898 2902 2894 2908
4 812 638 1221 594
4 3437 3435 3480 3442
4 596 604 711 585
4 1609 1674 1666 1660
4 3434 3442 3437 3443
4 174 181 175 185
4 3360 3354 3356 3366
4 129 128 136 201
4 4538 4547 4543 4545
4 3362 3452 3458 3359
4 3367 3457 3449 3454
4 648 667 659 668
4 968 960 1086 962
4 3719 3590 3581 3717
4 1111 1112 1165 1118
4 321 324 311 319
4 150 163 158 162
4 3582 3574 3594 3595
4 3428 3417 3416 3407
4 2390 2372 2335 2386
4 1888 1900 1894 1891
4 3323 3330 3310 3333
4 2565 2572 2566 2561
4 2554 2546 2549 2552
4 2719 2702 2724 2715
4 3375 3365 3363 3354
4 2688 2677 2666 2686
4 1934 1943 2014 1947
4 3164 3177 3179 3184
4 3899 3968 3933 3921
4 2272 1803 2262 2268
4 748 745 760 752
4 4610 4613 4612 4632
4 802 477 795 845
4 4509 4507 4514 4513
4 2698 2700 2704 2706
4 4305 4204 4303 4298
4 3905 3968 3940 3899
4 1309 1317 1302 1312
4 2321 1566 1493 2328
4 3458 3452 3456 3457
4 40 28 41 227
4 3459 3449 3458 3456
4 2243 2230 2234 2238
4 1154 1151 1163 1149
4 3357 3367 3366 3365
4 834 829 865 831
4 1722 1299 1315 1329
4 1615 1647 1620 1609
4 1022 1025 1024 1019
4 2744 2747 2756 2749
4 2161 2160 1920 2157
4 1120 1115 1099 1118
4 1789 1777 1761 1755
4 733 3910 3922 3919
4 1890 1897 1886 1898
4 204 263 265 214
4 812 806 805 819
4 2213 2119 2207 2204
4 1004 585 592 635
4 2410 2396 2551 2557
4 3987 3994 3991 3993
4 686 584 695 586
4 234 2042 237 235
4 3468 3472 3466 3467
4 1428 1430 1419 1429
4 1004 625 1010 600
4 3456 3454 3449 3457
4 2881 2891 2743 2872
4 1249 1232 1283 1253
4 1207 1173 1185 1172
4 157 150 154 149
4 2718 305 302 304
4 2522 3105 3100 2504
4 2167 2181 2171 2170
4 507 580 203 574
4 4250 4229 4246 4251
4 2054 2046 2040 149
4 1391 616 1399 626
4 4255 4258 4253 4266
4 68 58 35 67
4 3356 3357 3366 3354
4 1036 1159 1161 1156
4 2676 2669 2673 2678
4 960 968 969 962
4 3454 3459 3449 3447
4 2232 2226 413 2241
4 3362 3356 3360 3355
4 3449 3356 3366 3360
4 4017 4021 4026 4075
4 669 649 667 670
4 2704 2700 2710 2706
4 3357 3367 3365 3363
4 1036 1047 1046 1156
4 4194 4167 4168 4178
4 1147 1965 1981 1984
4 2054 2061 153 2053
4 105 97 699 84
4 1195 1186 1185 1192
4 1625 1632 1620 1623
4 3367 3449 3366 3454
4 3367 3366 3365 3454
4 2480 2592 2620 2612
4 3355 3372 3393 3354
4 1405 982 1414 974
4 3447 3449 3454 3360
4 3449 3447 3356 3360
4 3360 3458 3356 3362
4 584 595 587 586
4 806 587 805 586
4 4022 4030 3891 4023
4 418 284 424 292
4 1317 1736 1324 1329
4 1989 1987 1143 1984
4 3458 3360 3356 3447
4 4195 4200 4193 4298
4 3916 3852 3959 3905
4 3452 3356 3457 3458
4 4268 4323 4337 4247
4 1505 1486 4511 1501
4 1460 1454 1451 1453
4 3689 3777 3688 3687
4 1715 1718 1716 1708
4 3452 3362 3361 3359
4 736 756 738 734
4 2022 2032 2034 2025
4 1186 1187 1185 1192
4 4548 3527 4535 2660
4 2192 2193 2198 2190
4 2429 2433 2427 2351
4 2248 1563 2259 1567
4 2046 235 2038 149
4 267 272 277 8
4 3449 3458 3457 3356
4 3449 3458 3356 3447
4 4086 4041 4089 3983
4 3205 3195 3201 3204
4 2926 2941 2936 2925
4 708 644 648 659
4 4219 4207 4206 4222
4 2089 2088 2087 2055
4 3493 3499 3501 3467
4 2936 2941 2942 2943
4 4223 4233 4226 2781
4 4268 4336 4275 4263
4 3941 3907 3934 3938
4 3491 3503 3499 3501
4 3072 3082 3074 3080
4 1562 1681 1833 1855
4 2451 2415 2442 2443
4 4177 4343 3521 4339
4 4494 4501 4500 4504
4 952 942 944 1000
4 2274 4373 2285 4410
4 1649 4013 1670 1664
4 215 221 209 230
4 2707 2700 2706 2730
4 3053 2993 2932 3042
4 3400 3385 3384 3419
4 4543 4463 4446 4534
4 3752 3937 3930 3741
4 2676 2466 2643 3057
4 3425 3421 3416 3415
4 2636 2525 2648 2521
4 4556 4559 4550 4561
4 3021 3004 3005 3009
4 1941 1934 2014 1947
4 1754 1758 1770 1930
4 3858 3859 3848 3863
4 2451 2415 2443 2754
4 4590 4580 4595 4657
4 2107 2080 2092 2106
4 3880 3892 3876 3884
4 201 563 144 2177
4 2986 3035 3046 3042
4 3981 3980 3976 3943
4 1212 1215 1214 1644
4 1591 1585 1493 1569
4 3975 3977 3976 3983
4 733 3922 3598 3919
4 764 766 767 768
4 4661 4355 4594 4656
4 842 802 795 845
4 3631 3620 3622 3627
4 1210 1199 1203 1607
4 1498 1512 1497 1503
4 1806 1810 1801 1800
4 1854 1852 1850 1848
4 3543 3542 3535 3539
4 3354 3360 3356 3355
4 3690 3704 3685 3698
4 3433 3359 3494 3361
4 1557 1554 1547 1546
4 1940 1942 1901 1947
4 3366 3357 3365 3354
4 1293 1268 1288 1291
4 2664 2658 2621 2629
4 2370 2372 2337 2416
4 3623 329 325 331
4 3394 3433 3388 3490
4 1256 1264 1262 1257
4 3399 3394 3393 3396
4 3399 3397 3355 3394
4 3397 3399 3355 3358
4 677 683 673 676
4 4206 4195 4200 4193
4 2622 2632 2626 2624
4 942 603 1010 1000
4 3594 3587 3580 3592
4 3548 3538 3966 3536
4 3788 3778 3776 3752
4 2795 2797 4250 2798
4 3978 3982 3976 3983
4 3982 3975 3976 3983
4 1833 1571 1855 1867
4 1385 1390 1428 1373
4 121 477 802 485
4 2838 2846 2886 2825
4 2420 2413 2419 2421
4 3570 3568 4148 3579
4 1699 1678 1689 1692
4 4645 4277 4647 4640
4 354 3623 344 326
4 3848 3859 3849 3863
4 222 231 277 268
4 1698 1678 1699 1692
4 643 949 644 650
4 4037 3977 4035 3983
4 1748 1694 1703 1746
4 3880 3879 3894 3884
4 2911 2917 2893 2916
4 4295 4239 4188 4186
4 3356 3370 3368 3369
4 331 326 351 344
4 901 871 869 880
4 1243 1232 1250 1253
4 1543 1596 1547 1575
4 2343 2439 2344 2436
4 3383 3381 3374 3340
4 560 561 558 552
4 2635 2737 2639 2647
4 2596 2604 2600 2599
4 1109 1119 1114 1108
4 3473 3474 3464 3467
4 1689 1680 1683 1692
4 3420 3416 3429 3414
4 3285 3404 3401 3406
4 4593 4589 4571 4585
4 4547 4542 4545 4546
4 1089 1082 962 958
4 1558 1805 1832 1571
4 1388 638 592 594
4 103 486 477 476
4 559 553 566 558
4 1392 1398 980 974
4 3575 3569 4142 3579
4 1710 1716 1624 1708
4 4295 4249 4239 4186
4 4547 4456 4544 4543
4 477 121 127 105
4 1633 1645 1637 1642
4 2529 2525 2516 3096
4 329 3623 325 327
4 2251 2252 2240 2259
4 219 213 207 211
4 4337 4269 4311 4278
4 3122 3116 3111 2504
4 3491 3494 3433 3490
4 3491 3398 3388 3490
4 4438 4445 2754 4433
4 4482 4486 4464 4472
4 3695 3685 3701 3698
4 305 2718 302 2725
4 4183 4180 4222 4184
4 3126 3098 2643 3057
4 32 28 40 227
4 3501 3460 3467 3387
4 1635 1668 1634 1671
4 1614 1210 1734 1607
4 377 133 556 136
4 801 491 795 485
4 1751 1769 1763 1779
4 3467 3421 3387 3460
4 2242 2225 2232 2241
4 3473 3467 3500 3493
4 3004 2989 2996 3007
4 3684 3665 3659 3641
4 1053 1054 1024 1078
4 1481 1483 1493 1482
4 3442 3485 3502 3496
4 647 651 650 653
4 1157 1165 1161 1155
4 3474 3423 3466 3468
4 494 505 506 504
4 2168 2175 2183 2171
4 1307 1197 1201 1381
4 2124 2071 2130 2097
4 2361 2379 2360 2357
4 3234 2676 2451 2690
4 2161 1920 2154 2157
4 1129 869 1127 1136
4 3294 3298 3307 3295
4 245 235 242 149
4 1548 1545 1554 1546
4 987 986 1016 1011
4 870 869 1136 1144
4 3429 3474 3423 3466
4 3465 3464 3461 3471
4 4649 4636 4634 4632
4 3472 3466 3471 3470
4 3098 2646 2643 3057
4 2094 2083 2103 2092
4 2874 2869 2872 2867
4 2103 2083 2100 2092
4 2089 2085 2083 2087
4 760 748 752 757
4 4440 4436 4443 4444
4 2387 2392 2388 2384
4 3472 3466 3467 3474
4 4466 4473 4514 4472
4 3464 3472 3471 3465
4 3467 3421 3474 3468
4 3472 3474 3464 3471
4 3902 3897 3909 3896
4 3467 3464 3463 3465
4 3981 3970 3984 3976
4 726 778 788 723
4 2249 4413 2253 4414
4 152 146 148 142
4 2637 2633 2624 2642
4 3421 3473 3474 3464
4 2353 2358 2350 2351
4 2269 2261 1807 2262
4 884 894 891 883
4 2046 2050 235 149
4 1305 1303 1312 1311
4 3426 3417 3428 3424
4 1409 1414 974 1413
4 3421 3473 3467 3474
4 2289 2297 2320 2294
4 3391 3491 3499 3501
4 4548 4613 4625 4534
4 588 18 0 8
4 2305 2314 2308 2310
4 742 759 761 734
4 2995 2993 3042 3041
4 484 490 478 476
4 163 169 162 173
4 237 236 235 241
4 3495 3491 3433 3490
4 1199 1198 1203 1607
4 297 392 397 389
4 3522 3528 4355 4339
4 4454 4455 4446 4534
4 2779 2381 2812 2819
4 3417 3421 3426 3416
4 1259 1278 1257 1265
4 2673 2658 2651 2665
4 3491 3492 3494 3499
4 3492 3491 3503 3499
4 3500 3467 3499 3493
4 3493 3500 3503 3499
4 1544 1547 1556 1546
4 1554 1545 1547 1546
4 3500 3492 3503 3499
4 3300 3292 3286 3289
4 3467 3474 3464 3472
4 2314 2308 2312 2318
4 3474 3468 3466 3467
4 3472 3468 3466 3470
4 3398 3394 3388 3490
4 3491 3388 3391 3499
4 3494 3491 3499 3490
4 3433 3388 3490 3494
4 3397 3359 3433 3361
4 3433 3394 3388 3397
4 2161 2163 2156 2158
4 3397 3388 3433 3359
4 3433 3388 3494 3359
4 2983 2975 2980 2977
4 2620 2874 2869 2876
4 4569 4550 3989 4561
4 814 809 820 1221
4 2795 4250 2790 2798
4 883 875 877 872
4 2064 2063 2077 2068
4 44 46 54 53
4 1903 2033 1558 1959
4 2503 3262 3261 3260
4 3417 3419 3428 3424
4 3040 3051 3045 3053
4 2566 2547 2404 2394
4 2501 2511 2505 2509
4 1654 1661 1658 1651
4 3419 3390 3384 3424
4 103 477 104 105
4 282 427 424 411
4 1636 1652 1641 1662
4 2762 4185 4180 4115
4 1335 1998 1340 2002
4 2875 2738 2889 2732
4 606 993 1000 642
4 2043 234 147 235
4 4083 4081 4057 4052
4 245 147 244 235
4 3406 3413 3411 3403
4 4343 3528 4337 4311
4 2071 2074 2096 2107
4 507 203 191 574
4 3328 3307 3266 3244
4 1670 4013 349 1561
4 152 138 143 145
4 1731 1709 1610 1728
4 3910 3919 1216 3886
4 3962 3509 3518 3966
4 2588 2580 2587 2576
4 2224 2216 2226 413
4 2525 2516 2648 2531
4 3414 3404 3407 3416
4 3404 3403 3406 3414
4 2744 2369 2729 2649
4 3895 3884 3885 3888
4 3405 3418 3420 3414
4 4541 4545 4531 4546
4 2172 2248 402 413
4 369 366 359 360
4 1266 1264 1286 1260
4 940 959 938 929
4 1895 1888 1894 1891
4 3418 3409 3402 3407
4 2063 2060 2065 2052
4 542 462 546 551
4 3146 3150 3143 3152
4 4510 2300 4506 2292
4 3406 3413 3404 3401
4 3151 3153 3156 3152
4 3411 3401 3413 3406
4 3404 3285 3401 3288
4 63 43 67 59
4 3004 3005 2989 3007
4 2871 2870 2876 2872
4 3408 3321 3313 3320
4 1280 1269 1278 1265
4 653 26 27 654
4 498 457 468 456
4 159 168 171 172
4 4373 4371 4389 4382
4 628 638 640 629
4 3924 3917 3921 3920
4 2302 2291 2320 1482
4 4412 4414 2665 2667
4 3328 3220 3244 3249
4 1668 1657 1648 1640
4 1522 1520 1524 1515
4 1344 1347 1335 1368
4 3830 3856 3854 3863
4 2605 2620 2615 2587
4 715 714 686 695
4 1191 1170 1194 1185
4 493 505 496 506
4 662 668 659 657
4 318 497 503 316
4 1776 1927 1921 1930
4 3313 3408 3396 3399
4 1384 1207 1193 1377
4 3631 3637 3622 3567
4 2286 2282 2285 2279
4 155 146 143 142
4 4021 4063 1645 1642
4 3358 3321 3393 3372
4 3370 3377 3369 3351
4 311 450 446 323
4 1570 1591 1587 1564
4 651 649 656 650
4 697 591 839 586
4 486 593 477 581
4 3175 3108 3179 3184
4 562 577 574 552
4 4399 4395 4397 4381
4 3071 3075 3179 3099
4 2143 2173 2150 2148
4 272 277 8 228
4 3510 3511 3526 3519
4 2182 269 2050 144
4 1908 1906 1913 1916
4 3900 3815 3805 3906
4 4435 2441 2445 2440
4 2122 2207 2117 2115
4 3044 2938 2927 3045
4 1027 1077 1114 1053
4 1051 1060 1048 1055
4 4212 4210 4149 4218
4 3841 3858 3838 3861
4 1653 1656 1659 1660
4 3552 3525 3526 3550
4 806 810 792 805
4 932 928 933 929
4 826 821 822 823
4 747 802 794 792
4 1778 1948 1959 1962
4 1748 1705 1746 1714
4 1690 1551 1692 1703
4 1210 1323 1734 1315
4 181 201 175 185
4 2153 1776 1779 2157
4 3042 2988 2995 2982
4 4484 4477 4479 4485
4 3809 3817 3792 3810
4 3396 3399 3408 3393
4 3018 3005 3013 2990
4 2595 2606 2373 2367
4 838 850 849 840
4 4479 4477 4489 4485
4 1850 1852 1853 1848
4 3574 3591 3594 3592
4 1514 1526 1450 1476
4 457 494 453 456
4 4529 4523 4555 4551
4 3347 3335 3346 3340
4 3312 3318 3311 3314
4 3737 3740 3927 3752
4 4102 4130 4104 291
4 2757 2748 2756 2759
4 3339 3342 3330 3331
4 3345 3351 3343 3349
4 3378 3357 3370 3368
4 77 513 83 79
4 9 0 4 10
4 2636 2644 2639 2647
4 3230 3209 3223 3235
4 4028 4025 3889 1216
4 2719 2727 2720 2715
4 1421 1193 1424 1429
4 1657 1648 1640 1662
4 934 931 927 909
4 3944 3961 3943 3955
4 1664 1386 1381 1565
4 2824 2831 2830 2614
4 1927 1776 2157 1930
4 1608 1204 1734 1206
4 4650 4623 4615 4647
4 3405 3413 3407 3403
4 4146 4149 4145 4163
4 2770 2785 2753 4240
4 1627 1625 1620 1619
4 2856 2858 2870 2605
4 2906 2905 2921 2909
4 985 922 1001 988
4 2538 2534 2541 2531
4 4507 4508 4514 4513
4 3395 3400 3384 3392
4 4535 3527 4656 4568
4 1292 1274 1290 1286
4 1879 1872 1877 1880
4 4136 4139 4147 4144
4 1907 1904 1917 1886
4 3073 3135 3083 3138
4 977 983 974 978
4 1384 1382 1387 1381
4 3783 3779 3777 3784
4 3297 3301 3296 3298
4 1383 1388 1572 1381
4 4025 4086 4034 4017
4 1413 1432 1408 1406
4 3261 2512 2643 2504
4 320 3598 315 310
4 2571 2601 2602 2561
4 3578 3564 3569 3579
4 1657 1641 1640 1638
4 3300 3306 3301 3305
4 3215 3314 3213 3297
4 2529 3098 2525 3096
4 294 282 290 299
4 3349 3352 3351 3353
4 3961 3964 3957 3963
4 1504 1509 1496 1503
4 582 312 347 310
4 3081 3056 3060 3070
4 2015 2009 2012 2014
4 3972 4010 4007 3984
4 3274 3289 3292 3276
4 3968 3905 3940 3921
4 4191 4181 4180 4184
4 3300 3307 3295 3305
4 1906 1911 1916 1886
4 1940 1886 1936 1947
4 2892 2878 2871 2873
4 180 51 178 177
4 1198 1261 1259 1607
4 4557 3998 3989 4561
4 1522 1524 1647 1515
4 3615 3624 3611 3616
4 487 466 463 464
4 3350 3328 3337 3324
4 3177 3175 3179 3184
4 450 452 446 447
4 4161 4154 4149 4163
4 2539 2527 2525 2648
4 3284 3289 3293 3283
4 2530 2516 2522 2517
4 4476 4489 4485 4551
4 3043 3202 3055 3040
4 895 1001 896 937
4 1995 1999 1994 2002
4 3285 3401 3306 3412
4 3408 3302 3308 3299
4 3161 3165 3182 3168
4 3511 3512 3518 3517
4 156 148 146 142
4 3854 3862 3831 3863
4 3280 3412 3285 3306
4 3401 3289 3285 3283
4 1539 1851 1850 1534
4 3297 3301 3308 3306
4 3298 3308 3301 3299
4 506 482 475 485
4 701 704 714 695
4 3411 3401 3412 3413
4 3412 3413 3401 3306
4 4155 4153 3564 4156
4 1259 1257 1267 1265
4 3412 3291 3306 3280
4 3306 3312 3308 3297
4 1851 1850 1852 1853
4 4328 4337 4329 4659
4 2204 2214 2200 2209
4 802 792 735 808
4 1181 1188 1194 1189
4 1648 1657 1654 1662
4 4555 4479 4489 4485
4 3948 3942 3944 3953
4 3296 3305 3298 3301
4 4284 4292 4285 4281
4 4197 4150 3530 4157
4 1607 1616 1617 1267
4 3035 3196 3047 3051
4 3405 3414 3403 3407
4 930 916 928 933
4 3272 3298 3295 3300
4 2427 2429 2351 2344
4 1263 1280 1259 1265
4 3203 3195 3204 3191
4 2335 2340 2336 2344
4 4597 4598 4608 4601
4 3129 3072 3183 3174
4 2556 2549 2554 2557
4 186 513 195 187
4 2242 2108 2232 2225
4 1998 2005 1340 2002
4 2163 2164 2156 2158
4 2055 2090 2080 2059
4 860 864 859 837
4 1106 1093 1102 1103
4 2146 2140 2143 2148
4 2308 1798 1801 2326
4 2335 2350 2360 2344
4 1410 1363 1347 1353
4 1899 1947 2011 1898
4 280 285 281 291
4 1581 1583 1580 1588
4 3283 3280 3289 3285
4 3283 3291 3289 3280
4 3281 3292 3295 3290
4 1246 1282 1251 1284
4 2166 2111 2161 2159
4 3851 3834 3862 3863
4 917 921 911 912
4 3306 3291 3303 3305
4 2297 2311 2321 2316
4 3306 3305 3303 3296
4 2861 2839 2849 2840
4 365 368 409 364
4 2918 2921 2909 2916
4 325 289 455 331
4 3291 3412 3306 3303
4 2874 2620 2830 2605
4 1657 1652 1654 1662
4 2024 2026 1988 1979
4 2881 2880 2886 2890
4 3999 3998 3989 3993
4 3277 3265 3264 3258
4 1615 1708 1727 1728
4 1857 1858 1868 2014
4 19 645 27 11
4 3615 3619 3622 3623
4 3530 4205 3521 4178
4 3729 3740 3718 3776
4 2071 2073 2097 2067
4 1853 1846 1845 1848
4 3290 3291 3281 3287
4 860 864 866 859
4 1807 2272 1800 2262
4 343 349 348 342
4 3976 4037 3943 3983
4 1612 1710 1624 1708
4 3292 3286 3274 3295
4 2628 2658 2664 2629
4 3150 3139 3143 3152
4 4646 4644 4653 4335
4 465 532 468 549
4 1412 875 1376 886
4 3215 3221 3216 3207
4 3277 3268 3246 3238
4 2455 2444 2443 2431
4 732 739 741 726
4 3097 3162 3164 3170
4 2488 2480 2493 2487
4 3277 3268 3292 3279
4 530 544 534 549
4 3289 3280 3291 3287
4 4515 4509 4514 4513
4 3328 3268 3292 3282
4 3292 3291 3281 3282
4 2039 2048 2051 2044
4 2944 2950 2946 2945
4 3300 3289 3284 3305
4 3407 3419 3384 3428
4 612 598 604 605
4 4384 4405 2279 4397
4 4507 4512 4518 4514
4 2146 2143 2150 2148
4 1498 1510 1508 4504
4 1006 874 875 1144
4 3094 3085 3086 3091
4 3270 3272 3273 3266
4 3289 3280 3287 3285
4 244 243 245 242
4 3777 3780 3784 3687
4 2197 2270 2198 2196
4 312 582 820 310
4 884 891 888 883
4 3056 3064 3065 3062
4 545 544 549 539
4 174 268 185 179
4 1214 1222 1213 1221
4 3177 3139 3179 3183
4 4325 4337 4329 4327
4 388 387 386 398
4 3277 3268 3266 3244
4 2188 2185 2196 2199
4 1997 1843 1340 1336
4 1732 1614 1725 1734
4 77 83 70 79
4 532 537 523 534
4 3348 3350 3342 3343
4 3288 3285 3289 3290
4 3866 3875 3868 3874
4 4547 4539 4456 4543
4 1224 1217 1216 4028
4 1558 1777 1776 1778
4 1653 1656 1658 1659
4 564 562 561 560
4 3305 3303 3281 3291
4 1385 1375 1380 1377
4 4440 4431 4443 4436
4 4540 4566 4636 4521
4 980 977 982 974
4 584 595 586 590
4 526 535 523 478
4 2779 2775 2388 2390
4 953 956 942 944
4 1957 1949 1955 1962
4 1258 1256 1282 1260
4 4549 4536 4544 4538
4 1903 1558 1559 2178
4 184 201 185 2177
4 2570 2573 2568 2571
4 4536 4547 4544 4538
4 309 400 295 2244
4 3289 3285 3287 3290
4 1521 1465 1475 1619
4 685 681 689 690
4 3576 3571 3573 3565
4 4400 2311 4401 2259
4 3047 3196 3040 3051
4 1152 1131 1124 1151
4 3187 3113 3108 3114
4 4246 2762 4245 4240
4 3291 3292 3281 3287
4 3574 3592 3595 3573
4 2110 2111 2121 1752
4 2560 2570 2568 2571
4 4544 4453 4538 4543
4 702 601 709 711
4 3985 3522 4594 3553
4 473 545 468 432
4 1393 1383 1373 1387
4 268 184 185 2177
4 353 319 323 315
4 2119 2116 2122 2117
4 1027 1077 1019 1023
4 3018 3017 3049 3020
4 2542 2530 2520 2544
4 159 171 162 173
4 4398 4387 4392 4394
4 1661 1502 1504 1655
4 1762 2201 1757 2208
4 1827 1820 1836 1828
4 2827 2849 2839 2840
4 3017 3013 3023 3018
4 2031 2001 1996 2030
4 60 62 56 59
4 2505 2535 2509 2533
4 795 796 851 845
4 2208 1777 2215 1755
4 3620 3633 3627 315
4 3021 3004 3007 3005
4 161 165 175 162
4 445 433 434 431
4 3011 3017 3018 3020
4 3231 3232 2690 3236
4 445 441 431 443
4 1770 1921 1962 1930
4 1277 1268 1276 1281
4 1540 1532 1554 1545
4 2915 2916 2885 2920
4 3029 3027 3014 3036
4 2116 2122 2117 2115
4 1840 1835 1832 1782
4 2132 2070 2129 2171
4 3200 3052 3202 3197
4 1077 1057 1053 1055
4 459 462 468 506
4 2846 2886 2825 2823
4 3809 3817 3807 3805
4 3279 3274 3269 3275
4 150 158 170 162
4 1216 1214 1672 1221
4 3023 3024 3015 3014
4 3072 3174 3179 3183
4 199 571 141 574
4 3405 3418 3414 3428
4 3042 2988 2986 2995
4 4336 4337 4659 4247
4 1489 1464 1491 1451
4 506 502 475 498
4 542 462 459 431
4 1412 1410 875 1354
4 1965 1410 1970 1354
4 1056 1049 1085 1055
4 4581 4587 4591 4585
4 2941 2925 2944 2943
4 2782 2776 2781 2778
4 2825 2830 2833 2823
4 1207 1314 1384 1439
4 3056 3061 3064 3060
4 879 1970 870 881
4 2991 2992 2994 2983
4 4577 4574 4578 4571
4 3192 3195 3203 3191
4 765 772 723 768
4 884 888 892 883
4 2963 2993 2983 2975
4 2395 2396 2409 2400
4 531 537 532 534
4 1999 2003 1971 2002
4 13 267 0 8
4 3343 3296 3342 3323
4 2590 2582 2615 2587
4 1562 1197 1666 1690
4 2727 301 294 304
4 2620 2605 2876 2587
4 4 36 28 0
4 3319 3310 3323 3322
4 3005 3018 3013 3021
4 2354 4226 2356 4234
4 4197 4207 4180 4200
4 4202 4199 4198 4193
4 4136 3631 3567 3579
4 3648 3665 3684 3641
4 2703 2739 2706 2730
4 4310 4343 4309 4300
4 901 900 903 909
4 1974 1972 1977 1976
4 2687 2692 2695 2690
4 2037 2029 2027 2034
4 141 571 565 574
4 2782 2789 2776 2778
4 4405 4384 2279 4401
4 941 922 936 933
4 3201 3030 3038 3028
4 653 648 654 650
4 3151 3146 3143 3152
4 2612 2610 2615 2587
4 2874 2870 2854 2852
4 2439 2414 2464 2436
4 561 566 361 555
4 150 151 154 170
4 2991 2989 2984 2990
4 3207 3211 3216 3218
4 3068 3059 3062 3057
4 1888 1991 1981 1988
4 2988 2992 2991 2990
4 182 171 177 175
4 875 874 877 1144
4 2670 2694 2666 2686
4 857 856 861 866
4 4212 4209 4208 4151
4 2619 2607 2613 2615
4 3643 3658 3647 3641
4 2377 2375 2371 2373
4 1255 1266 1260 1254
4 2871 2873 2870 2872
4 2723 4091 2712 2696
4 28 10 4 0
4 2964 2961 2963 2965
4 3577 3571 3568 3579
4 2000 1972 1974 1976
4 1174 1195 1185 1172
4 121 485 124 476
4 996 961 967 965
4 4291 4293 4285 4320
4 2677 2688 4422 2686
4 1496 2321 1485 1500
4 3307 3323 3310 3333
4 1140 870 1136 1144
4 1895 1989 1894 1981
4 2970 2978 2971 2972
4 2964 2955 2959 2962
4 2081 396 386 2086
4 2783 2779 2787 2778
4 3010 3004 2989 2996
4 4008 1508 4492 1500
4 1887 1888 1891 1898
4 3043 3052 3040 3047
4 118 116 114 124
4 2346 2333 2336 2337
4 3252 2551 3258 3260
4 4296 4299 4305 4300
4 2677 2670 2666 2686
4 2387 2379 2392 2384
4 1995 1998 2003 2002
4 2971 2929 2975 2976
4 3191 3030 3201 3028
4 2056 2078 2076 2068
4 4645 4640 4650 4642
4 3069 3068 3222 3236
4 2003 1999 1995 2002
4 2969 2961 2978 2972
4 2989 3005 3021 3007
4 2978 2968 2970 2971
4 2788 2797 4246 2774
4 2065 156 2053 148
4 3014 3027 3016 3036
4 3910 3913 3868 3914
4 354 2725 343 346
4 477 802 590 845
4 1928 2138 2162 2139
4 742 761 751 734
4 2421 2334 2337 2416
4 1957 1936 1953 1937
4 2169 2178 2177 2174
4 326 4103 338 354
4 3035 3030 3028 3038
4 2989 2984 3005 3010
4 515 519 517 516
4 1875 2033 1868 1959
4 1661 1515 1647 1524
4 888 892 883 872
4 758 757 828 755
4 1821 1815 1812 1574
4 3942 3945 3944 3955
4 1216 1224 4025 1214
4 2988 2995 2982 2993
4 4375 4374 4381 4382
4 2991 2992 2983 3010
4 4466 4500 4492 4495
4 1748 1743 1746 1744
4 2794 2919 2801 2791
4 2520 3105 2522 2500
4 2989 3012 3021 3013
4 3013 3005 3021 2989
4 286 282 292 287
4 2989 3018 3013 2990
4 3012 3013 3023 3022
4 4660 4650 4666 4653
4 875 1006 1141 1376
4 1833 1831 1828 1873
4 3021 3007 2998 3019
4 2998 3007 3003 3019
4 3019 3013 3012 3022
4 645 949 27 11
4 2989 3012 3007 3019
4 3012 2989 3021 3019
4 3021 2989 3007 3019
4 2647 2636 2624 2642
4 3013 3011 3018 3020
4 2491 2495 2499 2488
4 3025 3036 3027 3029
4 1508 1509 1504 1503
4 4514 4473 4505 4472
4 1409 1425 1432 1406
4 3045 3146 3040 3134
4 2303 2317 2316 2294
4 269 2028 222 1559
4 3029 3039 3014 3027
4 4508 1495 4506 4391
4 2551 2506 2400 3261
4 4038 4043 4041 4046
4 1657 1652 1641 4045
4 411 405 292 403
4 1 953 1034 954
4 1537 1528 1531 1538
4 3018 2989 2986 2992
4 165 160 162 167
4 3350 3342 3343 3324
4 3011 3017 3023 3018
4 3017 3011 3023 3015
4 3024 3017 3023 3015
4 3568 3571 3578 3579
4 1981 1991 1984 1988
4 1568 1571 1838 1560
4 1412 974 981 1012
4 490 488 478 476
4 1889 1892 1896 1891
4 2621 2651 2625 2672
4 4466 4467 4463 4461
4 2061 2054 153 379
4 256 258 253 263
4 2585 2574 2571 2602
4 1246 1245 1258 1284
4 3225 3232 3229 2469
4 3960 3545 3969 3536
4 1807 2261 2272 2262
4 2233 2245 2231 2237
4 2231 2245 2236 2237
4 1131 1126 1124 1132
4 2080 2184 2073 2059
4 1268 1273 1275 1276
4 1488 1581 1586 1603
4 3995 3989 4493 3991
4 358 402 2174 2179
4 1525 1526 1513 1517
4 266 273 270 272
4 3527 3528 3530 343
4 2986 3035 3049 3046
4 791 125 796 795
4 3133 3141 3137 3143
4 2985 2987 2992 2988
4 674 678 857 866
4 1916 1931 1905 1908
4 2049 2062 2044 2053
4 3026 3205 3201 3032
4 2993 2994 2982 2985
4 1061 963 929 962
4 4403 4475 4416 4465
4 4103 354 337 338
4 4429 4423 4420 4427
4 2975 2929 2980 2976
4 4540 4613 4548 4534
4 2008 2018 2012 2026
4 1588 1586 1587 1574
4 4469 4461 4466 4465
4 3529 3919 3911 342
4 3912 3928 3933 3920
4 3214 3326 3336 3332
4 4620 4617 4610 4615
4 3018 3017 3028 3049
4 3307 3266 3216 3295
4 3116 3124 3062 3115
4 3049 2986 2987 3018
4 3684 3686 3673 3706
4 805 802 590 581
4 2371 2594 2373 2375
4 2501 2502 2567 2571
4 3756 3763 3750 3747
4 396 2091 2081 2106
4 1893 1903 2024 1888
4 1385 1393 1401 1387
4 3020 3035 3028 2986
4 4346 4313 4351 4316
4 2267 2271 2268 2263
4 357 2081 2086 363
4 3031 3035 3196 3032
4 1829 1811 1825 1820
4 2211 2202 2194 2200
4 2117 2131 2133 2115
4 916 930 924 933
4 2303 2314 2305 2310
4 3027 3032 3025 3029
4 2835 2847 2846 2844
4 3015 3011 3016 3020
4 2533 2532 2544 2509
4 3018 2989 3020 2986
4 2992 2994 2983 2985
4 4630 4581 4576 4595
4 2986 3049 2987 3046
4 2992 2982 2994 2985
4 2987 2988 2986 3046
4 2986 2988 2985 2993
4 2037 2000 2035 2030
4 3028 2986 3049 3020
4 3044 2938 2952 2927
4 2988 2982 2985 2993
4 4396 4395 4514 4394
4 21 15 17 23
4 1168 1177 1207 1173
4 181 176 177 175
4 383 395 2082 2086
4 1875 1880 1882 1861
4 2738 2875 2497 2732
4 4423 4419 4427 4425
4 2930 2927 2935 2923
4 3044 3040 3136 3053
4 3418 3420 3414 3428
4 462 532 551 549
4 1423 1427 1420 1432
4 2936 2935 2927 2923
4 2985 2987 2986 2992
4 2992 2986 3018 2987
4 3024 3017 3015 3020
4 4328 4336 4337 4659
4 3017 3024 3028 3020
4 3024 3015 3014 3020
4 3014 3015 3016 3020
4 3014 3035 3020 3039
4 2040 2046 2038 149
4 3338 3334 3329 3332
4 3014 3026 3035 3029
4 3598 3629 3634 3607
4 1642 1214 1635 1634
4 2979 2970 2971 2972
4 4608 4609 4596 4600
4 2570 2567 2573 2571
4 1022 1064 1088 1065
4 2983 2963 2977 2958
4 2933 2934 2927 2932
4 1266 1290 1255 1286
4 700 89 691 699
4 2935 2952 2927 2934
4 4666 4660 4665 4659
4 4600 2347 2427 2431
4 2560 2565 2561 2572
4 2932 2975 2933 2993
4 4233 4248 4246 4230
4 2410 2551 2417 3254
4 2039 2045 2044 2148
4 2961 2956 2960 2954
4 855 861 832 831
4 3040 3190 3201 3047
4 4094 4130 4104 4102
4 160 158 169 162
4 2148 2182 2167 2139
4 76 71 69 59
4 2938 3044 2952 3136
4 1620 1625 1631 1619
4 2702 2719 2724 2708
4 2622 2710 2632 2706
4 2896 2903 2900 2908
4 2936 2927 2937 2923
4 443 421 417 423
4 2936 2941 2937 2942
4 2451 2448 2442 2469
4 2143 2039 2173 2148
4 2711 2716 2697 2696
4 2934 2927 3044 2952
4 572 575 579 577
4 4581 4591 4593 4585
4 2293 2296 2294 2289
4 2929 2933 2980 2976
4 2934 2973 2930 2935
4 27 26 17 654
4 4203 4206 4151 4196
4 1976 1993 1979 1974
4 3577 3568 3566 3567
4 2461 2676 2643 2642
4 2746 4226 4261 4242
4 2461 2411 2512 3261
4 2925 2936 2926 2931
4 4657 4669 4664 4667
4 2937 2936 2923 2926
4 2929 2933 2934 2927
4 3938 3927 3928 3936
4 2789 2785 2756 2800
4 2644 2641 2639 2647
4 4064 1230 1248 4068
4 1404 1421 1408 1429
4 2769 2771 2763 2773
4 1459 1464 1489 1451
4 1731 1723 1708 1728
4 31 40 227 53
4 971 966 965 944
4 395 396 2082 2086
4 4599 4254 4619 4262
4 3417 3419 3424 3422
4 2860 2849 2820 2854
4 2923 2931 2930 2928
4 3689 3686 3698 3687
4 1897 1887 1891 1898
4 236 243 235 241
4 1294 1282 1642 1260
4 3290 3291 3287 3289
4 2993 2932 3042 3041
4 4148 4142 4139 3579
4 1559 1563 1573 1565
4 25 34 15 23
4 4099 4100 4092 4097
4 2261 2267 2265 2262
4 2228 2128 2131 2115
4 2942 2944 2951 2943
4 1232 1293 1283 1284
4 392 297 295 389
4 822 850 825 831
4 2327 2313 2328 1567
4 462 532 468 506
4 4614 4620 4610 4615
4 2248 2270 1563 1567
4 2507 2592 2649 2487
4 1641 1657 1640 1662
4 1798 1797 1804 1801
4 1510 1508 4494 4008
4 142 143 153 149
4 2409 2398 2566 2404
4 1797 1802 1801 1823
4 3000 3010 2996 3009
4 4612 4666 4665 4659
4 2936 2938 2937 2927
4 486 477 802 581
4 3891 4079 3888 3898
4 312 319 316 492
4 878 891 918 883
4 3315 3347 3325 3346
4 3182 3177 3168 3184
4 1695 1698 1692 1703
4 4354 4345 4309 4351
4 2622 2704 2710 2706
4 3196 3039 3037 3034
4 184 570 191 201
4 837 859 849 864
4 3742 3751 3756 3754
4 1278 1166 1280 1259
4 3830 3857 3863 3821
4 2976 2980 2971 2977
4 1092 1103 1118 1155
4 3944 3942 3943 3953
4 2933 2934 2932 3044
4 3807 3813 3805 4080
4 3135 3142 3134 3131
4 2948 2952 2949 2951
4 2489 2498 2488 2487
4 847 842 851 845
4 2993 2995 2933 3041
4 2595 2401 2367 2375
4 1616 1617 1254 1606
4 514 191 195 187
4 593 595 590 581
4 2993 2933 2932 3041
4 3053 2932 3044 3041
4 2932 3053 3042 3041
4 3050 3040 3042 3043
4 1357 1372 1353 1366
4 3164 3179 3109 3184
4 3044 3045 2927 2932
4 4111 4107 4117 4114
4 892 888 1354 872
4 2640 2516 3096 2643
4 4241 4239 4251 4238
4 2036 1997 1966 1855
4 2934 2927 2932 3044
4 2267 2264 2265 2271
4 3044 3045 3053 3136
4 1376 588 1006 1141
4 3032 3025 3029 3033
4 4157 4156 4163 4151
4 1154 1150 1894 1163
4 1257 1262 1616 1267
4 2910 2898 2914 2921
4 1490 2329 2330 2325
4 4412 4405 4409 4414
4 3268 3292 3279 3266
4 1804 1806 1798 1801
4 3044 3142 3040 3054
4 1214 4025 1672 1215
4 3970 3974 3981 3984
4 3158 3145 3172 3155
4 1573 1571 1568 1560
4 3133 2949 3137 3141
4 4228 4229 4225 4236
4 1088 1077 1064 1035
4 1077 1027 1047 1023
4 3200 3175 3176 3181
4 2000 2030 1994 2002
4 4146 4140 4134 4145
4 4019 4021 1633 1644
4 2952 2935 2927 2951
4 2951 2935 2927 2936
4 694 688 847 689
4 433 444 434 431
4 2713 2722 290 299
4 4589 4577 4578 4571
4 778 788 723 787
4 471 464 523 472
4 532 524 551 534
4 2936 2942 2937 2938
4 2927 2938 2952 2951
4 2938 2942 2944 2951
4 146 152 143 142
4 3203 3180 3200 3198
4 4584 4588 4589 4585
4 2933 2975 2980 2993
4 2933 2975 2929 2980
4 2995 2993 2933 2980
4 2993 2985 2983 2994
4 579 565 571 574
4 2963 2961 2960 2965
4 4388 2298 2288 2295
4 2229 2223 2221 2220
4 311 446 319 324
4 152 147 142 2038
4 4614 4601 4623 4615
4 1490 2330 1493 2325
4 2993 2983 2975 2980
4 415 407 409 420
4 203 580 573 574
4 2993 2983 2980 2994
4 2687 3058 2692 2690
4 1404 1410 1381 1415
4 200 198 190 197
4 4584 4591 4592 4585
4 4584 4592 4582 4585
4 756 736 747 734
4 2994 2995 2993 2982
4 2963 2993 2985 2983
4 2995 2994 2993 2980
4 1481 2330 2291 2320
4 2041 2039 2045 2044
4 2973 2967 2930 2924
4 3031 3035 3032 3039
4 2933 2929 2934 2976
4 112 125 800 795
4 4185 4246 2762 4180
4 4338 4325 4337 4329
4 174 183 268 48
4 801 794 797 760
4 290 2722 294 299
4 3321 3309 3322 3373
4 3054 3042 3040 3041
4 638 628 640 812
4 424 282 292 286
4 2925 2941 2936 2943
4 4405 4412 2253 4414
4 2465 2469 2458 2442
4 1494 1589 1488 1603
4 2702 2724 2715 2697
4 240 253 214 241
4 1620 1523 1619 1647
4 234 2046 235 2038
4 1448 1367 1307 1364
4 3266 3277 3243 3275
4 1193 1431 1424 1429
4 4139 4150 4156 4157
4 2045 2142 2044 2148
4 1814 1826 1531 1813
4 3142 3044 3040 3136
4 296 427 282 411
4 3677 3680 3673 3675
4 2479 2507 2535 2476
4 1748 1737 1716 1743
4 441 438 436 431
4 2698 2709 2707 2706
4 3042 3054 3040 3050
4 3380 3408 3321 3382
4 3049 3052 3047 3048
4 3135 3072 3074 3083
4 3514 3516 3583 3506
4 434 444 542 431
4 2693 2691 3068 2685
4 2037 2029 2034 2026
4 1022 1067 1064 1065
4 2028 1572 1559 1855
4 2091 2100 2092 2106
4 1473 1624 1620 1619
4 3189 3197 3176 3185
4 3751 3744 3745 3748
4 3197 3189 3176 3200
4 1081 1079 1074 1088
4 815 816 792 808
4 4617 4621 4610 4615
4 3197 3043 3202 3055
4 2803 2785 2798 2800
4 3567 3613 3637 3622
4 380 361 363 376
4 4473 4467 4472 4466
4 493 311 460 446
4 1494 1451 1603 1487
4 2380 2386 2381 2384
4 3302 3408 3308 3306
4 1456 1460 1453 1461
4 3189 3108 3179 3175
4 3180 3184 3182 3178
4 2033 1893 2023 2014
4 3187 3180 3175 3181
4 410 405 411 403
4 112 114 125 127
4 417 331 292 333
4 2907 2729 2736 2756
4 4294 4288 4228 4234
4 4541 4540 4519 4531
4 3292 3289 3295 3290
4 1844 1681 1853 1677
4 802 842 794 846
4 2192 2196 2190 2191
4 4554 4560 4561 3993
4 2460 2418 2420 2414
4 56 60 484 99
4 3559 3509 3538 3550
4 3031 3196 3039 3037
4 860 866 865 859
4 231 588 31 48
4 4466 4500 4515 4514
4 3599 3767 3759 3758
4 3160 3166 3163 3196
4 2371 2594 2606 2373
4 1130 1134 1104 1125
4 3838 3815 3940 3903
4 3989 4493 3991 3993
4 1702 1697 1693 1330
4 4308 4323 4321 4245
4 1036 1020 1047 1156
4 878 919 901 871
4 3398 3384 3395 3389
4 1135 1130 1124 1129
4 1674 1668 1666 1660
4 350 351 346 345
4 3319 3327 3310 3309
4 3885 3887 3886 3881
4 4570 4521 4572 4567
4 2439 2435 2427 2436
4 3135 3072 3082 3074
4 3274 3292 3279 3276
4 1343 1997 1843 1340
4 2287 2276 2304 2306
4 2838 2905 2886 2909
4 3843 3837 3649 3929
4 4400 4475 4535 2660
4 2182 2169 2178 2177
4 4036 3979 4035 3983
4 2313 1803 2305 2268
4 1150 1900 1894 1163
4 1203 1207 1213 1379
4 1410 1572 1966 1336
4 2527 2490 2525 2521
4 2257 4412 2652 4414
4 758 753 752 761
4 2428 2433 2427 2437
4 2740 2729 2736 2731
4 2444 4605 2443 2431
4 3342 3343 3324 3305
4 1322 1309 1302 1316
4 3962 3960 3548 3969
4 180 178 174 177
4 3414 3416 3407 3428
4 3651 3676 3740 3645
4 4156 4139 4157 4163
4 3513 3529 3588 3963
4 1065 1081 1074 1088
4 1631 1511 1523 1619
4 3771 3761 3766 3757
4 3597 744 3758 3609
4 3172 3145 3157 3155
4 882 868 870 872
4 1047 1061 1042 1153
4 1406 1411 1408 1413
4 538 547 541 546
4 674 861 853 866
4 4499 4002 4004 3991
4 4086 4041 4034 4017
4 1926 1929 1920 1927
4 862 866 855 865
4 495 500 485 504
4 562 538 359 551
4 3922 3515 3738 3517
4 847 694 689 699
4 3623 3633 3619 3622
4 849 842 839 840
4 963 1042 969 1086
4 1402 615 626 621
4 1785 1802 1835 1782
4 3611 3620 3612 4136
4 2654 2655 2257 2652
4 2195 2221 2198 2186
4 1551 1547 1542 1546
4 3194 3032 3196 3205
4 4067 4072 4083 4068
4 2028 279 222 592
4 3512 3514 3517 3506
4 2726 2724 2712 2715
4 2189 2255 2247 2190
4 1335 1333 1342 1340
4 801 791 797 795
4 1805 2327 1834 1560
4 930 928 931 933
4 4651 4273 4646 4650
4 803 736 802 747
4 3070 3072 3075 3080
4 177 174 175 179
4 4174 4169 4170 4177
4 2064 2058 2052 2170
4 4352 4354 4355 4353
4 150 151 145 154
4 4445 2746 4548 2675
4 2283 2282 2281 2279
4 3270 3272 3267 3273
4 4323 4268 4274 4278
4 2003 1335 1971 2002
4 1331 1332 1303 1342
4 3392 3386 3393 3384
4 1219 1222 1216 1221
4 1337 1685 1343 1334
4 4006 4497 4499 4004
4 1868 1946 1959 2014
4 1551 1692 1703 1542
4 1292 1268 1276 1288
4 3778 3749 3688 3776
4 636 626 617 619
4 35 38 30 39
4 543 368 560 538
4 3747 3751 3748 3743
4 1421 1426 1443 1432
4 4548 4601 4451 4625
4 2466 3062 3068 3222
4 3283 3291 3306 3284
4 1969 1972 1971 1964
4 16 588 222 48
4 3723 3733 3719 3734
4 2275 2276 2281 2284
4 3041 3047 3040 3053
4 706 707 702 708
4 4249 4304 4321 4186
4 2377 2371 2368 2366
4 542 462 431 546
4 992 997 994 1000
4 4079 3895 3891 3888
4 2633 2621 2625 2672
4 700 715 714 686
4 3843 3838 3840 3929
4 1037 1047 1160 1046
4 568 576 516 533
4 1998 1333 1335 1340
4 2891 2889 2881 2743
4 1256 1262 1637 1257
4 2020 2015 2012 2011
4 443 431 369 370
4 2300 2298 2301 2294
4 1219 1224 1216 1218
4 3542 3540 3539 3996
4 4127 4122 4124 4133
4 4158 4150 4156 3595
4 1741 1740 1744 1735
4 3906 3900 3899 3898
4 1257 1214 1213 1635
4 4386 4389 4388 4387
4 289 283 417 292
4 2029 2018 2008 2026
4 2525 2529 2516 2517
4 3521 3525 3531 4166
4 1796 1797 1798 1801
4 204 207 214 209
4 539 545 542 549
4 1419 1421 1424 1429
4 2134 2159 2165 2133
4 3811 3951 3954 3805
4 1278 1294 1257 1265
4 2023 2010 2012 2034
4 1779 1769 1767 1773
4 4085 4061 4062 4077
4 999 952 997 1000
4 34 25 35 23
4 1679 1841 1844 1843
4 2117 2203 2131 2115
4 2735 2741 2730 2736
4 252 256 258 262
4 3372 3375 3380 3368
4 4484 4501 4500 4490
4 1006 588 957 1141
4 3119 3063 3066 3062
4 2081 2080 2107 2106
4 1527 1531 1537 1540
4 2363 2377 2366 2381
4 1347 1345 1354 1353
4 2172 2203 1777 2206
4 4285 4323 4320 4278
4 669 663 670 665
4 4388 4393 2288 4389
4 1129 931 903 904
4 1856 2022 1868 1864
4 3512 3507 3516 3506
4 711 604 599 585
4 1319 1317 1324 1329
4 1209 1379 1213 1202
4 2726 2718 305 2725
4 1271 1277 1275 1269
4 1298 1693 1330 1310
4 3526 3538 3966 3550
4 3655 3656 3684 3706
4 4512 4385 4518 4514
4 1905 1931 2139 1908
4 747 799 755 804
4 3954 3952 3959 3905
4 1507 1486 1505 1501
4 406 401 409 412
4 2973 2936 2930 2935
4 2788 4236 4233 2782
4 4185 4182 4241 4238
4 751 747 804 734
4 283 422 417 292
4 2024 1888 1981 1988
4 4030 3891 4023 4084
4 2303 2276 2306 2304
4 4637 4627 4636 4632
4 284 286 424 292
4 1901 1906 1940 1886
4 4591 4584 4593 4585
4 2617 2611 2616 2613
4 2607 2609 2615 2619
4 2420 2414 2422 2416
4 694 841 90 845
4 1025 1030 1024 1019
4 557 565 561 574
4 414 415 409 420
4 2776 2833 2819 2778
4 1422 1196 1424 1438
4 1022 1088 1019 1081
4 1663 1615 1647 1620
4 3543 3542 3539 3996
4 1499 1506 1505 1501
4 2874 2881 2886 2825
4 775 749 770 758
4 3751 3871 3866 3874
4 1693 1688 1330 1686
4 3081 3128 3121 3124
4 2184 2126 2059 2169
4 122 116 115 124
4 1244 1252 4063 1251
4 4663 4368 4657 4664
4 4650 4646 4653 4335
4 3631 3620 4136 3622
4 3257 2461 3235 3122
4 369 366 408 364
4 135 134 138 129
4 4041 4034 4035 3983
4 4139 4150 4157 352
4 875 1140 1141 1144
4 921 906 903 900
4 4651 4275 4650 4647
4 2078 2056 2055 2068
4 2606 2613 2614 2615
4 2879 2904 2893 2895
4 4474 4415 4465 4392
4 4484 4517 4478 4500
4 1969 1972 1978 1971
4 2260 2196 2263 2199
4 1164 1900 1139 1140
4 189 70 56 61
4 2952 2938 3136 2946
4 848 844 846 850
4 262 1900 261 263
4 1361 1360 1368 1366
4 1809 2206 1800 2262
4 2592 2601 2589 2571
4 4150 4158 3530 3595
4 4312 4324 4314 4315
4 4242 4237 4245 4247
4 2273 2308 1803 2305
4 2414 2411 2422 2416
4 3959 3923 3916 3968
4 121 112 795 127
4 339 305 333 403
4 2653 2674 2671 2673
4 1004 1006 596 942
4 4601 4606 4600 4433
4 2789 2785 2753 2756
4 233 228 229 226
4 1204 1674 1203 1213
4 4082 4081 4080 4089
4 546 542 551 549
4 3342 3323 3330 3331
4 824 830 755 804
4 184 189 183 187
4 3131 3136 3134 3132
4 139 134 128 132
4 704 689 714 695
4 791 796 798 795
4 204 221 265 276
4 2252 2216 2198 2224
4 1862 1868 1863 1858
4 3900 4086 3891 4084
4 4374 4397 4381 4382
4 3874 3872 3864 3878
4 2086 357 363 376
4 4456 4539 4463 4543
4 2706 2632 2647 2730
4 2208 1777 1761 1752
4 4217 4214 4219 4218
4 1146 902 1133 1129
4 2783 2780 2779 2776
4 2128 2135 2131 2133
4 3180 3176 3200 3198
4 3576 3577 3566 3572
4 3527 3985 3995 3524
4 1390 1402 1397 1395
4 1618 1614 1608 1607
4 4384 4393 4395 4397
4 2529 3093 3096 2522
4 1170 1177 1173 1185
4 2606 2369 2366 2373
4 2501 2514 2506 2509
4 276 266 272 273
4 3599 3759 3597 3758
4 3190 3052 3201 3047
4 4405 4404 2670 4409
4 1888 1895 1894 1981
4 525 465 545 532
4 4328 4660 4650 4659
4 3538 3544 3539 3536
4 4422 4418 4428 4429
4 1210 1200 1204 1203
4 2676 2461 2466 3234
4 4451 4447 4625 4448
4 4445 4606 4433 4443
4 3661 3674 3641 3654
4 3893 3909 3941 3908
4 2989 3018 2990 2992
4 1548 1556 1546 1544
4 3598 3529 3919 3963
4 1706 1556 1591 1547
4 2298 2303 2284 2306
4 4007 4010 4005 3984
4 2649 2592 2512 2367
4 1473 1592 1705 1478
4 4392 4469 4395 4465
4 2495 2499 2488 2493
4 2813 2816 2817 2809
4 975 979 986 978
4 1462 1450 1518 1476
4 2747 2736 2750 2730
4 1540 1575 1529 1554
4 1212 1215 1644 4029
4 2346 2342 2335 2337
4 337 4103 4095 2725
4 2448 3232 3225 2469
4 1663 1664 1668 1666
4 28 29 41 37
4 1631 1620 1619 1647
4 4243 4229 4238 4248
4 3452 3433 3431 3434
4 2085 2080 2092 2087
4 1649 1502 1647 1655
4 4588 4594 4571 4585
4 1760 2160 2111 2157
4 4431 4442 4443 4449
4 1302 1314 1321 1316
4 3886 3885 3881 3891
4 1281 1274 1292 1276
4 1589 1594 1596 1603
4 1261 1259 1607 1267
4 1862 1872 1880 1882
4 522 523 534 533
4 1009 1013 1011 1007
4 3195 3199 3204 3205
4 2105 2104 2099 2107
4 1140 875 1141 1376
4 1354 883 872 886
4 4612 4650 4615 4642
4 16 43 67 39
4 2221 2229 2220 2209
4 2744 2649 2639 2647
4 1936 1952 1957 1948
4 2657 2661 2652 2659
4 2565 2564 2566 2562
4 2297 2292 2321 4506
4 1212 4074 4029 1642
4 1805 1803 1801 2327
4 588 279 222 277
4 2651 2621 2625 2629
4 3815 3807 3805 3906
4 1606 1613 1628 1609
4 545 465 468 549
4 1114 1027 1108 1155
4 1099 1116 1118 1115
4 1674 1203 1259 1267
4 3529 3527 3513 3519
4 2073 2079 2068 2069
4 3335 3348 3339 3342
4 4268 4285 4271 4278
4 1212 1223 1289 1642
4 700 696 691 686
4 1463 1489 1513 1451
4 932 940 938 929
4 1486 1483 2302 1482
4 354 4103 337 346
4 906 905 903 904
4 322 314 320 316
4 982 983 1414 974
4 535 537 522 523
4 4441 4430 4437 4427
4 1499 1506 1501 1497
4 1277 1276 1275 1269
4 2652 2663 4414 2665
4 3669 3667 3658 3659
4 595 593 590 592
4 873 876 901 880
4 4091 4096 4095 4097
4 1410 1965 1970 1966
4 2447 4435 2440 4433
4 1998 1994 2005 2002
4 4142 4148 4139 4138
4 1229 1248 1233 1230
4 2723 2712 2715 2697
4 1382 1664 1386 1381
4 3606 3608 3607 3604
4 4139 4145 4163 4138
4 2757 2768 2745 2767
4 989 964 998 1001
4 1885 1864 1884 1865
4 3336 3220 3332 3338
4 1077 1047 1035 1023
4 3900 3815 3906 3905
4 3074 3081 3082 3056
4 1591 1706 1675 1705
4 3257 3256 3261 2504
4 4500 4501 4515 4513
4 4268 4225 4228 4292
4 1489 1513 1451 1487
4 602 598 605 597
4 2641 2635 2639 2647
4 4368 4657 4664 4667
4 4185 4187 4180 4115
4 1243 1250 1247 1248
4 247 237 235 241
4 1903 2033 1893 2024
4 4157 4103 4144 343
4 2676 4438 2675 2754
4 809 1219 807 1216
4 4325 4274 4280 4269
4 3252 3263 3265 3254
4 3305 3307 3281 3333
4 1678 1680 1683 1686
4 858 847 689 695
4 1372 1367 1440 1362
4 634 617 639 636
4 1645 1633 4021 1642
4 2808 2843 2829 2832
4 2606 2369 2729 2366
4 3658 3661 3659 3641
4 4374 4404 4428 4425
4 2390 2369 2372 2373
4 3786 3773 3776 3784
4 3794 3834 3810 3862
4 3337 3307 3218 3333
4 2227 2219 2226 2217
4 4311 4293 4320 4278
4 470 474 469 468
4 154 212 173 185
4 160 167 170 162
4 2474 2470 2479 2576
4 3615 3618 3622 3619
4 760 747 794 755
4 2311 2297 2321 1495
4 4103 4104 4092 4133
4 4231 4229 4225 4228
4 3063 3224 3222 3230
4 3203 3201 3202 3190
4 3530 3580 4178 3531
4 2461 3234 3233 3235
4 3339 3335 3342 3331
4 4660 4653 4664 4335
4 3219 3208 3214 3220
4 1308 1312 1302 1311
4 46 69 71 43
4 2766 2761 2768 2769
4 258 240 252 253
4 472 523 478 464
4 3923 3916 3968 3921
4 2354 2343 4253 2347
4 3199 3163 3161 3193
4 3886 3885 3891 4023
4 2254 2223 2222 2224
4 3247 3240 3251 3239
4 3683 3676 3684 3641
4 404 357 362 363
4 3124 3081 3060 3070
4 2121 2172 2126 2131
4 3233 3234 3229 3222
4 112 125 795 127
4 2789 2905 2825 2791
4 3206 3221 3207 3210
4 1173 1177 1207 1185
4 4336 4242 4263 4244
4 2262 2260 2263 2199
4 1105 1128 1130 1095
4 189 184 514 187
4 1416 892 1354 1418
4 3600 3566 3605 3572
4 3887 3889 3886 3881
4 2273 1810 2272 1803
4 631 633 640 632
4 2375 2377 2371 2374
4 1119 1115 1110 1114
4 1363 1410 1335 1298
4 2861 2887 2886 2852
4 2072 2067 2125 2129
4 1959 1943 1955 1953
4 2546 2396 2410 2557
4 551 524 516 533
4 878 918 919 871
4 4321 4249 4186 4248
4 1135 1130 1128 1124
4 3223 3232 3229 3225
4 4010 4000 3972 4007
4 1382 1380 1213 1379
4 1828 1558 1571 1878
4 4495 4540 4531 4568
4 4223 2775 2356 4234
4 1674 1615 1609 1666
4 1571 1562 1568 1838
4 3224 3063 3222 3069
4 3616 3618 3615 3624
4 888 891 878 883
4 3752 3747 3748 3743
4 386 410 389 2232
4 3902 3909 3888 3898
4 4553 4558 4550 4493
4 2213 2201 2208 2215
4 1571 1875 1833 1838
4 3328 3350 3337 3238
4 3750 733 744 737
4 633 630 636 614
4 4172 4178 4168 4166
4 1695 1741 1703 1542
4 1109 1030 1117 1108
4 3219 3214 3212 3220
4 2918 2922 2921 2916
4 1720 1716 1705 1710
4 2765 2761 2772 2760
4 3347 3376 3344 3322
4 2052 2066 2068 2069
4 1509 1486 1501 1495
4 369 443 370 417
4 1077 1053 1019 1091
4 2216 2223 2198 2224
4 1112 1165 1118 1155
4 4340 3557 4361 4355
4 4037 3911 4045 4003
4 2628 2626 2633 2629
4 1803 2270 2262 2268
4 3220 3336 3332 3214
4 3772 3764 3766 3768
4 2830 2606 2613 2614
4 1099 1106 1120 1103
4 1673 1606 1609 1616
4 3337 3249 3329 3328
4 215 205 211 218
4 3230 3222 3063 3226
4 3397 3355 3394 3393
4 291 337 329 4122
4 368 416 414 409
4 2766 4098 2769 2771
4 1885 1879 1880 1861
4 4086 3886 4025 3915
4 2871 2863 2873 2872
4 212 217 214 209
4 4587 4576 4595 4585
4 4399 4377 4465 4381
4 1004 604 625 600
4 1937 1945 1940 1936
4 1445 1306 1314 1439
4 2396 2551 2557 2400
4 4582 4362 4359 4586
4 2560 2570 2571 2561
4 1766 1769 1767 1770
4 3348 3381 3344 3340
4 2592 2480 2620 2867
4 490 115 116 124
4 3508 3532 3510 3526
4 4359 4661 4594 4657
4 736 317 803 802
4 584 715 686 695
4 3310 3319 3317 3318
4 1468 1471 1470 1453
4 3010 3001 2957 2984
4 393 407 411 399
4 3383 3363 3368 3379
4 3561 3558 3553 3563
4 4026 1644 4027 1643
4 3544 3545 3950 3536
4 4258 4607 4253 4262
4 3911 3961 3924 3963
4 3908 3886 3877 3883
4 1006 963 953 965
4 3240 3247 3251 3248
4 2779 2388 2812 2390
4 1137 879 1142 881
4 1197 1674 1201 1381
4 3246 3277 3243 3244
4 931 901 871 869
4 1776 1921 1770 1930
4 1547 1528 1555 1532
4 471 466 464 472
4 4412 2718 2725 2259
4 1383 1388 638 1012
4 3350 3343 3345 3324
4 1508 1509 1501 1495
4 3177 3161 3198 3182
4 366 409 408 364
4 2154 1928 2162 1927
4 1809 1808 1800 1789
4 2280 2277 2247 2279
4 557 555 554 563
4 3213 3327 3218 3310
4 2385 2338 2335 2360
4 1115 1117 1108 1119
4 1313 1302 1299 1329
4 3804 3809 3792 3810
4 4613 4618 4610 4625
4 3350 3348 3349 3345
4 2220 2203 2209 2115
4 3339 3324 3350 3337
4 4400 1495 4492 4391
4 2285 2280 4405 2279
4 198 200 161 197
4 3323 3344 3322 3346
4 1342 1335 1340 1336
4 3940 3916 3933 3921
4 2000 2031 2030 2037
4 2729 2789 2753 2756
4 3079 3157 3140 3155
4 1824 1568 1838 1560
4 4405 4403 4369 4397
4 3566 3600 3576 3572
4 2028 1388 1572 1376
4 3421 3467 3387 3468
4 3116 2516 2522 2504
4 4536 4549 4537 4538
4 1409 1432 1413 1406
4 2619 2609 2615 2608
4 803 492 317 503
4 2141 2155 2162 2167
4 2342 2376 2345 2372
4 821 846 792 799
4 2211 2202 2200 2215
4 3912 3925 3928 3920
4 1165 1121 1118 1155
4 3307 3329 3337 3218
4 3890 3909 3893 3908
4 3420 3414 3428 3426
4 1945 1935 1943 1936
4 1459 1464 1451 1453
4 4175 4173 3525 4166
4 2309 2277 2247 2190
4 274 267 1037 272
4 3856 3830 3857 3863
4 1856 2022 2023 1868
4 4411 4402 4406 4410
4 1858 1857 1868 1864
4 3925 3736 3728 3737
4 4579 4557 4564 4561
4 2714 2721 2712 2715
4 3882 3889 3881 3867
4 4043 4031 4035 4046
4 4249 4295 4304 4186
4 3525 4176 3531 4166
4 2838 2905 2909 2791
4 3961 3964 3943 3955
4 1831 1839 1828 1878
4 4631 4655 4649 4621
4 3377 3369 3351 3371
4 3309 3327 3325 3326
4 1134 898 1125 904
4 1514 1507 1516 1513
4 1519 1525 1516 1512
4 2221 2195 2198 2223
4 3221 3206 3273 3217
4 871 874 869 877
4 1349 1351 1347 1971
4 4660 4328 4650 4335
4 355 350 345 341
4 3910 807 1216 820
4 2904 2907 2908 2893
4 3052 3048 3201 3047
4 4540 4566 4521 4531
4 3684 3680 3670 3673
4 4168 4303 4298 4172
4 1004 1006 942 1010
4 1663 4013 1649 1664
4 529 535 526 528
4 689 685 690 699
4 54 189 61 74
4 2182 2052 2044 2148
4 2750 2735 2730 2736
4 700 689 690 699
4 1393 1013 978 1012
4 2769 4098 4096 2771
4 3788 3776 3774 3752
4 275 269 277 268
4 2592 2507 2649 2512
4 3908 3899 3921 3915
4 3383 3381 3340 3376
4 2274 4408 4406 4410
4 485 486 492 476
4 153 379 2059 378
4 514 507 574 516
4 3598 3627 315 310
4 4530 4532 4521 4522
4 3944 3957 3955 3965
4 2030 2036 1994 2002
4 3240 3241 3251 2458
4 2096 2074 2099 2107
4 3539 3985 3524 3992
4 2342 2370 2376 2372
4 3338 3325 3336 3347
4 4475 4445 4454 4443
4 1040 278 255 1046
4 1050 958 1061 962
4 1764 1775 1771 1778
4 4422 4429 4428 4419
4 1591 1585 1586 1493
4 4110 4105 4111 4114
4 1667 1609 1620 1660
4 1933 1938 1932 1922
4 3140 3141 3138 3139
4 3547 3549 3540 3534
4 721 732 774 726
4 2590 2876 2587 2577
4 661 662 658 659
4 1956 1859 1960 1955
4 1092 1152 1103 1155
4 2176 2058 2064 2170
4 4606 2443 4600 4433
4 4652 4621 4615 4642
4 2343 2350 2335 2344
4 427 424 411 430
4 1946 1960 1943 1953
4 2771 2772 2767 2773
4 1432 1414 1413 1405
4 1283 1232 1284 1253
4 3838 3903 3940 3934
4 2018 2037 2035 2026
4 1637 1645 1256 1642
4 1400 1390 1401 1373
4 515 514 195 187
4 983 972 981 978
4 4550 3989 4561 3993
4 4336 4659 4616 4247
4 1599 1464 1460 1451
4 2465 2469 2442 2449
4 337 305 4095 291
4 1446 1444 1447 1438
4 556 133 557 136
4 1554 1557 1548 1546
4 2512 2411 2400 3261
4 1269 1274 1276 1286
4 3982 4089 3983 3953
4 3145 3158 3153 3155
4 4268 4323 4285 4278
4 1116 1111 1121 1118
4 2662 2656 2257 2652
4 3718 3737 3774 3752
4 472 536 463 528
4 4508 4500 4504 4503
4 1762 2110 2208 1752
4 4612 4636 4540 4665
4 2433 2428 2427 2434
4 3856 3857 3860 3863
4 2313 2315 2306 2316
4 1312 1313 1317 1302
4 4189 4307 4295 4186
4 656 649 648 650
4 3705 3704 3690 3698
4 2601 2506 2512 2400
4 3272 3286 3274 3278
4 2411 2414 2337 2416
4 2655 2249 2257 4414
4 3401 3416 3407 3404
4 2411 2343 2415 2754
4 4421 4378 4370 4374
4 4579 4574 4577 4569
4 645 949 652 650
4 411 407 420 412
4 3549 3546 3538 3563
4 1478 1466 1476 1474
4 2873 2874 2870 2872
4 4254 4256 4647 4262
4 1214 1257 1642 1635
4 1314 1307 1299 1201
4 1716 1615 1624 1708
4 2425 2452 2415 2438
4 4096 4091 2723 2771
4 3829 3826 3794 3831
4 3718 3676 3776 3672
4 1550 1548 1549 1546
4 1617 1605 1609 1607
4 3295 3289 3300 3305
4 1470 1474 1476 1453
4 245 147 235 149
4 1734 1210 1203 1607
4 609 612 604 600
4 4072 4073 4038 4061
4 1689 1678 1680 1692
4 410 355 403 413
4 4293 4285 4320 4278
4 2713 2726 299 2712
4 1892 1900 1917 1891
4 691 593 699 583
4 628 637 640 812
4 3052 3049 3047 3043
4 2126 2055 2066 2068
4 150 245 154 149
4 2311 4400 4384 4391
4 1706 1556 1547 1546
4 4384 4400 4466 4391
4 1956 1960 1958 1955
4 2067 2124 2135 2129
4 3860 3851 3856 3863
4 3388 3391 3499 3387
4 283 442 289 417
4 3731 3676 3735 3729
4 3786 3776 3718 3774
4 267 270 272 8
4 64 62 60 59
4 339 331 338 351
4 619 629 636 638
4 3969 3962 3965 3963
4 168 163 206 210
4 2425 2428 2438 2430
4 1720 1717 1708 1710
4 4323 4311 4320 4278
4 1289 1223 1294 1642
4 2718 302 2725 2259
4 1502 1513 1523 1512
4 2270 2172 1805 1777
4 696 700 691 699
4 3776 3786 3784 3774
4 683 675 681 684
4 2311 1566 2321 2328
4 870 1970 1982 881
4 3428 3419 3384 3424
4 3835 3858 3841 3863
4 113 126 127 119
4 463 472 478 464
4 3121 3081 3124 3070
4 14 36 4 37
4 4655 4648 4640 4645
4 927 1101 1122 1048
4 1006 596 942 957
4 1666 1690 1206 1746
4 2251 302 2240 2237
4 3760 3768 3786 3774
4 4337 4661 4329 4659
4 1134 1123 905 904
4 4308 4205 4172 3521
4 296 397 411 300
4 4284 4291 4289 4285
4 681 674 866 684
4 4032 1636 1641 4027
4 3938 3928 3899 3933
4 3180 3187 3175 3178
4 4584 4582 4594 4585
4 4295 4249 4304 4321
4 3116 2466 3062 3126
4 297 397 295 389
4 3136 3132 2946 3134
4 1741 1699 1542 1695
4 2276 2275 2281 2286
4 1839 1840 1829 1830
4 1562 1573 1568 1564
4 2093 2078 2089 2087
4 1939 1906 1940 1938
4 1815 1826 1812 1574
4 677 675 683 676
4 3507 3512 3511 3506
4 3651 3676 3749 3740
4 2212 2214 2204 2209
4 1786 1750 1761 1773
4 18 20 27 23
4 711 708 715 716
4 2313 2270 2248 1567
4 2725 4103 343 346
4 963 959 962 965
4 3335 3348 3331 3346
4 215 208 209 226
4 397 300 295 389
4 723 790 727 780
4 1281 1277 1272 1269
4 4145 4157 4163 4218
4 4431 4448 4451 4606
4 1769 1779 1761 1773
4 1750 1769 1761 1773
4 3922 3598 3919 3963
4 3661 3664 3659 3641
4 3117 3123 3119 3115
4 2775 2780 2356 2776
4 3818 3817 3805 3810
4 3873 3867 3877 3868
4 4552 4558 4483 4550
4 741 738 734 737
4 541 547 548 546
4 4086 3900 4089 4084
4 531 525 532 523
4 3725 3603 3714 3609
4 184 174 183 268
4 2334 2341 2339 2337
4 4125 4114 4121 4132
4 337 305 339 346
4 2759 2897 2756 2760
4 793 760 754 794
4 919 895 871 923
4 731 738 737 734
4 2390 2775 2387 2356
4 1907 1911 1901 1886
4 3205 3026 3201 3195
4 565 556 557 561
4 4308 4197 4245 4186
4 1186 1433 1187 1424
4 674 672 678 684
4 679 680 676 684
4 181 184 201 185
4 4264 4259 4261 2356
4 3719 3600 3607 3581
4 3623 353 323 315
4 2207 2212 2204 2115
4 1720 1708 1715 1716
4 1384 1373 1429 1415
4 1943 1948 1936 1953
4 392 400 388 389
4 4258 4254 4262 4265
4 2582 2607 2610 2615
4 4158 4153 4156 4151
4 4524 4537 4519 4533
4 1990 2035 2000 1979
4 2511 2501 2506 2509
4 305 4095 2725 346
4 1445 1446 1439 1193
4 499 506 485 504
4 3633 3623 323 315
4 174 184 181 185
4 2117 2207 2204 2115
4 403 2259 348 346
4 2830 2874 2886 2825
4 3939 3932 3940 3935
4 1791 1790 1780 1773
4 42 224 227 53
4 1257 1294 1642 1260
4 1645 4063 1282 1642
4 1739 1706 1712 1714
4 1688 1693 1690 1692
4 4054 4053 4047 4048
4 366 369 408 360
4 1036 255 1160 1046
4 2255 2258 2251 2252
4 4188 4189 4295 4186
4 191 570 181 201
4 1674 1204 1207 1213
4 1233 1234 1244 1248
4 488 490 124 476
4 1510 1498 1508 1497
4 2126 2184 2073 2097
4 1760 1758 1926 2157
4 3881 3882 3867 3879
4 4542 4547 4536 4546
4 3609 3605 3607 3600
4 4520 4527 4536 4546
4 3609 3607 3604 3598
4 3593 3717 3719 3581
4 2637 2636 2645 2642
4 1262 1254 1616 1267
4 3234 3068 2690 3236
4 409 404 357 366
4 272 1040 1037 1046
4 16 222 183 48
4 2184 404 2081 413
4 2833 2789 2777 2778
4 331 3623 336 326
4 519 518 508 515
4 4006 1510 4494 4008
4 939 1063 927 929
4 65 63 58 59
4 638 614 626 621
4 29 28 36 37
4 1970 879 870 872
4 681 689 690 684
4 2214 2207 2212 2204
4 1121 1092 1118 1155
4 3415 3416 3429 3426
4 974 983 981 978
4 4579 4564 4574 4569
4 2544 2541 2648 2531
4 1823 1811 1830 1820
4 681 688 689 864
4 2351 2340 2360 2344
4 1207 1384 1379 1377
4 4180 4238 4245 4186
4 1420 982 1432 980
4 2124 2130 2131 2097
4 784 778 787 788
4 255 278 274 1046
4 2574 2598 2602 2608
4 2447 4605 4600 2443
4 2753 2744 2749 2758
4 4199 4206 4203 4193
4 609 603 596 644
4 4206 4207 4151 4196
4 2033 2028 1559 1855
4 1572 1562 1559 1855
4 2399 2412 2396 2400
4 4013 1649 4001 1654
4 4405 4413 4414 2253
4 1828 1831 1878 1873
4 3139 3131 3134 3143
4 2339 2337 2344 2436
4 4195 4307 4189 4200
4 1537 1535 1538 1531
4 2585 2589 2612 2608
4 4355 3522 4339 3554
4 4091 4094 4093 4095
4 2780 4233 4223 2781
4 3743 3866 3868 3874
4 521 75 528 77
4 2606 2620 2612 2615
4 1683 1688 1692 1686
4 1992 1986 1983 1984
4 1862 1859 1882 1861
4 222 231 268 48
4 1204 1734 1722 1315
4 3538 3522 3553 3550
4 562 560 577 552
4 3238 3246 3249 3244
4 2450 2447 4435 2440
4 2396 2410 2551 2400
4 1093 1052 1102 1058
4 267 279 274 1037
4 111 481 103 115
4 3356 3368 3364 3369
4 572 569 576 577
4 855 859 861 831
4 221 276 272 265
4 4135 4131 4132 4124
4 4435 2445 2450 2440
4 2609 2610 2615 2608
4 3985 3538 3553 3563
4 3336 3338 3332 3331
4 4205 4308 4172 4298
4 3910 3922 3924 3914
4 4363 3557 3553 3554
4 280 293 328 329
4 3907 3903 3938 3896
4 2044 2049 2053 2038
4 3416 3401 3417 3425
4 3395 3385 3389 3384
4 3922 3917 3923 3921
4 1948 1903 1959 1943
4 499 506 502 475
4 2042 234 2046 235
4 3174 3188 3176 3183
4 2829 2815 2808 2809
4 429 426 415 430
4 2752 2751 2736 2756
4 2417 2551 3261 3260
4 116 118 489 124
4 705 700 714 690
4 171 177 175 179
4 4445 4454 4443 4444
4 1474 1458 1476 1453
4 1694 1748 1206 1746
4 1047 1160 1046 1156
4 2729 2789 2833 2776
4 2502 2470 2573 2571
4 1886 1893 1947 1898
4 1731 1618 1732 1728
4 141 565 557 570
4 2794 2842 2919 2791
4 1403 1408 1417 1362
4 1639 1633 1640 1634
4 1743 1748 1746 1714
4 1490 1581 1576 1584
4 961 970 965 971
4 2138 1913 2152 2139
4 1042 1037 1038 1035
4 2168 2183 2165 2171
4 339 305 403 346
4 3196 3147 3193 3150
4 3680 3708 3699 3673
4 1591 1663 1496 1473
4 4463 4480 4545 4472
4 1110 1102 1107 1058
4 4383 2274 4406 4410
4 3213 3314 3318 3310
4 912 915 921 911
4 1412 1383 974 1012
4 510 512 507 516
4 1257 1294 1260 1265
4 3737 3755 3750 3747
4 2718 2726 305 304
4 3209 3226 3217 3235
4 3602 3601 3634 3607
4 206 216 218 210
4 190 202 194 197
4 2746 4253 4601 4607
4 114 120 121 124
4 2184 2059 2090 363
4 3589 4162 3595 4178
4 1999 2000 2002 1976
4 3820 3829 3831 3821
4 3067 2646 2643 2642
4 1102 1110 1103 1058
4 437 444 432 434
4 134 129 128 132
4 3627 315 310 342
4 3553 3985 3563 3534
4 1419 1429 1431 1428
4 4257 4275 4647 4262
4 2133 2132 2129 2171
4 204 230 215 209
4 4520 4532 4527 4533
4 487 463 536 528
4 3910 3924 3867 3913
4 2138 2152 2144 2139
4 3913 3867 3868 3877
4 2152 2147 2144 2139
4 692 704 695 684
4 2000 2030 1976 1979
4 689 705 714 690
4 438 550 538 546
4 1355 1970 1354 872
4 4237 2770 2763 2758
4 2834 2839 2840 2844
4 1917 1916 1905 1910
4 2153 2172 2121 1777
4 3695 3702 3686 3701
4 340 405 417 408
4 3035 3028 3049 3038
4 1059 1100 927 1048
4 4478 4480 4463 4472
4 675 683 676 684
4 4447 4549 4453 4455
4 704 689 695 684
4 3690 3703 3692 3709
4 603 1000 606 1010
4 606 613 625 1010
4 4547 4539 4543 4545
4 263 275 265 214
4 1769 1763 1779 1770
4 627 623 636 630
4 2782 2788 4236 4240
4 1652 1651 4001 1654
4 4123 4105 4092 4114
4 806 591 587 586
4 2054 2055 2061 2053
4 4257 4252 4292 4263
4 2012 1893 2024 2011
4 949 588 11 957
4 868 888 878 883
4 2376 2345 2372 2386
4 3359 3364 3356 3393
4 2134 2183 2132 2171
4 1869 1866 1868 1845
4 2282 2286 2281 2279
4 794 799 825 755
4 645 651 653 650
4 3511 3533 3531 3510
4 4539 4456 4463 4472
4 568 567 512 516
4 1051 1050 1061 1048
4 354 337 338 346
4 2795 2799 2797 2798
4 3962 3518 3956 3966
4 1467 1470 1477 1468
4 3825 3814 3822 3810
4 2646 2638 3098 2643
4 3075 3155 3086 3077
4 4465 4392 4415 4377
4 1851 1677 1853 1681
4 3692 3689 3688 3686
4 789 829 827 828
4 1234 1238 1248 4058
4 102 103 98 99
4 2240 355 2259 413
4 2768 2759 2756 2760
4 562 184 360 555
4 1388 1383 1382 1381
4 2141 2140 2167 2139
4 3922 3750 744 3737
4 161 170 162 197
4 3312 3306 3308 3323
4 2656 2657 2652 2238
4 2376 2377 2375 2374
4 4029 1212 1642 1644
4 3408 3409 3407 3384
4 1545 1548 1555 1546
4 402 2172 413 2174
4 1670 1664 1668 1657
4 4103 4237 2763 2660
4 4500 4508 4514 4391
4 907 873 901 903
4 638 614 621 635
4 4177 4302 4172 4300
4 1812 1568 1824 1560
4 1344 1335 1342 1368
4 3070 3078 3080 3077
4 963 1006 895 937
4 547 543 546 538
4 433 444 431 546
4 3296 3341 3306 3323
4 2853 2880 2887 2852
4 1230 4071 4067 4068
4 2077 2052 2068 2069
4 1398 1013 979 978
4 3919 3886 3924 3918
4 155 153 132 372
4 1171 1277 1168 1272
4 3309 3310 3319 3322
4 1936 1939 1944 1932
4 3921 3924 3920 3915
4 4041 3979 4089 3983
4 231 31 8 227
4 3196 3035 3204 3205
4 358 378 2174 363
4 2378 2380 2384 2388
4 2358 2357 2360 2348
4 2849 2861 2886 2854
4 1347 1410 1354 1971
4 2839 2832 2844 2843
4 444 539 542 546
4 460 453 456 452
4 2090 2086 363 376
4 2785 2768 2756 2760
4 2389 2393 2364 2386
4 540 544 539 546
4 2455 2426 2444 2431
4 1032 1161 1112 1108
4 1502 1523 1647 1515
4 2380 2379 2384 2392
4 2343 2411 2414 2337
4 928 941 932 933
4 3788 3786 3784 3787
4 3207 3211 3217 3216
4 4187 4192 4180 4115
4 4364 4356 4353 4367
4 4136 3612 4147 4138
4 3089 3169 3090 3086
4 539 548 547 546
4 538 541 438 546
4 4618 4620 4610 4625
4 2283 2276 2287 2309
4 3874 3755 3914 3743
4 436 548 433 546
4 491 112 795 485
4 2453 2440 2450 2445
4 1771 1882 1880 1876
4 4582 4586 4359 4595
4 1913 1932 1931 1933
4 2000 2035 2030 1979
4 1748 1615 1727 1206
4 1083 1079 1090 1088
4 712 710 672 684
4 4212 4154 4160 4163
4 250 259 1904 261
4 2747 2744 2647 2678
4 3609 3607 3598 3719
4 3855 3850 3852 3861
4 4084 4079 3898 4077
4 1363 1410 1364 1353
4 167 161 170 162
4 1656 1658 1659 1655
4 1382 1384 1379 1381
4 4552 4483 4485 4550
4 4562 4552 4485 4550
4 4068 1230 4047 4055
4 1088 1019 1035 1023
4 3964 3943 3947 3992
4 1814 1528 1836 1813
4 951 955 956 944
4 4017 4023 4062 4075
4 3788 3776 3784 3774
4 1388 2028 222 592
4 2397 2603 2595 2600
4 874 1042 1153 1141
4 4395 4396 4514 4385
4 1355 1975 1970 872
4 2699 2711 2771 2745
4 1887 1897 1890 1898
4 2833 2809 2819 2777
4 204 207 215 219
4 1348 1355 1354 872
4 2172 2184 2216 2174
4 2035 1990 1980 1979
4 337 339 351 346
4 547 540 539 546
4 16 18 31 37
4 469 473 468 474
4 606 603 1010 600
4 4007 4013 4005 4008
4 3409 3413 3408 3407
4 3817 3809 3808 3805
4 3684 3688 3776 3686
4 1292 1268 1281 1276
4 1284 1266 1258 1286
4 247 2142 253 1905
4 3087 3096 3100 3126
4 1277 1278 1272 1269
4 754 803 802 747
4 488 506 475 485
4 1512 1509 1497 1503
4 3692 3689 3686 3698
4 4092 4129 4121 4133
4 438 550 546 370
4 3187 3175 3178 3184
4 4363 4583 4594 3553
4 3158 3153 3155 3152
4 3975 3982 3979 3983
4 4310 4302 4177 4300
4 2520 2530 2522 2517
4 4393 4395 4397 4394
4 2661 2657 2664 2659
4 507 567 576 516
4 3629 3630 3598 3634
4 19 14 27 17
4 324 321 311 313
4 143 155 153 132
4 2680 4430 2683 4438
4 1173 1207 1379 1172
4 2409 2506 2557 2562
4 949 942 957 947
4 2202 2204 2200 2215
4 3572 3591 3592 3581
4 287 292 333 403
4 1120 1103 1114 1118
4 625 638 621 635
4 1410 1363 1307 1298
4 3718 3676 3731 3729
4 2704 2659 2708 2630
4 1077 1061 1053 1091
4 4396 4390 4386 4394
4 1914 249 1905 261
4 4313 4311 4309 4351
4 593 596 585 592
4 1743 1746 1744 1735
4 2682 2689 2685 2694
4 986 979 1011 978
4 3226 3062 3235 3222
4 455 435 448 443
4 543 551 546 538
4 1709 1611 1610 1612
4 1343 1842 1843 1849
4 3343 3351 3353 3349
4 2955 3001 2959 2962
4 4393 2295 2288 2301
4 4266 2353 2350 2347
4 4225 4229 4232 4248
4 2292 2302 2289 2297
4 2769 2770 2762 2772
4 1391 1399 1402 626
4 4043 4036 4038 4035
4 1102 1052 1107 1058
4 2421 2339 2414 2337
4 1562 1559 1573 1565
4 4428 4404 4419 4425
4 2317 2310 2316 2294
4 4332 4334 4664 4335
4 2850 2860 2854 2856
4 475 482 478 476
4 2206 2205 2215 1755
4 4510 4512 4507 4514
4 3389 3418 3428 3426
4 952 942 1000 642
4 4178 4172 4168 4205
4 1900 2028 1888 1981
4 446 460 506 456
4 2720 2727 2722 2726
4 1547 1596 1588 1575
4 1591 1473 1705 1675
4 400 392 295 389
4 3513 3517 3966 3963
4 910 900 897 909
4 1913 1915 1912 1916
4 1974 1972 1973 1977
4 2028 875 1965 1140
4 1026 1020 1032 1027
4 4374 4404 4369 4428
4 855 865 834 862
4 4108 2762 4180 4115
4 3997 3999 3989 3993
4 2679 2681 2694 2666
4 269 185 144 2177
4 3227 3223 3217 3233
4 1161 1027 1047 1156
4 4356 4330 4329 4367
4 3969 3960 3955 3965
4 2535 2486 2541 2476
4 4069 4064 4068 4062
4 2447 4600 4598 4606
4 690 705 676 684
4 2785 2789 2784 2798
4 1103 1057 1124 1122
4 1404 1410 1417 1364
4 4277 4275 4651 4647
4 733 312 819 310
4 841 847 851 845
4 3414 3416 3428 3426
4 3546 3537 3538 3550
4 3320 3341 3344 3323
4 2300 2297 2301 4506
4 4566 4523 4551 4567
4 1693 1697 1692 1686
4 769 775 767 761
4 1920 1926 1927 2157
4 1972 1971 1964 1976
4 1045 270 272 1038
4 4089 3944 3983 3953
4 2632 2739 2631 2647
4 757 797 825 755
4 2417 2411 2400 2422
4 28 41 31 37
4 2162 1931 1776 1927
4 1932 1906 1908 1916
4 482 526 475 478
4 1840 1839 1832 1828
4 3616 3618 3622 3615
4 3273 3257 3235 3122
4 3922 744 3598 3737
4 1803 2313 2305 2319
4 678 692 858 866
4 3406 3407 3404 3413
4 1229 4047 4058 1248
4 1493 2321 1482 1485
4 2063 2056 2076 2068
4 1732 1618 1608 1728
4 794 797 757 755
4 66 65 57 56
4 3858 3841 3863 3861
4 1443 1423 1436 1432
4 2428 2434 2426 2439
4 879 1967 868 1970
4 4182 4185 4180 4238
4 2161 2111 2160 2159
4 3906 3900 3905 3899
4 1895 1887 1888 1891
4 1903 269 1917 1905
4 2462 2442 2469 2464
4 2542 2543 2544 2541
4 4022 3895 3891 4030
4 3989 3995 4493 4495
4 3047 3204 3035 3201
4 3696 3695 3701 3698
4 3662 3664 3681 3659
4 4179 4190 4200 4184
4 461 447 454 459
4 3893 3876 3884 3877
4 213 219 207 239
4 1443 1427 1423 1432
4 3985 3538 3522 3553
4 284 427 424 282
4 1663 1591 1496 1569
4 2896 2902 2899 2908
4 1307 1410 1298 1381
4 1691 1701 1693 1700
4 4164 4167 4178 4166
4 2390 2388 2386 2384
4 4583 4363 3562 3553
4 4605 4608 4598 4601
4 966 951 956 944
4 4493 4500 4492 4503
4 1349 1359 1360 1347
4 4098 4105 4096 4099
4 2969 2978 2953 2956
4 212 164 172 173
4 1135 1128 1132 1124
4 44 46 45 54
4 2713 290 4094 4095
4 4226 4242 2753 4240
4 4400 4384 4403 4401
4 3530 3527 3522 3521
4 2444 2447 2450 2443
4 70 189 56 484
4 1274 1281 1269 1276
4 3309 3325 3331 3346
4 3352 3381 3377 3353
4 2343 2335 2337 2344
4 2051 2048 2060 2052
4 4107 4183 4180 4222
4 1025 1021 1029 1023
4 2794 2847 2791 2793
4 447 454 446 455
4 1799 1804 1802 1809
4 385 377 373 376
4 1881 1870 1771 1880
4 453 461 456 452
4 4148 3575 4142 3579
4 4500 4515 4514 4513
4 3069 3231 3058 3236
4 1542 1741 1744 1735
4 2466 3261 2643 2504
4 1440 1367 1447 1362
4 990 992 996 994
4 2111 2110 2121 2120
4 2079 2078 2073 2068
4 2369 2744 2411 2512
4 1211 1220 1380 1221
4 2243 2258 2257 2250
4 4064 1297 1251 4074
4 1498 4502 4494 4504
4 4511 4507 4516 4508
4 2700 2703 2705 2710
4 2747 2744 2740 2647
4 861 856 859 866
4 2330 2296 2291 2320
4 1774 1775 1764 1767
4 3373 3376 3380 3368
4 2143 2145 2142 2140
4 3681 3680 3684 3679
4 1374 628 629 638
4 674 857 861 866
4 3881 3867 3877 3879
4 279 275 274 263
4 3662 3669 3664 3659
4 1699 1695 1698 1692
4 2862 2853 2860 2852
4 2354 2350 2356 2360
4 1405 1412 1413 1415
4 3147 3161 3198 3176
4 1477 1469 1468 1470
4 3135 3138 3139 3083
4 986 979 1017 1011
4 3055 3043 3040 3050
4 747 760 757 755
4 56 67 104 61
4 1913 1916 1910 1908
4 4120 4140 4137 4145
4 4352 4350 4365 4355
4 297 397 300 295
4 3175 3176 3182 3184
4 3811 3954 3814 3815
4 2371 2606 2366 2373
4 427 284 424 425
4 1732 1608 1734 1728
4 2673 2669 2666 2665
4 356 380 361 363
4 4232 4235 4225 4248
4 4015 1510 1503 1515
4 3177 3172 3155 3173
4 1410 1335 1298 1336
4 3618 3613 3610 3622
4 82 77 83 70
4 1272 1171 1180 1168
4 3964 3961 3957 3955
4 4413 2663 2671 2665
4 3625 3632 3628 3635
4 355 2259 349 348
4 355 405 350 341
4 709 584 715 599
4 1057 1122 1153 1127
4 4372 4410 4369 4382
4 640 812 587 635
4 4188 4239 4238 4186
4 707 598 601 609
4 1543 1554 1577 1575
4 1641 4020 4027 1643
4 1875 1833 1878 1873
4 4107 4109 4117 4114
4 4125 4216 4107 4132
4 4082 3982 4076 4089
4 3704 3705 3701 3698
4 4550 3989 4493 4495
4 1094 1096 1099 1103
4 3871 3882 3870 3867
4 922 936 933 937
4 3508 3552 3526 3550
4 4469 4466 4395 4465
4 3961 4025 4034 3911
4 1917 269 262 1905
4 4253 4255 4266 2347
4 2080 2073 2087 2055
4 2543 2533 2544 2535
4 1646 1653 1662 1660
4 1805 1832 1571 1834
4 2744 2649 2647 2642
4 3997 4557 3998 3993
4 892 1348 1416 1354
4 2854 2886 2840 2823
4 405 411 420 408
4 3144 3045 3146 3150
4 1335 1971 2002 1966
4 4602 4614 4597 4601
4 1164 1153 1160 1141
4 2889 2742 2743 2732
4 593 16 588 222
4 1552 1535 1532 1538
4 3035 3024 3020 3028
4 2329 1576 2327 1584
4 4174 4341 4343 4177
4 242 212 210 173
4 1946 1859 1858 1868
4 2709 2699 2706 2696
4 1410 1404 1363 1364
4 2731 2743 2732 2867
4 2720 2726 2712 2715
4 4404 4432 2684 4425
4 2779 2381 2819 2776
4 4350 4352 4345 4354
4 2526 2529 2525 2517
4 448 455 459 454
4 2582 2610 2590 2615
4 125 795 127 119
4 4550 4569 3989 4495
4 2879 2893 2881 2895
4 4608 4597 4601 4607
4 1402 620 618 614
4 1554 1543 1547 1575
4 596 593 583 592
4 1866 1869 1868 1864
4 2262 2270 2196 2263
4 629 638 640 636
4 1818 1811 1819 1822
4 4338 4329 4351 4353
4 854 852 838 840
4 56 65 67 59
4 559 566 361 554
4 4265 4257 4256 4262
4 612 598 609 604
4 4526 4524 4537 4519
4 1540 1575 1554 1531
4 1061 1047 1042 1077
4 1552 1689 1542 1550
4 696 477 590 845
4 3509 3559 3526 3550
4 2897 2900 2907 2894
4 3377 3370 3369 3371
4 2636 2634 2624 2642
4 477 802 485 492
4 730 724 726 723
4 184 174 181 187
4 480 118 121 485
4 3507 3511 3519 3506
4 1057 1114 1053 1055
4 1236 1243 1247 1248
4 983 890 1409 981
4 1889 1896 1894 1891
4 2809 2786 2802 2814
4 1899 1901 1947 1898
4 910 906 900 909
4 2898 2910 2899 2908
4 4043 4031 4036 4035
4 2812 2378 2819 2381
4 3331 3309 3310 3327
4 371 409 357 364
4 3138 3078 3083 3073
4 2610 2585 2608 2574
4 1904 1907 1917 1910
4 462 459 431 443
4 2336 2432 2339 2344
4 4147 4135 4132 4145
4 2369 2729 2390 2776
4 2633 2647 2624 2642
4 4216 4111 4125 4107
4 2595 2601 2566 2600
4 4400 4401 2725 2259
4 4302 4303 4172 4300
4 3728 3925 3737 3740
4 2584 2585 2589 2612
4 1484 1599 1494 1451
4 3773 3697 3694 3687
4 1509 1508 1504 1500
4 2240 410 300 403
4 1631 1667 1620 1647
4 3772 3769 3764 3760
4 613 1013 625 1010
4 1452 1471 1453 1474
4 2142 247 237 235
4 1847 1844 1843 1845
4 1388 1572 1386 1565
4 3078 3083 3077 3076
4 1449 1462 1458 1476
4 70 76 59 74
4 2824 2826 2830 2823
4 3951 3948 3946 3953
4 3059 3128 3126 3057
4 3178 3114 3184 3112
4 4348 4341 4347 4354
4 58 63 67 59
4 1559 1563 1565 2179
4 4512 4390 4396 4394
4 1694 1727 1703 1744
4 967 964 1001 965
4 2497 2491 2488 2732
4 930 931 909 911
4 285 4102 4095 291
4 2172 2270 1805 1563
4 3172 3092 3157 3090
4 3065 3059 3081 3056
4 2610 2612 2615 2608
4 2536 2545 2534 2541
4 1568 1570 1587 1564
4 2785 2782 2753 4240
4 426 428 415 430
4 3612 3618 3610 3622
4 1608 1674 1609 1616
4 1664 1649 1668 1657
4 4498 4501 4502 4504
4 4364 4360 4366 4359
4 3913 3893 3877 3868
4 995 963 965 937
4 4110 4111 4117 4114
4 2844 2809 2829 2846
4 26 19 653 27
4 3103 3093 2522 3100
4 596 1004 942 1010
4 2196 2270 2190 2263
4 1077 1088 1086 1091
4 1965 1970 870 872
4 3087 2529 3093 3096
4 2597 2594 2616 2593
4 148 2062 2049 2053
4 2012 2018 2011 1988
4 1488 1586 1596 1603
4 3378 3367 3357 3363
4 4158 4162 4205 4178
4 2318 2264 2304 2305
4 4484 4487 4481 4478
4 4612 4636 4613 4540
4 9 645 14 11
4 582 820 1386 594
4 1893 1903 1916 1943
4 4275 4623 4647 4262
4 441 438 443 370
4 3133 3074 3135 3131
4 490 481 124 476
4 1783 1809 1789 1782
4 1341 1330 1342 1334
4 4400 4412 4403 2675
4 4516 4498 4508 4513
4 955 946 956 948
4 1281 1280 1269 1272
4 2733 2742 2728 2736
4 470 474 468 432
4 3782 3772 3786 3724
4 4102 290 285 4095
4 3163 3170 3168 3162
4 2315 2248 2247 2259
4 2438 2415 2439 2443
4 4214 4212 4219 4218
4 486 103 484 476
4 1681 1551 1555 1542
4 1391 615 616 626
4 4192 4107 4180 4115
4 4449 4431 4451 4443
4 212 207 214 241
4 1125 1101 927 909
4 1814 1825 1812 1820
4 1748 1615 1716 1708
4 1218 1222 1214 1216
4 2030 2036 2002 1968
4 1040 271 274 272
4 3081 3074 3070 3073
4 3539 3964 3947 3992
4 3147 3161 3193 3198
4 507 514 191 195
4 1203 1198 1259 1607
4 4308 3528 4343 4311
4 2376 2364 2386 2375
4 2153 2182 2162 2167
4 2313 2311 2316 2328
4 2357 2358 2360 2361
4 2860 2856 2870 2854
4 638 1004 592 635
4 2488 2491 2869 2732
4 772 775 770 773
4 4207 4107 4219 4218
4 684 682 681 683
4 459 445 443 448
4 1252 1246 1282 1251
4 4285 4279 4271 4278
4 482 189 526 484
4 3316 3308 3408 3320
4 4621 4620 4617 4610
4 76 71 59 74
4 2052 2054 2044 2053
4 1870 1882 1880 1872
4 1585 1566 2327 2328
4 4402 4370 4410 4428
4 281 286 292 287
4 658 662 713 659
4 1551 1547 1555 1542
4 1338 1678 1686 1685
4 4445 4451 4606 4443
4 4023 4030 4084 4062
4 2507 2514 2544 2509
4 820 3919 819 310
4 4228 4268 4292 4263
4 754 803 793 802
4 3087 3094 3088 3095
4 2663 2652 2651 2665
4 3342 3323 3331 3346
4 1585 1591 1586 1587
4 1944 1940 1939 1936
4 3124 3117 3099 3060
4 3141 2945 2949 3137
4 2358 2433 2351 2352
4 3342 3348 3344 3346
4 3344 3320 3323 3322
4 4164 4176 4168 4166
4 1758 1926 2157 1930
4 1906 1939 1940 1936
4 608 602 627 605
4 557 556 136 554
4 1809 1832 1823 1782
4 905 1123 908 904
4 4165 4164 4178 4166
4 4023 4030 4062 4075
4 3310 3318 3312 3314
4 1976 1993 1990 1979
4 3538 3542 3540 3535
4 4326 4328 4327 4335
4 1572 1388 1559 1565
4 3081 3079 3121 3084
4 2491 2485 2493 2499
4 1616 1607 1617 1609
4 4615 4650 4647 4642
4 145 138 129 170
4 1465 1625 1475 1619
4 1475 1472 1478 1624
4 895 874 919 871
4 397 411 300 389
4 3215 3213 3218 3310
4 3344 3347 3322 3346
4 4611 4618 4620 4610
4 4385 4469 4466 4395
4 3066 3072 3070 3082
4 347 582 1565 2179
4 105 696 699 845
4 1277 1278 1269 1271
4 811 637 628 812
4 3132 2952 2946 2948
4 1558 1563 1571 1559
4 692 858 689 695
4 733 740 737 735
4 940 932 936 933
4 1980 2026 1979 1988
4 1022 1023 1025 1019
4 129 154 143 170
4 3388 3398 3391 3387
4 2126 2133 2129 2171
4 1972 1978 1971 1976
4 814 811 628 812
4 2524 2526 2531 2517
4 273 271 270 272
4 4269 4316 4337 4311
4 2446 2449 2454 2442
4 816 830 815 792
4 4150 4156 3595 3573
4 2532 2533 2505 2509
4 4117 4098 4096 4113
4 2372 2386 2373 2375
4 3649 3843 3929 3937
4 2744 2369 2649 2512
4 2668 2670 4409 2665
4 1128 1132 1124 1126
4 3283 3291 3280 3306
4 578 568 544 551
4 4586 4580 4662 4657
4 407 428 411 415
4 2424 2460 2420 2414
4 4228 4225 4263 4244
4 3612 4148 4136 3622
4 1324 1722 1315 1329
4 3922 3924 3957 3963
4 345 347 353 342
4 3185 3174 3188 3176
4 2153 2121 2159 2157
4 2308 2305 2310 2319
4 4430 2683 4438 4419
4 4137 4140 4146 4145
4 74 73 78 79
4 3328 3268 3238 3244
4 1674 1204 1206 1201
4 665 669 660 670
4 275 217 277 265
4 4195 4190 4206 4200
4 4139 4150 4136 3579
4 2949 3133 2950 2948
4 3823 3825 3822 3810
4 2941 2950 2946 2944
4 4498 4501 4500 4513
4 1266 1284 1296 1286
4 627 631 633 640
4 4486 4471 4464 4472
4 3171 3160 3163 3167
4 3160 3171 3163 3166
4 3968 3957 3921 3915
4 3159 3172 3171 3169
4 1004 1388 638 592
4 2248 2172 2216 413
4 921 915 901 911
4 381 2095 2090 376
4 4304 4308 4200 4298
4 2111 1760 2159 1752
4 4650 4275 4623 4647
4 206 168 210 172
4 1748 1666 1746 1675
4 3151 3140 3141 3137
4 4489 4555 4485 4551
4 4104 337 4122 4133
4 1190 1314 1207 1439
4 3059 3068 3062 3065
4 1577 1583 1582 1579
4 3161 3199 3198 3182
4 1302 1317 1321 1329
4 2024 1965 1968 1983
4 3071 3075 3099 3070
4 1893 1903 1917 1916
4 136 129 201 144
4 1870 1956 1882 1872
4 2544 2514 2535 2509
4 340 353 319 323
4 1688 1693 1692 1686
4 2314 2305 2308 2318
4 2262 2269 2260 2199
4 596 603 942 643
4 4355 4363 3553 3554
4 3075 3177 3179 3086
4 2399 2412 2400 2416
4 331 340 350 333
4 387 391 386 399
4 3233 3228 3229 2469
4 1516 1525 1513 1512
4 4588 4582 4583 4594
4 2442 2448 2449 2469
4 1341 1344 1333 1342
4 974 1430 1373 1405
4 4584 4582 4588 4594
4 1843 1844 1336 1855
4 697 704 701 695
4 3187 3181 3175 3186
4 1923 1754 1962 1930
4 3219 3220 3217 3218
4 367 383 380 357
4 4569 4550 4551 4495
4 2271 2260 2191 2263
4 4013 1649 1670 4001
4 591 852 839 840
4 2676 2691 2673 2685
4 2462 2461 2451 2469
4 1602 1544 1543 1547
4 1414 1405 974 1413
4 3089 3164 3162 3169
4 279 588 267 277
4 2746 4548 4242 4247
4 3961 4037 3981 3911
4 2842 2794 2841 2791
4 2747 2750 2755 2730
4 3749 3651 3752 3741
4 446 506 319 360
4 1407 1403 1417 1353
4 1406 1436 1423 1408
4 4034 4037 3911 4045
4 2631 2644 2636 2624
4 2847 2841 2846 2844
4 3910 1217 3889 1216
4 2692 3231 3232 2690
4 353 3620 3627 315
4 4009 4016 4015 4005
4 1739 1719 1743 1714
4 3914 3878 3910 3872
4 878 899 901 918
4 3922 3923 3957 3921
4 3928 3899 3933 3920
4 3084 3081 3077 3078
4 4550 4553 4493 3993
4 2797 4250 2788 4246
4 1957 1937 1954 1952
4 3087 3093 3095 3096
4 2748 2734 2751 2736
4 984 1009 896 889
4 460 311 450 446
4 2148 2167 2066 2170
4 2182 2052 2148 2066
4 710 701 704 705
4 2657 2717 2718 304
4 3731 3645 3740 3676
4 3151 3140 3139 3143
4 1893 2023 2012 2024
4 2270 1805 1803 1809
4 2689 2681 2685 2694
4 3133 2949 2950 3137
4 275 265 214 209
4 1998 2004 1994 1995
4 271 1045 270 272
4 2620 2869 2580 2876
4 2121 2117 2133 2120
4 1438 1443 1447 1421
4 868 878 876 880
4 1748 1473 1666 1675
4 184 360 555 563
4 1552 1546 1555 1548
4 2508 2505 2510 2509
4 3719 3593 3581 3586
4 3196 3040 3150 3202
4 3995 4013 4007 4008
4 4101 4100 4104 4092
4 3187 3109 3114 3108
4 1059 1050 1048 1063
4 3089 3169 3094 3090
4 2054 2059 2169 2174
4 2842 2840 2837 2838
4 4152 4161 4156 4163
4 3881 3891 3888 3883
4 4497 4499 4004 4490
4 1300 1367 1363 1364
4 3224 3069 3222 3236
4 2242 2245 2241 2236
4 2592 2606 2620 2612
4 2447 4598 4431 4606
4 4276 4273 4275 4271
4 2651 2673 2665 2667
4 612 606 613 600
4 1605 1613 1608 1612
4 3107 3170 3099 3112
4 4430 4423 4419 4427
4 2729 2606 2825 2867
4 1282 4074 1251 1285
4 2555 2396 2546 2557
4 1470 1513 1476 1517
4 4596 2434 2349 2347
4 1789 1783 1782 1780
4 4056 4083 4057 4052
4 1436 1406 1403 1408
4 4502 4501 4494 4504
4 30 40 31 53
4 1519 1516 1520 1512
4 3133 3131 3139 3143
4 1403 1406 1411 1408
4 112 801 491 795
4 1547 1575 1531 1532
4 3258 3259 3254 3245
4 2706 2633 2647 2624
4 3980 3973 3981 3976
4 1929 1924 1920 1927
4 4441 4430 4438 4437
4 3110 3105 2500 2504
4 3081 3059 3128 3124
4 2150 2175 2170 2173
4 4454 4451 4455 4534
4 38 63 43 67
4 4489 4478 4476 4485
4 2255 2254 2248 2198
4 4107 4109 4114 4132
4 1346 1345 1350 1353
4 4229 4251 4238 4248
4 3900 3968 3899 3915
4 1034 1042 1064 1075
4 2070 2072 2129 2069
4 3153 3145 3151 3156
4 3151 3145 3157 3156
4 3066 3117 3060 3070
4 4359 4594 4595 4657
4 3380 3372 3368 3382
4 322 320 3627 315
4 1088 1077 1086 1064
4 2311 2297 1495 4391
4 2320 2322 2316 2328
4 3755 3874 3914 3872
4 4438 2451 2440 2754
4 3156 2950 3151 3148
4 930 934 897 909
4 1795 1788 1789 1782
4 2649 2740 2639 2731
4 3033 3027 3025 3034
4 623 636 617 634
4 448 455 443 459
4 890 981 984 889
4 420 369 417 408
4 2210 2213 2207 2204
4 2499 2491 2488 2493
4 289 455 331 417
4 2805 2902 2897 2894
4 3037 3160 3167 3194
4 3101 3118 3115 3122
4 869 874 1127 1144
4 557 184 570 191
4 461 448 449 459
4 3386 3396 3408 3393
4 3922 3923 3967 3957
4 4126 4125 4121 4132
4 2946 2941 2944 2942
4 524 532 523 534
4 636 633 614 635
4 3770 3781 3785 3757
4 4042 4044 4033 4039
4 542 462 551 549
4 4127 4122 4133 4129
4 3148 2939 2947 2940
4 3931 3936 3649 3935
4 2655 2661 2663 4414
4 532 542 468 549
4 3039 3031 3033 3032
4 636 623 617 614
4 2311 2321 2316 2328
4 2900 2897 2902 2894
4 4325 4326 4331 4327
4 4222 4207 4200 4184
4 842 846 805 840
4 2798 2799 2800 2804
4 1417 1408 1413 1415
4 1825 1821 1820 1819
4 2790 2792 2795 2798
4 2532 2530 2544 2509
4 2907 2729 2789 2825
4 1087 1069 1074 1075
4 1642 1633 1644 1634
4 3925 3913 3928 3924
4 1258 1282 1284 1286
4 1523 1476 1475 1517
4 3600 3591 3572 3581
4 1866 1868 1845 2025
4 910 1125 904 909
4 1066 1073 1067 1064
4 3890 3893 3884 3883
4 2588 2579 2580 2576
4 2050 269 212 185
4 2197 2203 2204 2209
4 3618 3619 3613 3622
4 1931 1903 1916 1905
4 1490 1488 1586 1584
4 3263 3252 3265 2552
4 2567 2563 2506 2561
4 3894 3879 3881 3884
4 3139 3147 3155 3154
4 515 524 526 533
4 231 31 53 48
4 1087 1088 1074 1083
4 4086 3961 4025 4034
4 3745 3744 3746 3748
4 1383 1410 1412 1415
4 3274 3276 3279 3269
4 1901 1886 1947 1898
4 3971 3977 3984 3976
4 1056 1085 1053 1055
4 986 1017 1016 1011
4 846 838 850 844
4 2868 2871 2870 2876
4 154 150 170 162
4 652 645 650 651
4 2012 2024 2026 1988
4 514 562 524 516
4 4618 4611 4624 4622
4 4559 4557 4554 4561
4 3998 4579 4577 4569
4 422 418 417 292
4 4557 4579 3998 4569
4 3252 2554 2551 2553
4 3522 3525 3521 4339
4 561 562 359 555
4 3556 3561 3550 3563
4 2153 1558 1777 1776
4 482 484 478 476
4 2113 2121 2159 2133
4 2613 2597 2619 2608
4 644 691 648 650
4 1614 1732 1608 1734
4 4337 4343 4311 4351
4 3980 3999 3981 3973
4 3908 3928 3924 3920
4 867 832 863 831
4 705 679 713 676
4 2039 2143 2045 2148
4 1495 2311 349 1500
4 1679 1684 1688 1683
4 3757 3772 3786 3785
4 720 718 784 726
4 3630 3598 3634 3627
4 4444 4436 4441 4440
4 788 784 726 767
4 3266 3273 3244 3216
4 1608 1674 1204 1206
4 3685 3693 3690 3698
4 3591 3587 3594 3592
4 878 868 871 880
4 2256 2246 2280 2253
4 866 858 864 684
4 3656 3655 3684 3659
4 2756 2747 2745 2749
4 2246 2256 2249 2253
4 960 969 1086 962
4 3611 3620 4136 4147
4 3606 3609 3604 3597
4 1 1043 1034 1038
4 460 493 446 506
4 2039 2051 2173 2148
4 800 801 112 795
4 4485 4555 4550 4551
4 3081 3059 3124 3060
4 2390 2350 2335 2343
4 4661 3528 4355 4656
4 1211 1218 1222 1213
4 89 658 691 654
4 874 931 871 869
4 2331 2323 2322 2325
4 694 92 699 845
4 2306 2304 2309 2305
4 2544 2542 2541 2531
4 4439 4434 2441 2440
4 4297 4305 4304 4298
4 4494 4497 4004 4490
4 4238 4245 4186 4248
4 340 462 459 446
4 4580 4586 4595 4657
4 3974 3970 3971 3984
4 2480 2620 2869 2580
4 1705 1706 1707 1592
4 1126 1096 1094 1103
4 705 700 690 716
4 610 633 605 625
4 1484 1491 1451 1487
4 3889 1217 4028 1216
4 1499 1508 1501 4504
4 1826 1814 1812 1813
4 2691 2693 2689 2685
4 596 603 643 644
4 4435 4439 2441 2440
4 1651 4016 4001 4005
4 2041 2047 2044 2038
4 4628 4634 4668 4636
4 1099 1097 1106 1096
4 588 11 957 0
4 1097 1093 1095 1105
4 2037 2031 2030 2034
4 860 829 825 831
4 3323 3330 3331 3310
4 931 1129 1125 904
4 2834 2861 2840 2839
4 1289 1294 1282 1642
4 3061 3066 3064 3060
4 3335 3347 3346 3325
4 1992 1137 1987 1982
4 1833 1828 1838 1878
4 3917 3922 3924 3921
4 4233 2788 2782 2790
4 1075 1031 1073 1064
4 3511 3517 3526 3519
4 2000 1978 1972 1976
4 4393 4384 2297 2288
4 649 669 648 670
4 2402 2406 2409 2404
4 2048 2041 2047 2044
4 3058 3231 2690 3236
4 1229 1248 4058 1234
4 3916 3939 3940 3933
4 4550 4485 4493 4490
4 1826 1575 1813 1574
4 1421 1404 1408 1447
4 112 121 795 485
4 2634 2637 2624 2642
4 892 1354 883 872
4 3273 3266 3243 3275
4 602 630 633 605
4 3627 313 315 324
4 175 169 159 162
4 3410 3408 3320 3380
4 2871 2473 2876 2868
4 3578 3564 3579 3573
4 2913 2910 2914 2921
4 4628 4626 4634 4636
4 2780 2775 2390 2776
4 4322 4316 4293 4320
4 4136 3631 3622 3567
4 4476 4485 4478 4522
4 2627 2628 2664 2629
4 3389 3390 3428 3384
4 2048 2062 2052 2053
4 3253 3256 3271 3262
4 462 524 532 506
4 2638 2645 2643 2642
4 576 551 516 533
4 2159 1760 2157 1752
4 1224 4025 1215 1212
4 2772 2770 2749 2773
4 3564 4143 3569 4156
4 3296 3305 3330 3333
4 273 276 278 272
4 1224 1216 4025 4028
4 963 874 929 937
4 114 122 120 124
4 2776 2783 2781 2778
4 2386 2364 2373 2375
4 278 271 273 272
4 2553 2559 2551 3260
4 4054 4047 4068 4060
4 2252 2248 2240 2259
4 2481 2545 2476 2478
4 404 410 386 413
4 1335 1363 1298 1342
4 3532 3508 3552 3526
4 1695 1704 1698 1703
4 203 507 191 195
4 3241 3251 3233 3237
4 2284 2298 2306 2288
4 4197 4158 4205 3530
4 3900 3944 4089 3946
4 2642 2674 2643 3067
4 691 596 708 711
4 2007 2005 1997 1340
4 3942 3978 3943 3953
4 2693 2687 2682 2685
4 2543 2540 2535 2541
4 1970 879 1977 881
4 4156 4160 4163 4151
4 129 134 143 132
4 652 641 649 650
4 844 859 849 850
4 2320 1493 2325 2328
4 1505 4511 4508 1501
4 2340 2335 2360 2344
4 4463 4454 4446 4534
4 4280 4269 4274 4278
4 1886 1893 1936 1947
4 4063 4074 1282 1642
4 2227 2225 2224 2226
4 1661 1649 4005 1655
4 4158 4197 4150 3530
4 2524 2528 2531 2518
4 2523 2528 2519 2520
4 2528 2524 2520 2523
4 4107 4119 4117 4115
4 2087 2078 2055 2068
4 3755 3922 3743 3737
4 348 349 345 342
4 4555 4562 4485 4550
4 1215 1638 1634 1643
4 3694 3695 3702 3686
4 3255 2553 2551 3260
4 2413 2334 2421 2416
4 2172 2216 413 2174
4 4269 4337 4274 4278
4 868 888 877 872
4 1652 4032 1636 1641
4 4237 2746 4548 4242
4 73 71 80 76
4 773 763 761 776
4 1273 1287 1276 1288
4 4260 4252 4261 4263
4 2168 2167 2165 2158
4 4581 4572 4575 4576
4 4268 4271 4292 4263
4 2383 2385 2393 2384
4 2658 2628 2621 2629
4 471 475 467 523
4 4081 4088 3805 4080
4 3768 3763 3747 737
4 2545 2481 2476 2472
4 3948 3944 3946 3953
4 652 11 645 5
4 4177 4308 4172 3521
4 3944 3968 3957 3965
4 2247 2251 4401 2259
4 3872 3755 3910 3914
4 4080 3900 3898 4077
4 2055 2088 2061 2057
4 73 76 70 74
4 1203 1674 1607 1267
4 1977 1965 1982 1983
4 761 752 751 734
4 2746 4237 2660 2758
4 2547 2565 2566 2575
4 2746 4226 4242 2753
4 3819 3820 3822 3821
4 1160 1164 1163 1158
4 2270 1805 1563 1567
4 3807 3804 3815 3810
4 2396 2402 2409 2404
4 3902 3909 3906 3896
4 2005 1997 1340 2002
4 2240 410 403 413
4 1833 1875 1878 1838
4 1419 1432 1429 1430
4 4219 4212 4151 4218
4 3897 3902 3906 3896
4 3962 3967 3960 3965
4 2248 2252 2240 413
4 1940 1901 1886 1947
4 2744 2343 2369 2754
4 3899 3908 3921 3920
4 331 332 325 289
4 357 380 363 376
4 4638 4595 4636 4657
4 2744 2369 2411 2754
4 378 2090 363 376
4 1099 1106 1103 1096
4 723 765 767 776
4 2252 2248 2216 413
4 1074 1066 1067 1064
4 2390 2775 2356 2776
4 3938 3903 3940 3896
4 2063 2076 2079 2068
4 27 17 699 654
4 2669 2676 2685 2684
4 2390 2779 2381 2812
4 1893 2012 2014 2011
4 1353 1364 1366 1362
4 4000 3972 4007 3994
4 3889 3871 3910 3867
4 2239 394 400 389
4 129 143 153 132
4 4140 4134 4145 4138
4 4552 4483 4488 4485
4 1089 958 1061 1050
4 879 882 870 872
4 2000 2030 2002 1976
4 511 519 515 516
4 2402 2395 2396 2409
4 1016 985 984 1011
4 2127 2135 2133 2136
4 868 879 1970 872
4 2779 2806 2787 2778
4 2413 2399 2334 2416
4 910 935 927 909
4 4473 4514 4505 4518
4 2636 2648 2650 2521
4 1419 1421 1429 1432
4 4083 4067 4068 4055
4 1214 1642 1644 1634
4 2132 2133 2129 2136
4 2382 2385 2383 2384
4 567 507 512 516
4 2789 2782 2784 2778
4 4473 4385 4466 4514
4 1997 1335 1340 2002
4 1068 1071 1034 1075
4 4505 4473 4486 4472
4 76 63 64 59
4 2789 2784 2777 2778
4 2372 2370 2401 2416
4 2547 2549 2557 2555
4 2676 2461 2451 2754
4 1540 1536 1529 1575
4 1633 1639 1644 1634
4 759 752 761 734
4 2077 2176 2064 2170
4 1436 1423 1408 1432
4 4150 3530 3592 3595
4 4467 4466 4463 4472
4 1446 1442 1438 1192
4 3074 3081 3070 3082
4 3716 3722 3714 3713
4 3095 3087 3096 3100
4 4113 4106 2761 2769
4 2218 2227 2224 2222
4 3517 3588 3506 3586
4 2525 2636 2648 2640
4 446 311 323 324
4 3559 3556 3561 3550
4 2782 2787 2784 2778
4 1875 1571 1878 1838
4 837 841 847 851
4 710 712 705 684
4 591 584 587 586
4 1731 1732 1733 1728
4 4464 4480 4482 4472
4 596 708 711 644
4 905 908 903 904
4 3891 3908 3898 3883
4 3283 3280 3285 3306
4 4541 4463 4545 4534
4 2372 2345 2335 2386
4 2480 2472 2493 2479
4 1851 1539 1677 1681
4 2870 2856 2605 2854
4 3726 3722 3724 3718
4 4233 4229 4248 4230
4 1896 1892 1897 1891
4 357 366 361 364
4 1068 1066 1070 1075
4 1004 604 596 585
4 2578 2481 2480 2482
4 4463 4543 4545 4534
4 3580 3584 3595 4178
4 3903 3907 3904 3896
4 1821 1566 1570 1560
4 2597 2617 2613 2619
4 2895 2881 2906 2893
4 2874 2873 2870 2852
4 4245 4323 4248 4247
4 4475 4445 4416 4444
4 4014 4007 4005 4004
4 3882 3871 3889 3867
4 138 135 129 128
4 3900 4084 3898 4077
4 588 267 957 1141
4 1978 2000 1999 1976
4 217 218 208 209
4 2528 2542 2538 2537
4 664 993 642 655
4 4456 4464 4467 4472
4 949 645 27 650
4 4456 4539 4464 4472
4 4540 4541 4613 4534
4 588 18 11 0
4 3307 3330 3218 3333
4 2461 2411 2415 2754
4 167 165 161 162
4 2510 2503 2513 2509
4 169 158 163 162
4 2324 2326 2327 1822
4 2474 2482 2579 2576
4 2478 2482 2479 2481
4 1327 1325 1319 1321
4 2099 2107 2087 2092
4 3876 3880 3884 3879
4 2809 2828 2829 2823
4 3026 3032 3201 3038
4 2635 2644 2631 2647
4 362 357 361 363
4 2559 2550 2553 2557
4 577 560 558 552
4 3528 4308 4343 3521
4 1887 1890 1899 1898
4 3544 3950 3539 3536
4 294 301 282 305
4 3783 3779 3784 3787
4 2254 2218 2258 2252
4 121 103 127 105
4 3262 3256 3261 3260
4 3702 3672 3776 3673
4 2210 2207 2214 2204
4 354 3611 3620 3616
4 1328 1177 1190 1207
4 1453 1601 1603 1593
4 3995 4535 4492 4495
4 133 128 136 132
4 102 103 105 98
4 893 1001 922 896
4 2527 2490 2539 2525
4 2203 2204 2209 2115
4 394 386 389 2232
4 2589 2584 2612 2576
4 1358 1350 1353 1366
4 2138 1928 1931 2139
4 3689 3688 3686 3687
4 3895 3884 3888 3892
4 698 89 700 699
4 2713 2720 2726 2721
4 1893 1886 1888 1898
4 400 309 295 392
4 3773 3726 3716 3786
4 2048 2062 2060 2052
4 2066 2171 2069 2170
4 4273 4276 4274 4271
4 2568 2470 2581 2589
4 895 875 883 886
4 2353 2775 4259 2356
4 532 468 506 475
4 506 486 319 360
4 1042 1071 969 1075
4 3788 3746 3752 3748
4 1209 1207 1203 1379
4 3132 3131 3146 3134
4 2813 2817 2818 2809
4 543 547 546 540
4 3246 3277 3242 3243
4 1518 1450 1526 1476
4 3072 3174 3071 3179
4 178 54 177 55
4 4091 2713 4095 2712
4 3220 3328 3244 3218
4 1672 1214 1671 1221
4 4198 4199 4206 4203
4 282 301 307 305
4 1057 1061 1122 1048
4 3916 3939 3855 3940
4 176 180 174 177
4 4570 4521 4567 4523
4 1009 895 896 886
4 407 415 411 420
4 2248 2252 2216 2198
4 842 795 851 845
4 4423 4430 4420 4427
4 4195 4304 4200 4298
4 368 416 409 364
4 987 973 981 984
4 1479 1470 1592 1477
4 2603 2595 2600 2591
4 2888 2887 2905 2909
4 378 362 554 363
4 4478 4466 4515 4472
4 1499 4498 1501 1505
4 1880 1862 1882 1861
4 630 636 627 633
4 2594 2595 2606 2373
4 988 1001 1011 1005
4 2717 2719 2727 2720
4 945 997 952 944
4 604 585 635 632
4 257 1159 251 1162
4 2914 2894 2801 2921
4 2724 2723 2712 2715
4 772 765 767 768
4 4625 4538 4455 4534
4 815 830 821 792
4 4289 4280 4267 4278
4 2147 2152 249 1905
4 4552 4559 4550 4562
4 3620 3611 3612 3616
4 593 16 20 583
4 4249 4243 4238 4248
4 2906 2893 2890 2916
4 2698 2709 2700 2707
4 3223 3217 3233 3235
4 2710 2703 2706 2700
4 301 2717 304 2727
4 1684 1685 1679 1688
4 4542 4536 4527 4546
4 617 626 614 622
4 3134 3135 3131 3139
4 407 409 420 412
4 3585 3530 3580 3592
4 3203 3199 3193 3204
4 4384 2315 2281 2279
4 1103 1057 1114 1155
4 942 603 1000 642
4 1605 1610 1613 1612
4 2417 2462 2414 2468
4 41 30 40 31
4 3967 3922 3957 3965
4 1946 1935 1950 1953
4 603 596 1010 600
4 587 595 585 635
4 1970 1355 1354 1964
4 189 70 79 520
4 1057 1061 1077 1047
4 4323 4321 4320 4315
4 1431 1385 1373 1429
4 1924 2154 1920 1927
4 2783 2780 2776 2781
4 4498 4500 4504 4513
4 1935 1946 1943 1953
4 2182 2046 247 2142
4 2055 2054 2061 2059
4 1298 1690 1572 1336
4 136 153 378 372
4 3149 3158 3154 3152
4 2736 2738 2731 2732
4 228 49 227 226
4 4411 4404 4410 4409
4 3587 3516 3505 3580
4 2054 2040 153 149
4 2946 2941 2942 2940
4 3862 3810 3794 3831
4 2311 4384 2315 2316
4 4299 4318 4321 4315
4 4211 4208 4209 4219
4 960 1072 1082 1086
4 1006 995 942 1007
4 644 642 603 643
4 900 921 915 901
4 2347 4253 4607 4600
4 4571 4577 4569 3996
4 3273 3259 3257 3243
4 71 47 54 74
4 3045 3144 3040 3150
4 2780 4223 4226 2781
4 88 57 68 102
4 356 380 357 367
4 1965 2036 2024 1968
4 2429 2340 2351 2344
4 875 870 877 872
4 1015 1003 1011 1005
4 2473 2480 2495 2869
4 4316 4338 4311 4351
4 652 0 947 11
4 2735 2707 2730 2705
4 3968 3940 3933 3921
4 4388 2300 4393 4386
4 3258 3264 3243 3245
4 1486 4508 1501 1495
4 440 442 435 455
4 1426 1421 1443 1438
4 1128 1131 1132 1126
4 4227 4288 4294 4234
4 807 1219 1217 1216
4 1417 1364 1353 1362
4 1045 1043 270 1038
4 2669 2691 2673 2694
4 3944 3961 4086 3983
4 2046 2050 247 235
4 4641 4629 4649 4669
4 3609 3600 3719 3721
4 4496 4483 4497 4490
4 1817 1797 1801 1823
4 128 201 170 197
4 279 274 1037 1160
4 2746 2354 4253 4261
4 603 609 596 600
4 4010 4005 3984 4003
4 2748 2757 2756 2751
4 3409 3402 3407 3384
4 1474 1480 1472 1471
4 1412 1410 1354 1417
4 4185 2797 2765 2762
4 4273 4277 4275 4651
4 1114 1108 1118 1155
4 3406 3407 3413 3403
4 2656 2654 2257 2652
4 113 105 103 98
4 4372 4378 4379 4369
4 1476 1473 1523 1475
4 3338 3335 3334 3331
4 1928 1931 2162 1927
4 4037 4034 4039 4045
4 2674 2642 2678 2621
4 4550 4485 4551 4495
4 2887 2888 2906 2890
4 1190 1445 1314 1439
4 3740 3737 3718 3752
4 136 378 554 372
4 2764 2766 2768 2767
4 4555 4556 4550 4551
4 597 598 605 599
4 810 821 848 846
4 2081 2091 2086 2090
4 1060 1051 1049 1055
4 1833 1851 1873 1853
4 2430 2435 2439 2436
4 3408 3392 3393 3384
4 2825 2874 2743 2867
4 2270 2203 2197 2198
4 559 556 565 561
4 4176 3533 3520 3525
4 1251 1282 1285 1284
4 1378 629 615 638
4 1059 1051 1060 1048
4 1664 1670 1668 1672
4 980 982 1405 974
4 4158 4156 4157 4151
4 1810 1806 2272 1800
4 4043 4038 4065 4046
4 2472 2495 2493 2499
4 1287 1243 1251 1253
4 192 203 191 195
4 212 164 218 172
4 4612 4650 4642 4666
4 2366 2833 2823 2819
4 1918 1923 1949 1921
4 2512 2461 2643 2642
4 2439 2343 2414 2436
4 630 610 633 605
4 597 602 608 605
4 2051 2048 2052 2044
4 2757 2752 2745 2751
4 2448 2442 2449 2446
4 627 608 605 632
4 3393 3354 3372 3382
4 2036 1997 1994 2002
4 1556 1602 1706 1591
4 853 865 681 866
4 4155 4162 4158 3595
4 852 858 839 840
4 3964 3513 3966 3963
4 2094 2099 2087 2092
4 351 354 348 345
4 3930 3934 3937 3938
4 128 129 136 132
4 2462 3259 3251 2417
4 49 231 53 48
4 17 89 699 654
4 3964 3969 3957 3963
4 4025 3886 1216 3918
4 2292 1486 2321 4506
4 838 806 846 805
4 575 560 562 543
4 1243 1248 1251 1253
4 3726 3702 3722 3776
4 4116 4110 4117 4105
4 509 193 195 517
4 356 371 367 357
4 100 57 88 102
4 2898 2805 2894 2902
4 466 499 475 464
4 1458 1462 1466 1476
4 4384 2311 2297 2316
4 2810 2363 2819 2381
4 1023 1031 1022 1021
4 2796 2801 2894 2791
4 2074 2107 2073 2087
4 870 882 869 880
4 1989 1139 1894 1981
4 3255 3252 3258 3260
4 1825 1816 1815 1822
4 930 924 933 911
4 4323 4321 4245 4248
4 4452 4457 4450 4446
4 2449 3228 2467 2469
4 1507 1509 1501 1497
4 4319 4318 4321 4320
4 1123 1135 1129 1125
4 2796 2914 2894 2801
4 2586 2583 2580 2587
4 2673 2621 2678 2672
4 2296 2331 2310 2294
4 4669 4660 4666 4653
4 2142 2147 1905 2139
4 2619 2574 2608 2597
4 921 903 901 900
4 4117 4116 4105 4098
4 1502 1496 1512 1503
4 1256 1257 1642 1260
4 895 919 937 923
4 3129 3188 3176 3134
4 3259 3258 3254 3260
4 1333 1344 1335 1342
4 696 847 699 845
4 272 266 228 229
4 2613 2618 2614 2615
4 4532 4530 4521 4519
4 243 246 245 242
4 1098 898 1101 1125
4 801 760 793 794
4 1122 1103 1058 1095
4 1168 1207 1209 1173
4 89 700 658 690
4 4086 3886 3891 4023
4 4393 4394 4506 4391
4 3081 3078 3070 3077
4 380 356 357 363
4 4241 4251 4246 4238
4 2708 2698 2702 2704
4 2192 2185 2196 2191
4 4649 4669 4666 4653
4 1389 1396 1392 1401
4 2699 2714 2712 2696
4 2912 2918 2921 2909
4 836 822 825 831
4 1405 1408 1429 1415
4 4639 4521 4519 4632
4 1138 1895 1989 1894
4 3931 3925 3728 3740
4 2751 2757 2756 2745
4 2046 2041 2044 2038
4 2681 2691 2689 2685
4 4288 4294 4228 4292
4 2763 2716 2660 2758
4 3552 3525 3550 3554
4 2595 2594 2401 2375
4 312 802 581 492
4 1335 1410 1971 1966
4 854 838 844 849
4 4242 2746 2753 2758
4 3837 3843 3847 3929
4 3273 3120 3257 3122
4 1496 1502 1504 1503
4 3981 3994 3992 3988
4 2029 2008 2012 2026
4 2495 2472 2493 2477
4 4321 4319 4320 4315
4 4566 4521 4531 4522
4 4139 4145 4157 4163
4 4491 1499 1501 4504
4 445 442 443 435
4 3149 3147 3150 3152
4 1152 1154 1131 1149
4 161 176 198 197
4 3621 3614 3624 3611
4 4103 337 4104 4133
4 2001 1996 2030 1994
4 170 201 175 197
4 2820 2821 2822 2824
4 4311 4343 4309 4351
4 1403 1417 1353 1362
4 243 239 242 241
4 676 682 684 683
4 2752 2735 2733 2734
4 4323 4308 4321 4311
4 289 442 455 417
4 4466 4492 4503 4391
4 2956 2963 2977 2961
4 4064 4060 4068 4047
4 3232 3234 2469 2690
4 4434 4441 4438 4437
4 353 319 315 310
4 2723 2769 2771 2763
4 2865 2495 2869 2473
4 2806 2819 2777 2778
4 4014 4044 4003 4010
4 954 953 956 957
4 4086 3908 3886 3915
4 1419 1430 1400 1432
4 2314 2318 2303 2305
4 1315 1326 1316 1328
4 2824 2831 2822 2820
4 1314 1204 1207 1201
4 1738 1726 1730 1727
4 1844 1853 1848 1677
4 1765 1775 1767 1773
4 4002 4007 4004 3991
4 3265 3264 3258 3254
4 2481 2471 2480 2477
4 811 806 812 819
4 2471 2480 2473 2580
4 1398 1396 1402 1393
4 783 778 790 768
4 2856 2582 2605 2850
4 1632 1606 1609 1673
4 559 380 356 367
4 1001 990 994 1005
4 3224 3230 3229 3222
4 952 997 995 944
4 610 602 612 605
4 1695 1742 1703 1744
4 1020 1032 1027 1047
4 1020 1161 1047 1156
4 1090 1083 1088 1091
4 2904 2883 2893 2884
4 1032 1161 1027 1047
4 185 201 144 2177
4 1057 1077 1027 1047
4 919 931 901 871
4 1197 1674 1666 1206
4 1680 1678 1683 1692
4 2913 2910 2921 2916
4 1684 1685 1688 1686
4 1159 1161 1156 1158
4 673 671 663 658
4 3390 3424 3428 3384
4 490 116 489 124
4 2680 2695 2692 2690
4 1009 1006 895 886
4 1354 1412 1418 886
4 3722 3726 3776 3718
4 4015 4005 4008 4009
4 3589 3574 3595 3565
4 1691 1696 1694 1703
4 2368 2366 2823 2819
4 2639 2498 2487 2731
4 1658 1656 1647 1655
4 2574 2561 2571 2602
4 3572 3605 3634 3567
4 2835 2809 2844 2846
4 2640 2516 2643 2642
4 3324 3342 3305 3330
4 4287 4286 4225 4285
4 3256 2513 3261 2504
4 204 256 263 214
4 3873 3875 3871 3874
4 4268 4275 4271 4263
4 3226 3206 3217 3235
4 4649 4641 4669 4653
4 2832 2839 2844 2827
4 2877 2863 2872 2891
4 4008 4494 4492 4503
4 3979 4038 4036 4035
4 855 866 861 859
4 2583 2579 2580 2588
4 1446 1439 1193 1438
4 301 303 308 304
4 3808 3813 3816 3805
4 665 660 663 670
4 2811 2810 2816 2807
4 3841 3834 3863 3861
4 1736 1696 1721 1694
4 4403 4374 4397 4381
4 645 653 27 650
4 812 806 587 805
4 381 375 378 2090
4 4023 4085 4017 4062
4 2554 2548 2556 2557
4 2842 2841 2846 2838
4 883 1354 1418 886
4 4177 4308 4300 4172
4 2936 2938 2927 2951
4 1863 1857 1858 1864
4 210 212 172 173
4 1805 1801 1809 1823
4 1006 875 895 886
4 3779 3788 3784 3787
4 3949 3942 3980 3943
4 1871 1851 1846 1853
4 1965 875 1354 872
4 3792 3803 3794 3810
4 3108 3189 3179 3071
4 1988 1993 1979 1980
4 2560 2585 2571 2568
4 1802 1804 1801 1809
4 3940 3938 3933 3935
4 2030 2023 2034 2025
4 1164 1153 1141 1144
4 77 70 484 520
4 4630 4638 4595 4636
4 2372 2369 2335 2337
4 2846 2809 2833 2777
4 2418 2463 3251 2468
4 275 274 263 265
4 3406 3407 3403 3404
4 805 806 586 840
4 2287 2187 2283 2309
4 2507 2514 2479 2535
4 3310 3322 3346 3323
4 369 409 364 408
4 4311 4323 4320 4315
4 1679 1337 1843 1334
4 2905 2789 2825 2894
4 1839 1829 1828 1830
4 2493 2507 2486 2487
4 2737 2738 2639 2731
4 3197 3200 3176 3202
4 874 1061 1122 1153
4 1319 1327 1321 1315
4 643 949 650 947
4 1205 1177 1204 1207
4 4565 4572 4576 4567
4 3175 3177 3176 3184
4 2489 2496 2486 2485
4 3221 3217 3210 3206
4 2433 2352 2427 2351
4 1388 1004 638 1012
4 2536 2490 2494 2496
4 2536 2538 2545 2537
4 3401 3400 3417 3283
4 1998 2005 1333 1340
4 4103 326 3611 354
4 580 507 576 574
4 527 537 531 534
4 2635 2631 2739 2647
4 4636 4649 4629 4666
4 4200 4206 4193 4196
4 4388 2278 2275 2288
4 2175 2180 2183 2171
4 2180 2176 2077 2171
4 4618 4604 4614 4625
4 2553 2548 2554 2557
4 4212 4208 4219 4151
4 416 429 409 420
4 2704 2701 2706 2708
4 780 722 725 723
4 1197 1298 1299 1690
4 3537 3559 3538 3550
4 997 952 995 1000
4 309 2231 295 298
4 4235 4249 4321 4248
4 64 60 70 59
4 3232 3231 3224 3229
4 1170 1188 1194 1185
4 847 842 849 851
4 3726 3786 3776 3718
4 285 281 291 287
4 1950 1955 1954 1958
4 2338 2336 2335 2360
4 2901 2899 2916 2908
4 1039 1034 1064 1075
4 156 148 2040 2053
4 2782 2788 2785 2784
4 2644 2635 2641 2647
4 2455 2444 2450 2443
4 647 666 658 648
4 3644 3658 3643 3641
4 875 1410 1965 1354
4 3753 3746 3747 3748
4 4017 4018 4027 4024
4 3176 3180 3200 3181
4 3175 3189 3177 3183
4 1815 1821 1812 1822
4 4245 4321 4186 4248
4 903 906 904 909
4 849 847 858 839
4 4322 4319 4311 4320
4 359 560 562 564
4 1693 1299 1694 1329
4 302 2725 2259 403
4 2248 2259 402 413
4 963 959 929 962
4 2653 2674 2673 2621
4 4037 3961 4034 3911
4 1715 1711 1713 1705
4 325 329 327 332
4 4180 4182 4238 4184
4 1344 1351 1347 1359
4 1042 1047 1153 1037
4 3239 2463 3240 3251
4 2739 2741 2730 2703
4 176 78 74 71
4 2606 2612 2613 2615
4 1982 1992 1983 1984
4 648 658 659 670
4 3831 3822 3863 3810
4 2033 1868 1959 1943
4 4470 4468 4469 4465
4 559 565 553 561
4 3175 3187 3186 3184
4 2711 2699 2771 2696
4 1338 1330 1686 1339
4 135 130 128 131
4 78 186 74 79
4 2161 2159 2157 2158
4 1802 1809 1823 1782
4 3200 3198 3176 3202
4 1974 1967 1977 1973
4 2827 2820 2840 2823
4 1410 1417 1364 1353
4 3079 3075 3083 3077
4 305 301 299 294
4 2093 2074 2073 2087
4 3176 3150 3134 3202
4 3594 3574 3592 3595
4 31 43 53 48
4 2461 2676 2466 2643
4 3088 3124 3091 3077
4 1799 1807 1800 1808
4 2251 4412 4401 2259
4 4438 2676 2675 2684
4 3568 3570 3567 3579
4 266 272 8 229
4 986 987 981 984
4 2594 2365 2401 2375
4 3586 3737 3738 3732
4 70 73 74 79
4 3815 3838 3940 3861
4 1903 2028 2024 1888
4 486 104 183 61
4 2734 2904 2907 2903
4 2339 2421 2414 2436
4 2828 2832 2827 2821
4 2830 2886 2854 2823
4 2015 2016 1947 2011
4 3850 3815 3905 3861
4 2121 2110 2208 2120
4 4463 4466 4535 4495
4 1054 1052 1058 1107
4 4148 3612 3610 3622
4 78 71 73 74
4 2735 2705 2730 2703
4 3695 3704 3701 3685
4 4636 4540 4665 4656
4 1404 1408 1417 1415
4 1408 1404 1429 1415
4 3696 3694 3697 3687
4 2645 2640 2643 2642
4 2764 2757 2755 2745
4 2110 2114 2208 2120
4 854 857 852 858
4 1581 1490 1586 1584
4 692 852 857 858
4 52 177 49 55
4 1051 1089 1049 1061
4 2255 2248 2247 2190
4 2878 2871 2873 2870
4 576 562 574 516
4 1668 1672 1638 1634
4 3146 3045 2946 3134
4 222 1559 1565 2179
4 3528 4197 4308 3521
4 1020 1041 1036 1047
4 637 631 639 640
4 2645 2640 2638 2643
4 1383 1378 1380 1387
4 2438 2426 2455 2431
4 386 2081 413 2106
4 1061 1057 1077 1055
4 669 667 660 670
4 2622 2704 2706 2708
4 3572 3577 3567 3573
4 1008 613 991 1010
4 4404 4410 4374 4369
4 1384 1207 1439 1193
4 21 15 24 17
4 3632 3634 3636 3629
4 1597 1588 1583 1596
4 404 2184 2081 363
4 253 249 1905 2149
4 2992 2982 2985 2988
4 4345 4344 4342 4351
4 275 1900 1917 262
4 4352 4346 4344 4353
4 3886 3881 3877 3883
4 2369 2366 2390 2833
4 1499 1498 1508 4504
4 2724 2708 2651 2672
4 1062 1052 1048 1058
4 2701 2747 2633 2672
4 47 178 54 74
4 2860 2850 2854 2820
4 2812 2809 2806 2819
4 2821 2826 2823 2828
4 2828 2368 2823 2819
4 2312 2323 2308 2319
4 2289 2320 2291 2294
4 3772 3760 3786 3724
4 1696 1736 1747 1694
4 378 2059 2174 363
4 2899 2910 2916 2908
4 2727 2718 2726 2715
4 4611 4635 4622 4633
4 3180 3175 3182 3184
4 2810 2811 2808 2828
4 362 373 554 363
4 1843 1997 2025 1855
4 894 883 896 923
4 4280 4326 4327 4331
4 415 407 414 409
4 4145 4143 4163 4138
4 2824 2827 2820 2821
4 606 607 993 642
4 1354 892 883 1418
4 2818 2802 2809 2847
4 4355 4359 4594 3553
4 648 691 654 650
4 3598 3631 3634 3627
4 2519 2520 2522 2517
4 3987 3997 3994 3993
4 689 692 695 684
4 4332 4326 4335 4333
4 184 562 514 191
4 2327 1805 1834 1819
4 980 1392 974 1401
4 690 658 676 716
4 1457 1463 1470 1451
4 3538 3549 3563 3534
4 350 403 348 346
4 141 133 140 128
4 2507 2480 2493 2479
4 1939 1916 1936 1906
4 4266 2354 2350 2356
4 2107 2102 413 2106
4 2606 2592 2729 2367
4 1323 1210 1204 1315
4 4177 4175 4339 4166
4 1803 2313 2327 1567
4 4004 4007 4493 3991
4 3133 2948 3132 3146
4 1845 1866 1847 1869
4 1805 1803 2327 1567
4 1446 1444 1435 1447
4 2221 2214 2212 2209
4 2451 2462 2469 2464
4 4605 2447 4600 4598
4 2874 2870 2605 2854
4 2471 2480 2580 2578
4 2603 2407 2599 2600
4 2802 2818 2809 2814
4 2064 2077 2052 2068
4 691 596 711 715
4 3092 3094 3090 3086
4 1 2 1038 0
4 2813 2812 2809 2806
4 1960 1946 1950 1953
4 2378 2816 2819 2807
4 3094 3085 3089 3086
4 174 189 183 61
4 2597 2591 2598 2602
4 3268 3328 3292 3266
4 3097 3089 3085 3086
4 4127 4130 4122 4129
4 382 2086 2090 376
4 1679 1685 1337 1334
4 3620 354 352 4144
4 2298 2303 2316 2294
4 349 4400 343 348
4 1436 1443 1432 1447
4 4103 4121 4133 4092
4 4336 4328 4337 4274
4 3567 3613 3622 3570
4 2380 2391 2363 2810
4 4459 4447 4452 4455
4 1284 1285 1276 1286
4 1486 1492 1483 1482
4 1291 1273 1268 1288
4 3714 3597 3759 3758
4 2439 4600 2427 2431
4 2458 2442 2469 2468
4 269 2182 2050 247
4 2589 2585 2602 2608
4 3035 3026 3038 3029
4 2611 2826 2366 2830
4 604 609 711 599
4 3211 3217 3216 3218
4 2493 2507 2479 2476
4 1423 1406 1408 1432
4 611 707 668 609
4 2617 2597 2613 2616
4 3217 3273 3233 3235
4 2747 2744 2678 2672
4 1293 1283 1284 1288
4 2618 2824 2614 2831
4 3270 3256 3278 3257
4 717 3770 3761 728
4 231 49 268 48
4 3611 3623 3616 354
4 2644 2650 2636 2639
4 1688 1330 1334 1336
4 2826 2371 2366 2368
4 1343 1338 1341 1334
4 1727 1748 1703 1744
4 1034 1071 1042 1075
4 3714 3758 3724 3713
4 3179 3108 3099 3109
4 114 112 480 121
4 2466 2676 3234 2690
4 1568 1836 1824 1838
4 1777 2206 2208 2215
4 1963 1954 1957 1955
4 86 68 35 67
4 3680 3678 3711 3673
4 1136 1140 1139 1147
4 2572 2574 2561 2560
4 1740 1743 1744 1735
4 2084 2091 2092 2090
4 1030 1025 1026 1027
4 2282 2280 2285 2279
4 462 542 459 468
4 3265 3263 3264 3254
4 3287 3292 3281 3290
4 4527 4520 4533 4546
4 2912 2919 2837 2909
4 2574 2598 2597 2619
4 2230 2234 2238 304
4 3530 3522 3519 3531
4 4541 4540 4537 4519
4 875 1006 1376 886
4 2711 2716 2763 2758
4 2593 2604 2591 2596
4 3913 3908 3928 3924
4 3543 3949 3996 3947
4 535 536 472 528
4 2483 2474 2470 2479
4 3240 2463 2456 2468
4 2297 4393 4506 4391
4 741 777 751 784
4 3284 3286 3289 3300
4 2586 2578 2580 2583
4 1586 1576 1584 1574
4 1162 257 1163 251
4 4066 4069 4084 4062
4 859 860 850 831
4 4438 2680 2451 2690
4 2868 2471 2876 2586
4 3569 3564 4156 3579
4 4422 2683 4423 4419
4 2463 2460 2459 2468
4 2609 2607 2615 2610
4 3335 3340 3348 3346
4 821 824 822 825
4 633 604 635 632
4 1388 1382 1386 1381
4 3925 3743 3927 3913
4 3073 3133 3135 3138
4 3132 3146 2946 3134
4 1170 1190 1177 1185
4 2915 2918 2909 2916
4 3178 3199 3182 3180
4 3665 3706 3684 3656
4 4229 4233 4236 4228
4 441 436 445 431
4 3355 3388 3359 3393
4 1615 1608 1609 1612
4 2738 2737 2740 2731
4 2484 2498 2490 2487
4 4107 4207 4222 4180
4 3919 820 1221 1386
4 1705 1710 1716 1624
4 4245 4237 343 4247
4 4091 2721 2713 2712
4 4037 3981 3976 3943
4 2539 2490 2486 2648
4 3927 3737 3752 3743
4 820 1221 1386 594
4 4308 4172 4298 4300
4 2473 2871 2876 2865
4 1675 1528 1555 1547
4 3786 3724 3713 3718
4 4660 4665 4659 4667
4 2744 2461 2512 2642
4 2604 2547 2566 2394
4 323 331 340 344
4 2566 2572 2600 2561
4 2649 2516 2512 2648
4 4423 4429 4422 4419
4 2413 2420 2419 2422
4 4150 3631 3579 3573
4 4445 2746 2675 2754
4 1839 1784 1832 1878
4 1047 1044 1037 1035
4 1470 1513 1485 1487
4 252 260 262 253
4 3344 3341 3380 3353
4 3737 3747 3752 3743
4 3672 3676 3731 3718
4 2054 2059 2066 2169
4 3724 3722 3713 3718
4 3062 3117 3066 3119
4 4019 4021 1644 4024
4 3598 733 3919 310
4 3083 3073 3078 3080
4 1297 1287 1242 1251
4 2260 2267 2262 2263
4 2447 2440 2443 4433
4 1852 1846 1853 1848
4 2858 2590 2876 2582
4 2331 2296 2330 2320
4 3139 3129 3147 3150
4 2429 2340 2355 2351
4 3658 3648 3647 3641
4 2402 2406 2403 2409
4 1581 1586 1596 1588
4 2846 2838 2791 2777
4 582 222 1565 2179
4 2744 2747 2749 2758
4 34 35 30 39
4 1923 1758 1930 1919
4 1661 1524 4015 1504
4 4281 4289 4267 4278
4 3119 3123 3120 3115
4 355 350 403 348
4 4501 4517 4500 4515
4 1079 1090 1088 1091
4 4463 4461 4543 4446
4 2500 3105 2522 2504
4 735 802 808 819
4 3555 4340 4339 3554
4 2163 2154 2162 2157
4 919 933 937 923
4 2675 4404 4432 2684
4 4442 4431 4443 4440
4 3286 3274 3295 3272
4 3533 3520 3525 3526
4 4448 4604 4625 4606
4 3849 3814 3850 3810
4 2915 2880 2885 2888
4 2885 2909 2906 2916
4 4661 4359 4368 4657
4 1737 1748 1708 1727
4 44 42 53 55
4 1959 1961 1882 1962
4 2153 2159 2165 2158
4 4313 4316 4311 4351
4 2036 2028 1965 2024
4 322 320 315 310
4 3588 3587 3580 3506
4 992 997 995 994
4 509 518 519 517
4 4317 4291 4320 4319
4 1044 1047 1037 1046
4 2041 2043 2047 2038
4 4179 4200 4186 4184
4 2821 2808 2811 2832
4 2565 2560 2561 2564
4 3403 3412 3413 3411
4 1751 1769 1779 1761
4 1137 1147 1982 881
4 2102 386 413 2106
4 4468 4474 4460 4465
4 338 337 351 346
4 4009 4002 4499 4011
4 2837 2845 2838 2840
4 135 140 134 128
4 4508 4500 4503 4391
4 2770 2753 2749 2758
4 1527 1545 1532 1540
4 1223 1257 1214 1213
4 3147 3198 3150 3202
4 4313 4312 4309 4315
4 4329 4351 4354 4337
4 609 601 711 599
4 1016 985 987 984
4 4043 4017 4018 4046
4 4372 4383 4378 4369
4 884 894 883 889
4 4501 4517 4515 4513
4 451 448 445 459
4 2313 2248 2315 1567
4 3526 3513 3966 3524
4 1846 1871 1853 1884
4 2136 2135 2133 2129
4 2674 2633 2642 2621
4 890 981 889 1418
4 3317 3310 3311 3323
4 207 239 242 210
4 680 675 676 684
4 764 767 787 768
4 3903 3804 3815 3896
4 4404 4403 2675 4416
4 386 387 399 412
4 2121 2159 2157 1752
4 2703 2710 2706 2739
4 3039 3037 3034 3031
4 3466 3472 3471 3474
4 1188 1184 1187 1185
4 3045 3053 3136 3040
4 2888 2880 2890 2887
4 1033 1045 1037 1038
4 691 949 27 650
4 1857 1856 1868 1864
4 4541 4533 4531 4519
4 1781 1790 1789 1780
4 2126 2121 2131 2133
4 1224 1216 1218 1214
4 2248 2311 2315 1567
4 2708 2659 2651 2625
4 514 515 195 517
4 1674 1615 1666 1206
4 2794 2842 2841 2919
4 4341 4347 4343 4177
4 681 675 674 684
4 2221 2212 2229 2209
4 2295 2290 2288 2301
4 1601 1590 1454 1603
4 1776 1778 1779 1770
4 843 794 846 850
4 2198 2189 2192 2190
4 3048 3049 3038 3047
4 535 522 526 523
4 3661 3669 3658 3659
4 114 112 121 127
4 4060 1241 4048 4047
4 2861 2834 2840 2836
4 1914 1909 261 1910
4 1950 1937 1954 1953
4 2107 2080 2087 2092
4 1468 1602 1593 1469
4 2843 2808 2829 2815
4 3079 3092 3155 3077
4 1902 1904 1909 1910
4 4461 4463 4460 4446
4 3201 3202 3190 3040
4 3139 3129 3150 3134
4 1069 1076 1075 1072
4 1725 1614 1210 1734
4 1663 1615 1473 1666
4 1282 1285 1284 1286
4 2203 2121 2117 2131
4 3264 2423 3239 3245
4 2835 2844 2841 2847
4 2907 2905 2825 2894
4 914 922 925 923
4 3903 3934 3938 3940
4 1197 1666 1690 1206
4 2288 2297 2301 2294
4 2808 2828 2811 2832
4 27 20 17 23
4 2828 2821 2811 2832
4 3538 3509 3966 3550
4 2102 2109 386 2106
4 2808 2829 2828 2832
4 4461 4469 4468 4465
4 1371 1361 1359 1368
4 1185 1195 1193 1172
4 1563 2172 402 2179
4 3638 3613 3567 3570
4 547 543 538 541
4 322 320 313 3627
4 4384 2297 2288 2316
4 3325 3335 3331 3346
4 3612 4141 3611 4138
4 4377 4392 4399 4465
4 2888 2837 2887 2909
4 2372 2400 2337 2416
4 2786 2809 2802 2777
4 3348 3340 3344 3346
4 4545 4531 4478 4541
4 642 611 644 603
4 4005 4015 4008 1504
4 279 2028 1140 1376
4 14 19 27 11
4 3979 4041 4035 3983
4 3893 3908 3877 3883
4 2099 2103 2107 2092
4 4209 4201 4203 4151
4 3201 3203 3202 3204
4 1483 1493 1482 1487
4 3811 3818 3805 3810
4 2300 4393 4506 2301
4 4119 4216 4220 4107
4 3964 3966 3969 3963
4 4226 2354 2356 2776
4 4007 3972 3984 3994
4 1128 1097 1103 1095
4 1901 1890 1886 1898
4 797 860 829 825
4 1589 1595 1594 1603
4 675 677 680 676
4 3633 3628 3622 3627
4 3631 3628 3634 3627
4 3813 3897 3906 3807
4 2387 2379 2384 2360
4 2040 142 153 149
4 1160 1159 1156 1158
4 4661 4665 4659 4656
4 1384 1207 1379 1381
4 401 371 406 409
4 1531 1575 1587 1574
4 4383 4372 4410 4369
4 1160 1153 1151 1156
4 3301 3308 3306 3302
4 3909 3906 3899 3898
4 2729 2369 2390 2833
4 4620 4614 4610 4625
4 1997 1335 2002 1966
4 2398 2407 2405 2409
4 3786 3788 3784 3774
4 2848 2818 2844 2835
4 4529 4555 4476 4551
4 269 247 262 1905
4 3078 3138 3083 3076
4 4129 4101 4092 4121
4 4639 4622 4632 4526
4 4288 4283 4292 4286
4 2563 2550 2506 2562
4 869 1127 1136 1144
4 1451 1470 1453 1603
4 178 47 54 55
4 2240 2231 295 2232
4 2320 2289 2291 2302
4 4601 4600 2754 4433
4 2906 2885 2916 2890
4 973 890 976 984
4 4045 4039 4003 4040
4 2067 2135 2125 2129
4 1488 1470 1451 1603
4 4002 4009 4499 4004
4 3528 4245 343 4247
4 262 256 253 263
4 1823 1825 1820 1819
4 2585 2568 2589 2571
4 2554 2549 2551 2557
4 1875 1880 1878 1772
4 1945 1940 1936 1947
4 2315 2247 4401 2259
4 3669 3662 3666 3659
4 4130 4127 4122 4124
4 1015 1003 1016 1011
4 2178 1559 2177 2179
4 1771 1876 1764 1778
4 691 596 949 644
4 2659 2627 2652 2651
4 3813 3901 4080 3906
4 31 28 8 227
4 438 431 443 370
4 4197 3528 3530 3521
4 1850 1854 1848 1677
4 1751 1749 1762 1752
4 337 338 4122 4133
4 1326 1328 1314 1316
4 14 4 18 37
4 2466 3234 3235 3222
4 2887 2845 2861 2886
4 934 926 935 927
4 2905 2887 2906 2886
4 641 950 643 947
4 1266 1255 1260 1286
4 984 985 1001 1011
4 747 736 735 734
4 1343 1341 1340 1334
4 477 593 183 104
4 1812 1826 1813 1574
4 3670 3655 3681 3659
4 3259 3273 3233 3237
4 3752 3930 3927 3941
4 739 732 3769 726
4 2061 2057 2053 2055
4 3321 3358 3393 3399
4 2649 2639 2642 2648
4 2751 2748 2736 2756
4 4250 2797 2788 2798
4 4661 4594 4657 4656
4 340 408 360 341
4 2761 4106 2765 2762
4 152 157 143 142
4 488 483 495 485
4 315 353 310 342
4 2788 2785 2784 2798
4 3140 3079 3155 3083
4 4629 4649 4669 4666
4 4486 4482 4478 4472
4 4158 4197 4205 4196
4 4458 4457 4461 4446
4 1571 1562 1833 1855
4 608 589 599 632
4 4279 4274 4271 4278
4 2205 1757 2215 1755
4 3155 3092 3086 3077
4 189 56 484 61
4 1726 1721 1730 1727
4 3655 3670 3684 3659
4 354 3611 4103 3620
4 3048 3038 3201 3047
4 4074 1289 1282 1642
4 3630 313 320 3627
4 719 730 726 728
4 4033 4032 4039 4040
4 2206 1777 1809 1789
4 1563 1561 1573 1565
4 4238 4246 4245 4248
4 4442 4449 4454 4443
4 1257 1637 1642 1635
4 3334 3330 3332 3331
4 295 300 308 298
4 4449 4451 4454 4443
4 526 515 533 520
4 900 915 897 901
4 426 417 420 421
4 4510 4507 4508 4514
4 3922 3919 3924 3963
4 1795 1789 1799 1782
4 2612 2613 2615 2608
4 847 837 849 864
4 559 373 556 554
4 4650 4640 4647 4642
4 3681 3655 3662 3659
4 1737 1726 1738 1727
4 3664 3669 3661 3659
4 3611 4141 4135 4147
4 1833 1828 1878 1873
4 3168 3163 3171 3161
4 3259 2461 3257 3261
4 3225 3227 3228 3229
4 2267 2265 2262 2268
4 2223 2254 2198 2224
4 1129 1146 869 1136
4 141 130 199 570
4 1803 2273 2305 2268
4 3343 3348 3345 3349
4 420 369 409 370
4 1164 1139 1153 1144
4 568 578 576 551
4 1856 2010 2023 2034
4 4394 4514 4506 4391
4 4576 4594 4571 4568
4 2028 1903 2033 1559
4 1009 981 984 978
4 3703 3705 3704 3690
4 2567 2506 2571 2561
4 4601 4614 4625 4615
4 933 922 937 923
4 349 4013 1500 1561
4 854 838 849 840
4 2906 2905 2907 2894
4 3995 4007 4001 3988
4 2887 2837 2845 2909
4 980 1373 1400 1401
4 4470 4474 4468 4465
4 3770 3764 3761 3772
4 4520 4524 4532 4533
4 2277 2189 2247 2190
4 4215 4206 4201 4198
4 4450 4457 4458 4446
4 1508 4008 4492 4503
4 45 50 44 55
4 3533 3511 3531 3507
4 3244 3218 3307 3216
4 3232 3234 2690 3236
4 83 73 70 79
4 1858 1946 1868 2014
4 3686 3702 3776 3673
4 3538 3542 3549 3540
4 1581 1589 1596 1603
4 2303 2317 2310 2316
4 2466 3234 3068 2690
4 758 770 767 787
4 500 499 495 485
4 3068 2693 2685 2690
4 2676 2466 2685 2690
4 1726 1737 1723 1727
4 1726 1723 1729 1727
4 3952 3954 3948 3946
4 4445 4438 4437 4433
4 3522 3526 3519 3531
4 1558 1875 1571 1878
4 1361 1365 1370 1368
4 3919 3910 1216 820
4 1608 1615 1206 1728
4 3520 3533 3532 3526
4 54 174 177 49
4 4195 4215 4206 4190
4 566 564 561 560
4 2390 2354 2356 2360
4 1012 1412 1376 886
4 2842 2837 2919 2909
4 3585 3572 3592 3581
4 2466 3068 2685 2690
4 3598 3719 3607 3581
4 4215 4217 4221 4220
4 883 895 871 877
4 3373 3376 3315 3322
4 1300 1301 1304 1307
4 3177 3175 3176 3189
4 2122 2116 2118 2115
4 3826 3829 3832 3831
4 4581 4593 4576 4585
4 457 470 468 456
4 4494 4004 4493 4490
4 4538 4549 4625 4455
4 3263 2410 2423 3254
4 2762 4108 4180 4245
4 279 1160 1163 251
4 3981 3986 3943 3992
4 3960 3958 3945 3955
4 1615 1674 1608 1206
4 2790 4230 2788 4246
4 1234 1236 1247 1248
4 2789 2825 2833 2777
4 4505 4515 4514 4472
4 4403 4404 4410 4374
4 588 279 267 1141
4 4179 4195 4200 4190
4 4225 4268 4285 4292
4 2893 2901 2916 2908
4 3902 3895 3888 3892
4 1194 1181 1191 1185
4 2315 4384 2281 2316
4 4469 4392 4470 4465
4 2791 2789 2804 2777
4 2281 4384 2288 2316
4 2846 2847 2809 2777
4 4450 4459 4452 4446
4 1957 1936 1948 1953
4 2802 2804 2791 2793
4 2258 2253 2255 2251
4 3394 3386 3393 3396
4 736 317 802 735
4 1509 1504 1496 1500
4 3938 3940 3899 3896
4 274 263 265 251
4 4189 4181 4184 4188
4 705 702 716 703
4 3950 3543 3544 3539
4 3790 3796 3829 3794
4 1496 1591 1473 1470
4 4162 4158 3595 4178
4 681 837 688 864
4 2545 2478 2535 2476
4 3607 320 3596 3598
4 3981 4007 3984 3994
4 1834 1821 1824 1560
4 1992 1137 1982 881
4 2725 4400 2259 348
4 2203 2172 2121 2131
4 362 361 555 554
4 993 999 1000 642
4 4206 4190 4215 4222
4 2103 2100 2098 2106
4 1780 1775 1773 1772
4 2194 2269 2211 2199
4 1322 1302 1321 1316
4 1704 1691 1693 1703
4 3343 3353 3344 3349
4 2376 2393 2345 2386
4 739 741 726 737
4 874 931 927 929
4 1508 1509 1495 1500
4 2886 2830 2825 2823
4 2532 2530 2542 2544
4 2662 2656 2652 2238
4 1396 1398 1392 1401
4 1389 1402 1396 1401
4 4606 4431 4433 4443
4 3131 3132 3146 3143
4 2146 2140 2148 2167
4 3528 4661 4354 4337
4 3989 3985 3996 3992
4 355 2311 1563 1561
4 2950 3133 3146 2948
4 4375 4379 4369 4382
4 2564 2569 2563 2562
4 3666 3657 3669 3667
4 603 942 643 642
4 744 3599 3597 3758
4 4521 4636 4519 4632
4 42 49 53 55
4 4141 3612 4148 4138
4 2103 2105 2107 2106
4 3874 3864 3871 3878
4 914 925 894 923
4 4395 4514 4394 4391
4 1915 1902 1912 1910
4 3605 3600 3634 3607
4 1178 1279 1171 1277
4 1912 1902 1909 1910
4 2324 2326 2323 2319
4 2599 2407 2394 2566
4 2707 2735 2730 2750
4 767 723 787 768
4 1887 1899 1895 1898
4 279 274 1160 251
4 42 50 224 55
4 3658 3643 3647 3844
4 2248 2240 2259 413
4 4393 4395 4394 4391
4 3692 3686 3706 3698
4 4207 4197 4108 4157
4 1622 1619 1629 1624
4 2071 2079 2073 2067
4 293 328 332 288
4 2109 398 386 2106
4 4137 4210 4145 4218
4 1558 1777 1778 1772
4 524 551 534 533
4 1836 1539 1681 1538
4 931 874 919 933
4 562 575 576 577
4 471 531 523 525
4 4524 4520 4537 4533
4 958 1050 929 962
4 3177 3172 3164 3086
4 1921 1923 1962 1930
4 1681 1562 1551 1690
4 2105 2109 2107 2106
4 3893 3869 3877 3868
4 3930 3937 3927 3936
4 1167 1173 1379 1172
4 3418 3388 3427 3389
4 2278 2284 2281 2288
4 1914 1912 1909 1910
4 282 305 300 287
4 2514 2592 2589 2571
4 3074 3133 3135 3073
4 3793 3795 3790 3794
4 1649 1661 4005 1504
4 4031 4034 4035 4046
4 4447 4459 4451 4455
4 2098 2100 2091 2106
4 1644 4019 4027 1643
4 133 137 132 372
4 4355 4352 4353 4367
4 67 20 23 84
4 3146 3149 3150 3152
4 1492 1507 1489 1485
4 6 32 229 227
4 2130 2131 2097 2220
4 3759 3767 3760 3758
4 2350 2390 2335 2360
4 4198 4201 4159 4203
4 1649 4013 1502 1504
4 1952 1948 1932 1957
4 1907 1904 1902 1910
4 2298 2300 2301 2290
4 3651 3752 3937 3927
4 1675 1528 1547 1564
4 2393 2385 2386 2384
4 2770 2785 2772 2749
4 1551 1703 1746 1744
4 4018 4019 4027 4024
4 2292 2293 2297 2289
4 4053 4054 4047 4055
4 950 646 643 642
4 1183 1191 1196 1192
4 1021 1039 1033 1035
4 1685 1684 1678 1686
4 2761 2765 2759 2760
4 4450 4449 4459 4446
4 3995 4007 3989 3991
4 2524 2520 2517 2531
4 775 772 764 766
4 2112 2127 2133 2120
4 4127 4126 4121 4132
4 691 700 715 716
4 3771 719 3761 3762
4 4588 4584 4594 4585
4 200 130 128 194
4 4532 4524 4519 4533
4 3819 3829 3821 3828
4 1596 1597 1594 1583
4 3790 3796 3791 3829
4 4202 4162 4194 4205
4 2231 2240 2237 2241
4 1001 995 965 937
4 3652 3837 3840 3847
4 1365 1371 1305 1368
4 2226 2102 2232 413
4 3505 3507 3533 3531
4 895 883 871 923
4 4126 4128 4127 4121
4 3032 3194 3196 3031
4 4466 4500 4514 4391
4 3758 3768 3747 737
4 396 395 386 2086
4 3662 3663 3655 3668
4 398 396 386 2106
4 235 243 242 241
4 1775 1767 1773 1772
4 2244 2239 400 2232
4 1197 1307 1298 1381
4 3931 3926 3927 3936
4 874 1061 927 1122
4 3674 3661 3641 3664
4 3890 3884 3888 3883
4 3124 3100 3126 3091
4 3369 3371 3368 3382
4 4013 1649 4005 1504
4 1349 1347 1354 1971
4 452 450 446 460
4 3985 4594 4656 4568
4 2453 2440 2442 2443
4 3031 3194 3196 3037
4 4146 4134 4143 4138
4 201 184 563 2177
4 2369 2729 2366 2833
4 2716 4412 2675 2667
4 3985 3524 3992 3988
4 1803 2308 1801 2319
4 3223 3230 3235 3222
4 3943 3964 3947 3955
4 1013 1398 1393 978
4 2838 2846 2825 2777
4 3662 3666 3663 3668
4 41 28 31 227
4 3522 3526 3550 3524
4 3930 3941 3938 3936
4 3650 3647 3639 3640
4 3296 3343 3344 3323
4 2806 2779 2819 2778
4 4602 4599 4623 4607
4 2369 2729 2649 2367
4 262 247 253 1905
4 1911 1915 1906 1910
4 4500 4466 4503 4391
4 847 849 858 864
4 1915 1911 1902 1910
4 688 837 841 864
4 3822 3831 3863 3821
4 1907 1902 1911 1910
4 3849 3857 3833 3824
4 2458 2462 3233 2468
4 4463 4454 4460 4446
4 2331 2296 2320 2294
4 2109 2102 2107 2106
4 3790 3795 3796 3794
4 2121 2153 1779 2157
4 4270 4279 4267 4274
4 3669 3660 3658 3657
4 4162 4202 4158 4205
4 3922 3913 3924 3914
4 3172 3177 3155 3086
4 3995 3527 3524 3988
4 36 33 37 23
4 980 1400 1392 1401
4 3233 3223 3235 3222
4 2332 2324 2323 2319
4 2308 2323 2326 2319
4 4451 4431 4606 4443
4 4148 4142 4141 4138
4 3046 3043 3047 3049
4 1402 1385 1390 1397
4 3663 3655 3656 3659
4 744 3599 3758 737
4 3657 3669 3667 3658
4 1648 1668 1640 1660
4 4483 4558 4499 4490
4 65 58 67 59
4 1223 1224 1218 1214
4 4246 4242 4248 4244
4 1155 1151 1156 1158
4 1801 1802 1809 1823
4 3040 3136 2946 3134
4 3667 3666 3663 3656
4 691 20 27 583
4 4565 4572 4581 4576
4 2198 2189 2190 2255
4 4052 4054 4055 4077
4 3996 3539 3947 3992
4 129 128 201 170
4 956 948 946 954
4 2455 2452 2438 2443
4 3072 3071 3075 3179
4 3564 4152 4161 4156
4 2141 2138 2144 2139
4 1595 1599 1451 1603
4 2606 2612 2602 2608
4 4215 4213 4219 4222
4 302 305 300 308
4 848 831 867 859
4 1351 2003 1347 1971
4 1458 1449 1476 1453
4 1139 1164 1151 1149
4 4569 3989 4495 4568
4 584 711 599 585
4 2185 2188 2194 2199
4 1919 1918 1929 1921
4 2883 2892 2863 2881
4 1495 4508 4503 4391
4 4343 4308 4177 3521
4 2780 2783 4233 2781
4 2502 2475 2470 2514
4 3087 3088 3126 3091
4 2886 2849 2854 2840
4 3263 2546 2410 2551
4 3523 4175 3525 3555
4 2920 2911 2922 2916
4 257 1150 1162 1163
4 2812 2388 2378 2381
4 1371 1344 1305 1368
4 4406 4408 4411 4409
4 0 9 4 11
4 136 557 554 563
4 2492 2490 2498 2487
4 2598 2561 2574 2602
4 54 49 53 48
4 4103 3620 4147 4144
4 1960 1859 1868 1861
4 2001 2031 2032 2030
4 380 385 373 376
4 3886 3919 1216 3918
4 3251 3259 3243 3245
4 613 614 625 621
4 1294 1286 1260 1265
4 2059 2184 2174 363
4 1080 1088 1019 1091
4 842 795 794 851
4 2734 2742 2733 2736
4 110 111 109 98
4 846 799 850 825
4 2604 2593 2591 2598
4 2298 2306 2288 2316
4 1382 1383 1380 1387
4 2688 2689 2682 2694
4 2257 2662 2652 2238
4 4638 4590 4595 4657
4 1355 1349 1354 1964
4 2418 2410 2419 2422
4 2729 2743 2731 2867
4 3960 3958 3955 3965
4 3058 2693 3068 2690
4 3704 3708 3701 3712
4 3960 3967 3958 3965
4 3807 3897 3906 3896
4 3120 3119 3115 3122
4 2669 2670 2675 2684
4 3804 3838 3861 3834
4 4101 4094 4104 4100
4 1664 3919 1386 1561
4 4454 4458 4460 4446
4 3516 3583 3587 3593
4 582 593 486 581
4 1042 1047 1037 1035
4 319 312 316 310
4 3841 3838 3834 3861
4 3615 3623 3622 3616
4 529 521 528 520
4 249 253 262 260
4 3410 3408 3380 3382
4 3626 3622 3628 3637
4 3636 3630 3634 3627
4 3647 3646 3641 3649
4 4346 4349 4351 4353
4 2246 2249 4413 2253
4 462 340 443 369
4 102 56 67 104
4 1615 1748 1666 1206
4 1454 1451 1453 1603
4 4168 4169 4172 4171
4 1601 1454 1453 1603
4 1421 1446 1447 1438
4 3226 3206 3209 3217
4 3585 3530 3519 3580
4 2795 2792 2784 2798
4 1933 1925 1922 1932
4 4467 4461 4456 4543
4 1297 1287 1285 1276
4 189 524 482 526
4 980 982 1432 1405
4 1419 1421 1432 1424
4 3830 3821 3833 3857
4 4666 4669 4665 4667
4 2861 2849 2860 2852
4 3870 3873 3871 3867
4 3112 3184 3170 3109
4 3843 3842 3840 3845
4 4224 4286 4288 4228
4 629 628 637 640
4 1449 1457 1476 1453
4 3168 3162 3169 3159
4 4216 4217 4107 4218
4 1805 1823 1834 1819
4 339 331 350 333
4 228 8 229 227
4 2304 2287 2306 2309
4 2831 2830 2605 2854
4 3099 3164 3179 3109
4 157 152 147 142
4 3997 3999 3994 3992
4 358 404 362 363
4 4373 4375 4371 4382
4 3378 3357 3368 3363
4 102 103 104 105
4 2270 2248 2216 2198
4 477 121 795 127
4 33 34 39 23
4 1146 1129 1127 1136
4 396 2081 386 2106
4 3190 3052 3048 3201
4 750 758 757 828
4 3386 3308 3408 3316
4 450 311 3623 323
4 312 820 819 310
4 980 1432 1430 1405
4 2621 2633 2625 2629
4 2146 2181 2155 2167
4 4273 4279 4270 4274
4 269 2182 1903 2178
4 17 21 23 84
4 4152 4154 4161 4163
4 1261 1263 1259 1267
4 2245 2236 2237 2241
4 575 543 564 560
4 3941 3927 3748 3743
4 2866 2868 2864 2870
4 2858 2870 2605 2876
4 2747 2706 2647 2730
4 2370 2372 2401 2375
4 1651 4003 4016 1652
4 3932 3653 3838 3929
4 1032 1117 1030 1027
4 1821 1825 1812 1822
4 2894 2789 2800 2804
4 4130 4104 291 4122
4 1479 1713 1707 1705
4 2140 2142 2148 2139
4 1730 1694 1727 1722
4 842 805 586 840
4 2350 2353 2356 2360
4 1666 1675 1569 1564
4 1989 1991 1986 1984
4 3295 3274 3266 3272
4 361 561 555 554
4 897 900 901 909
4 368 564 359 364
4 392 297 309 295
4 1321 1319 1315 1329
4 3654 3674 3641 3642
4 28 6 8 227
4 1493 2330 2320 2325
4 2187 2191 2190 2263
4 4535 4540 4495 4568
4 3914 3743 3922 3913
4 1618 1605 1608 1728
4 1130 1129 1125 1095
4 2883 2885 2892 2890
4 4200 4205 4193 4298
4 4107 4207 4219 4222
4 204 256 276 265
4 2768 2766 2769 2771
4 1894 1154 1163 1149
4 1154 1152 1151 1149
4 2354 2390 2343 2350
4 1148 1145 1139 1149
4 1608 1734 1203 1607
4 2155 2162 2167 2158
4 1563 2248 2259 402
4 3736 3732 3738 3730
4 2685 4438 2690 2684
4 2914 2894 2921 2898
4 1762 2208 1761 1752
4 1004 638 1012 621
4 1354 1356 1417 1353
4 1670 4001 1657 4045
4 1551 1683 1690 1692
4 2620 2580 2612 2587
4 4325 4269 4316 4337
4 4026 4030 4021 4022
4 2081 2080 2092 2090
4 1280 1274 1269 1265
4 1842 1841 1337 1843
4 312 314 735 316
4 129 154 201 144
4 2329 1490 1584 2325
4 1036 1041 1040 1046
4 2175 2150 2170 2181
4 3383 3371 3368 3374
4 3242 3251 3243 3245
4 2050 269 185 144
4 2520 2542 2544 2531
4 3825 3811 3810 3818
4 4153 4152 3564 4156
4 713 705 676 716
4 2858 2864 2851 2870
4 3658 3644 3661 3641
4 4016 4032 4003 4042
4 2330 1481 1493 1482
4 990 996 995 994
4 211 205 213 218
4 3973 3970 3981 3976
4 1591 1586 1547 1588
4 574 577 576 579
4 4566 4569 4551 4495
4 973 893 896 985
4 785 750 758 770
4 4194 4162 4167 4205
4 1640 1668 1638 1634
4 1154 1152 1157 1163
4 154 129 149 144
4 108 109 111 98
4 4487 4486 4478 4472
4 734 742 741 751
4 2462 3251 3233 2468
4 340 353 323 344
4 893 985 1001 896
4 1009 895 1001 896
4 3658 3644 3643 3660
4 1885 1879 1877 1884
4 2750 2752 2756 2745
4 4341 4350 4345 4354
4 1877 1874 1871 1884
4 3647 3658 3652 3648
4 3658 3647 3652 3844
4 3786 3757 3788 3768
4 3658 3643 3844 3660
4 446 450 455 323
4 1975 1972 1964 1973
4 3652 3658 3844 3837
4 3847 3838 3929 3840
4 3371 3383 3368 3380
4 2343 2354 2350 2347
4 1585 1821 1570 1574
4 4091 4096 4097 2771
4 2363 2380 2389 2381
4 4386 4390 4393 4394
4 1365 1367 1370 1363
4 2490 2525 2521 2648
4 2762 4246 2774 4240
4 2168 2155 2181 2167
4 3647 3640 3652 3847
4 4091 2766 2699 2771
4 564 555 364 566
4 3172 3159 3171 3168
4 297 307 301 308
4 1416 1356 1407 1417
4 3924 3908 3920 3915
4 1197 1298 1572 1381
4 2084 381 2090 2085
4 2530 2516 2509 2504
4 2081 2184 2080 2090
4 3297 3218 3307 3310
4 3790 3829 3826 3794
4 3842 3843 3837 3845
4 3827 3829 3828 3832
4 2659 2627 2664 2652
4 3640 3847 3653 3929
4 1077 1042 1086 1064
4 3847 3844 3652 3647
4 2140 2141 2144 2139
4 890 894 889 887
4 1164 1894 1163 1149
4 3782 3759 3760 3724
4 3843 3903 3838 3934
4 3842 3652 3837 3840
4 1787 1759 1789 1755
4 1147 1965 1140 1981
4 2013 1899 2011 1898
4 1899 2013 1888 1898
4 3657 3658 3844 3660
4 1139 1900 1894 1981
4 3660 3669 3658 3661
4 582 3919 347 1386
4 1682 1681 1683 1677
4 3737 3713 3718 3774
4 2286 2281 2279 4389
4 440 454 325 455
4 2669 2676 2675 2667
4 656 666 647 648
4 1602 1469 1592 1593
4 1600 1604 1602 1593
4 2224 2240 413 2241
4 19 15 14 17
4 4418 4424 4417 4425
4 4237 2770 2769 2763
4 1787 1753 1759 1755
4 3791 3790 3829 3826
4 4588 4589 4571 3534
4 3995 3527 4535 4568
4 2592 2606 2729 2867
4 3773 3776 3784 3687
4 3837 3842 3845 3846
4 1651 4003 4001 4016
4 3740 3734 3718 3737
4 3628 3637 3631 3567
4 3795 3823 3796 3794
4 3796 3823 3820 3794
4 345 350 344 341
4 1820 1827 1829 1828
4 3795 3792 3803 3794
4 3823 3795 3803 3794
4 4131 4124 4130 4122
4 4054 4069 4068 4077
4 2897 2907 2756 2800
4 1885 1869 1865 1884
4 1586 1581 1596 1603
4 3219 3208 3220 3218
4 279 1900 1164 1140
4 1157 1150 1154 1163
4 1431 1195 1385 1377
4 3351 3377 3371 3353
4 3325 3309 3315 3346
4 4407 4409 4414 2665
4 3851 3858 3863 3860
4 4466 4400 4492 4391
4 792 747 735 734
4 4393 4388 2288 2295
4 3752 3930 3941 3741
4 4343 3528 4354 4337
4 2240 302 300 298
4 3838 3840 3841 3834
4 1459 1456 1455 1453
4 1571 1559 1855 1867
4 2606 2874 2620 2830
4 1721 1324 1736 1329
4 4071 4073 4072 4061
4 3782 3773 3786 3787
4 2493 2485 2486 2476
4 1900 1139 1140 1981
4 3161 3166 3173 3154
4 4092 4123 4114 4121
4 4007 3981 4001 3988
4 3757 3786 3788 3787
4 1590 1601 1598 1593
4 3842 3835 3845 3846
4 3178 3175 3180 3184
4 3857 3859 3849 3860
4 5 645 9 11
4 3213 3318 3327 3310
4 505 460 506 493
4 254 276 263 265
4 3897 3807 3904 3896
4 3830 3856 3853 3854
4 1851 1677 1850 1853
4 1570 1821 1587 1574
4 4250 2790 2788 4246
4 182 188 165 175
4 3840 3845 3841 3834
4 2349 2352 2347 2427
4 1675 1591 1569 1564
4 4636 4540 4656 4568
4 3529 3964 3911 3963
4 2028 1965 2024 1981
4 3917 3912 3916 3920
4 3895 3902 3888 4079
4 3273 3243 3244 3237
4 3838 3843 3840 3834
4 3835 3842 3845 3841
4 3853 3854 3851 3836
4 3814 3849 3822 3810
4 3289 3274 3292 3286
4 4013 4005 4008 1504
4 882 873 869 880
4 2432 2437 2435 2427
4 750 749 829 828
4 4207 4206 4222 4200
4 3856 3853 3854 3851
4 1385 1195 1167 1377
4 3933 3899 3921 3920
4 3845 3836 3846 3835
4 2434 2433 2352 2427
4 652 641 650 947
4 4016 4014 4042 4003
4 4358 4662 4368 4366
4 278 254 274 265
4 2572 2598 2604 2600
4 4293 4289 4285 4278
4 2245 2258 2252 2237
4 254 278 276 265
4 3517 3513 3519 3506
4 4205 4197 4308 4200
4 1965 2028 1140 1981
4 1599 1494 1451 1603
4 885 890 896 889
4 154 2050 185 144
4 221 265 228 226
4 4594 3985 4571 4568
4 1601 1468 1598 1593
4 2107 2102 2226 413
4 1597 1596 1594 1593
4 174 54 183 48
4 951 969 966 956
4 2828 2827 2823 2821
4 1040 1033 1045 1037
4 3964 3947 3955 3536
4 4210 4145 4218 4132
4 4598 4597 4603 4606
4 843 845 851 796
4 3553 3538 3550 3563
4 3903 3843 3838 3804
4 4267 4280 4270 4274
4 1875 1778 1959 1882
4 2126 2184 2131 2169
4 89 653 647 654
4 1124 1103 1122 1095
4 1493 1585 2325 2328
4 4045 4032 1641 4040
4 302 2251 2240 2259
4 2869 2875 2743 2732
4 1785 1840 1784 1782
4 3277 3266 3243 3244
4 3168 3163 3162 3171
4 3542 3546 3538 3549
4 1040 1045 271 1037
4 2737 2741 2740 2730
4 2205 1759 1757 1755
4 3805 3900 4080 4089
4 1369 1360 1361 1366
4 462 542 532 549
4 3849 3814 3954 3850
4 4314 4310 4312 4315
4 464 467 471 475
4 3537 3544 3538 3536
4 66 56 102 99
4 2741 2739 2730 2737
4 931 1129 869 1127
4 1847 1842 1849 1843
4 2805 2759 2760 2800
4 2083 2094 2087 2092
4 610 630 633 625
4 3369 3341 3351 3353
4 1792 1759 2205 1755
4 337 339 291 329
4 2729 2606 2366 2833
4 4512 4390 4394 4506
4 3647 3644 3643 3641
4 4103 4237 2769 4096
4 4340 4347 4175 4339
4 2633 2674 2642 3067
4 1764 1754 1774 1962
4 3388 3364 3359 3393
4 4307 4195 4304 4200
4 2864 2878 2873 2870
4 4431 4436 4433 4443
4 3886 3889 1216 3867
4 2202 2210 2194 2200
4 658 662 676 713
4 972 986 981 978
4 750 789 758 828
4 2875 2889 2743 2732
4 278 274 272 265
4 166 52 171 49
4 1641 4020 4040 4027
4 3732 3736 3737 3734
4 4269 4293 4311 4278
4 802 842 805 590
4 1130 1123 1134 1125
4 2946 2942 2944 2938
4 587 584 599 585
4 1861 1875 1884 1867
4 630 627 602 633
4 565 579 561 574
4 701 702 584 715
4 1771 1870 1876 1880
4 120 114 121 127
4 2601 2589 2571 2602
4 3407 3402 3428 3384
4 2410 2423 2417 2422
4 4387 4397 4394 4389
4 4588 3541 3534 3560
4 981 974 978 1012
4 3559 3548 3538 3509
4 4386 4387 4398 4394
4 723 788 767 787
4 4233 4226 4236 4234
4 2534 2539 2486 2648
4 514 515 524 526
4 2793 2795 2792 2804
4 3267 3294 3216 3295
4 1674 1382 1664 1671
4 2098 396 398 2106
4 4576 4594 4595 4585
4 3989 4557 4561 3993
4 2298 2284 2278 2288
4 1052 1093 1059 1048
4 566 561 361 554
4 3908 3909 3899 3898
4 1742 1730 1694 1744
4 3094 3089 3090 3086
4 2290 2298 2288 2301
4 4308 4304 4200 4186
4 281 280 291 329
4 2320 2297 2316 2294
4 1312 1309 1308 1302
4 3640 3653 3650 3929
4 3559 3508 3526 3550
4 1998 1344 1347 1335
4 3527 3529 349 342
4 658 647 648 654
4 3930 3741 3937 3651
4 4517 4516 4509 4513
4 228 223 229 226
4 2721 2720 2712 2715
4 2701 2724 2708 2697
4 438 421 550 370
4 2749 2711 2773 2758
4 2557 2409 2562 2404
4 3650 3931 3728 3649
4 1266 1249 1284 1245
4 2680 3232 2469 2690
4 2182 1903 2153 1905
4 2041 2042 2046 2044
4 2885 2888 2909 2915
4 2772 2768 2771 2767
4 45 47 178 55
4 3508 3518 3509 3526
4 170 160 138 167
4 1323 1725 1734 1315
4 3551 3561 3558 3550
4 1256 1645 1282 1642
4 975 977 980 978
4 3761 3766 726 718
4 2280 2246 4405 2253
4 725 730 721 726
4 3977 4036 4035 3983
4 3552 3555 3554 3551
4 720 741 729 726
4 3764 3769 717 726
4 3766 3760 3764 726
4 4649 4612 4642 4666
4 4064 4068 4062 4075
4 3751 3866 3743 3874
4 1374 1375 1211 1380
4 1602 1591 1547 1596
4 2235 2245 2252 2237
4 1392 1398 974 1401
4 4483 4488 4485 4490
4 488 489 485 124
4 3104 3114 3099 3106
4 696 700 689 686
4 1461 1456 1452 1453
4 2024 2036 2026 1968
4 1431 1186 1193 1424
4 3950 3945 3942 3955
4 3740 3729 3718 3735
4 4098 4093 4099 4097
4 275 214 185 179
4 3535 3538 3546 3537
4 2434 2352 2349 2427
4 1789 1783 1780 1773
4 4665 4661 4659 4667
4 3676 3672 3671 3673
4 4275 4257 4271 4263
4 1815 1580 1826 1574
4 4298 4168 4194 4301
4 593 477 696 104
4 1913 2138 1931 2139
4 21 25 15 23
4 2379 2361 2360 2387
4 2892 2880 2873 2890
4 593 588 583 592
4 3919 582 820 1386
4 4217 4221 4107 4219
4 292 339 329 287
4 3917 3922 3925 3924
4 1449 1456 1459 1453
4 3177 3189 3176 3183
4 1632 1620 1623 1621
4 1609 1615 1612 1621
4 1913 1910 1912 1914
4 1398 1396 1393 1401
4 4595 4576 4636 4568
4 584 585 590 592
4 2054 379 2059 153
4 4386 4387 4394 4389
4 1496 1470 1513 1485
4 1356 1407 1417 1353
4 25 21 86 23
4 59 70 74 61
4 2270 2313 2248 2309
4 2149 2147 249 1905
4 2595 2601 2600 2591
4 578 544 540 551
4 3944 3961 3957 3915
4 3180 3176 3198 3182
4 1991 1895 1888 1981
4 4107 4108 4180 4115
4 3353 3383 3381 3371
4 184 360 563 2177
4 2315 2313 2306 2309
4 4189 4179 4186 4184
4 4013 3995 4007 4001
4 1635 1646 1640 1660
4 1585 1570 1587 1574
4 4021 4029 1642 1644
4 2716 2675 2660 2758
4 584 593 585 592
4 157 147 143 142
4 4347 4348 4354 4339
4 4641 4631 4634 4629
4 1167 1375 1385 1377
4 136 133 132 372
4 620 618 614 626
4 1558 1903 1776 2178
4 1692 1695 1703 1542
4 4362 4582 4359 4363
4 2674 2676 2678 3057
4 360 347 402 2179
4 3989 3995 4495 4568
4 2744 2649 2740 2639
4 2223 2221 2220 2209
4 127 477 105 845
4 2343 2746 4600 2754
4 2119 2117 2204 2120
4 1470 1479 1592 1478
4 1385 1431 1377 1429
4 30 31 37 39
4 1883 1871 1846 1884
4 4280 4327 4325 4331
4 1885 1871 1883 1884
4 1380 1382 1384 1379
4 4580 4586 4662 4362
4 4595 4636 4656 4568
4 977 972 983 978
4 3330 3327 3332 3331
4 2270 2172 2248 1563
4 339 350 351 346
4 490 487 478 464
4 1874 1877 1880 1884
4 1762 1753 1755 1757
4 232 224 49 226
4 3546 3556 3550 3563
4 426 429 420 430
4 2249 2663 4413 4414
4 2639 2650 2642 2648
4 4328 4273 4275 4650
4 3388 3427 3389 3387
4 1941 1940 1947 1942
4 3668 3700 3707 3706
4 842 847 849 839
4 3663 3662 3655 3659
4 4281 4285 4271 4292
4 2103 2109 2105 2106
4 4338 4330 4329 4356
4 1733 1723 1731 1728
4 1547 1706 1546 1675
4 31 43 39 53
4 3714 3758 3713 3609
4 3919 347 1386 1561
4 318 317 314 316
4 1880 1875 1878 1884
4 2672 2675 2716 2758
4 1948 1776 1921 1957
4 2790 4250 2788 2798
4 337 4103 338 4133
4 2584 2585 2612 2608
4 2838 2845 2886 2840
4 3562 4588 3553 3563
4 498 468 506 456
4 3075 3139 3155 3083
4 1345 1346 1354 1353
4 2669 2673 2678 2667
4 1364 1363 1353 1366
4 1917 1905 261 1910
4 1016 988 1011 1005
4 4380 4379 4374 4381
4 2400 2411 2337 2416
4 1422 1426 1434 1438
4 4106 4187 2762 4115
4 1973 1970 1977 1964
4 1708 1723 1727 1728
4 2530 2500 2516 2504
4 143 129 153 144
4 488 499 506 485
4 2513 2508 2509 2504
4 3120 3221 3206 3273
4 3242 3246 3243 3237
4 691 27 654 650
4 1367 1370 1363 1364
4 826 825 824 828
4 3519 3588 3580 3506
4 499 488 506 475
4 1093 1102 1103 1058
4 4029 4025 1215 4026
4 1562 1666 1569 1564
4 336 327 334 3614
4 2675 2676 2678 2667
4 513 518 196 195
4 2859 2857 2855 2852
4 4304 4307 4200 4186
4 3169 3089 3164 3086
4 1905 1914 261 1910
4 355 2240 403 413
4 398 2109 2098 2106
4 2516 2512 2643 2642
4 2674 2643 3067 3057
4 2871 2865 2863 2872
4 2489 2488 2493 2487
4 4511 4498 1505 4508
4 4181 4189 4184 4179
4 1563 1559 2178 2179
4 4333 4654 4653 4332
4 3311 3312 3320 3323
4 4227 4294 4259 4234
4 3051 3144 3196 3040
4 60 82 64 70
4 4631 4641 4649 4655
4 4649 4636 4629 4634
4 3703 3692 3706 3698
4 1350 1369 1353 1366
4 2353 2361 2356 2360
4 1290 1292 1286 1288
4 3327 3330 3218 3310
4 1608 1605 1612 1728
4 2056 2063 2055 2068
4 100 101 102 98
4 4363 4583 4359 4594
4 321 318 322 316
4 2889 2742 2907 2743
4 2334 2399 2337 2416
4 2459 2460 2414 2464
4 604 1004 596 600
4 2077 2068 2079 2069
4 2028 2033 2036 1855
4 1758 1749 1770 1752
4 2228 2131 2220 2115
4 4338 4349 4356 4353
4 1749 1763 1770 1752
4 4254 4258 4599 4255
4 1040 272 1037 271
4 75 60 106 484
4 3792 3794 3804 3810
4 1926 1919 1927 1930
4 4243 4232 4229 4248
4 3578 3569 3575 3579
4 3344 3376 3380 3322
4 2214 2197 2200 2209
4 2184 2126 2131 2097
4 1760 1762 1749 1752
4 874 1006 963 1141
4 702 711 715 716
4 874 1153 1127 1144
4 3390 3419 3384 3385
4 3354 3393 3364 3382
4 289 325 455 440
4 3910 3868 3874 3914
4 964 959 963 965
4 4207 4180 4200 4184
4 1874 1880 1878 1884
4 2599 2596 2603 2600
4 3998 3989 3996 3992
4 4270 4333 4328 4326
4 1759 1792 1789 1755
4 196 518 509 195
4 847 842 686 695
4 2082 396 2081 2086
4 2888 2885 2906 2890
4 1878 1875 1873 1884
4 2071 2074 2107 2097
4 4438 2676 2685 2690
4 1897 1892 1886 1891
4 3538 3539 3524 3536
4 2592 2507 2514 2589
4 4650 4642 4666 4653
4 2892 2863 2881 2873
4 1110 1120 1103 1114
4 145 129 143 170
4 4034 3911 4020 4045
4 2863 2881 2873 2872
4 4485 4484 4478 4500
4 3140 3151 3141 3143
4 1523 1512 1517 1515
4 2314 2308 2310 2312
4 3834 3862 3863 3810
4 2143 2140 2142 2148
4 1042 963 953 1141
4 4277 4645 4647 4651
4 4212 4163 4151 4218
4 4329 4368 4664 4667
4 2059 378 2090 363
4 322 318 314 316
4 1946 1945 1943 1947
4 4043 4021 4017 4065
4 3261 2466 2643 2461
4 1751 1756 1761 1752
4 2637 3067 2633 2642
4 331 339 350 351
4 1042 874 963 1141
4 692 852 858 839
4 1799 1808 1809 1789
4 500 499 485 504
4 4250 4230 2790 4246
4 4009 4499 4006 4011
4 3323 3319 3320 3317
4 222 582 360 2179
4 2753 2744 2756 2749
4 2855 2880 2853 2852
4 2433 2358 2351 2355
4 4277 4273 4275 4276
4 4570 4530 4521 4523
4 1572 1966 1336 1855
4 1760 1758 1770 1752
4 2799 2803 2798 2800
4 1054 1056 1055 1058
4 1139 1145 1894 1149
4 2825 2846 2833 2777
4 3505 4165 3584 3531
4 347 345 353 341
4 331 3623 323 455
4 1900 1164 1139 1894
4 4553 4554 3987 3993
4 691 27 699 654
4 2786 2806 2809 2777
4 429 415 420 430
4 2098 2109 2103 2106
4 3269 3271 3253 3275
4 2500 2530 2516 2522
4 3893 3869 3876 3877
4 1874 1878 1873 1884
4 1755 1762 1761 1756
4 1670 3919 3911 3918
4 3968 3944 3957 3915
4 1828 1836 1834 1820
4 4326 4280 4327 4270
4 4356 4346 4353 4349
4 2239 2244 2236 2232
4 1359 1361 1360 1368
4 1335 1363 1342 1368
4 3884 3893 3877 3883
4 2893 2917 2890 2916
4 2676 2669 2678 2667
4 1508 1499 1501 1497
4 269 275 1917 262
4 1792 2205 2206 1789
4 4566 4540 4636 4568
4 2221 2186 2214 2209
4 2239 2102 394 2232
4 1812 1821 1570 1560
4 847 858 689 864
4 3110 3125 3122 2504
4 354 338 351 346
4 2785 2753 2756 2749
4 1737 1738 1743 1727
4 3891 3900 4084 3898
4 2570 2567 2571 2561
4 260 1909 259 261
4 2033 1558 1571 1559
4 1152 1154 1151 1163
4 1592 1473 1470 1478
4 2065 2061 2056 2053
4 3308 3316 3311 3320
4 3956 3962 3966 3963
4 4399 4387 4395 4394
4 1143 1147 1981 1984
4 2091 2082 396 2081
4 842 696 586 590
4 2119 2116 2117 2120
4 1903 1558 1948 1959
4 1257 1213 1259 1267
4 1307 1197 1299 1201
4 3402 3418 3428 3384
4 3145 3151 3157 3155
4 3941 3938 3927 3928
4 4371 4387 4389 4382
4 2688 2679 2681 2694
4 508 511 519 515
4 1006 596 957 592
4 1678 1683 1692 1686
4 171 52 177 49
4 4316 4349 4338 4351
4 4587 4580 4595 4590
4 4229 4233 4228 4231
4 3628 3633 3622 3626
4 525 465 532 523
4 2447 2444 4605 2443
4 2950 3151 3148 3146
4 846 821 850 799
4 4411 2668 2670 4409
4 3925 3737 3740 3927
4 1240 1244 1248 1251
4 876 878 901 871
4 362 358 378 563
4 2407 2397 2405 2409
4 1365 1361 1371 1368
4 4508 1501 1495 4503
4 3300 3306 3284 3304
4 1965 1147 1982 1984
4 2453 2455 2450 2443
4 684 682 690 681
4 121 113 103 124
4 2887 2906 2886 2890
4 20 67 104 84
4 2182 2054 2046 2044
4 4095 4102 4104 291
4 627 634 640 636
4 4007 4000 3994 3991
4 245 246 150 242
4 3674 3681 3664 3684
4 2438 2452 2415 2443
4 3630 3636 313 3627
4 3941 3893 3913 3868
4 2250 2655 2249 2257
4 3511 3507 3519 3531
4 2317 2303 2298 2294
4 4283 4284 4292 4286
4 1935 1937 1950 1953
4 2030 2026 1968 1979
4 139 133 137 132
4 3948 3942 3945 3944
4 4224 4287 4225 4231
4 3526 3510 3519 3531
4 2227 2217 2226 2220
4 3510 3511 3519 3531
4 3533 3510 3526 3531
4 2223 2216 2198 2220
4 593 584 590 592
4 2484 2641 2498 2639
4 2511 2559 2503 2506
4 3925 3737 3922 3732
4 3259 2417 3261 3260
4 4142 4143 4134 4138
4 1803 1801 2327 2319
4 1698 1704 1692 1703
4 4287 4235 4225 4231
4 4313 4346 4351 4342
4 4204 4195 4193 4298
4 4582 4363 4583 4359
4 1132 1135 1129 1133
4 4463 4461 4460 4465
4 3120 3273 3235 3122
4 1760 2110 1752 2111
4 15 14 17 23
4 3247 3243 3245 3242
4 2885 2883 2884 2890
4 595 812 805 819
4 808 807 818 817
4 952 950 942 643
4 1711 1707 1705 1714
4 2802 2787 2786 2777
4 4346 4364 4353 4352
4 3119 3062 3115 3122
4 3163 3196 3166 3193
4 4485 4476 4551 4522
4 1937 1957 1954 1953
4 4453 4549 4538 4455
4 3090 3169 3164 3086
4 2809 2806 2819 2777
4 3833 3828 3821 3830
4 1885 1877 1871 1884
4 1719 1716 1743 1714
4 67 38 35 39
4 2844 2809 2815 2829
4 4594 4595 4656 4568
4 2169 2172 2178 2179
4 1615 1612 1708 1728
4 3169 3172 3090 3164
4 1006 995 1001 937
4 2313 2311 2315 2316
4 3105 3103 2522 3100
4 992 997 996 995
4 1903 2028 2033 2024
4 2050 154 212 242
4 2802 2791 2777 2847
4 4225 4286 4228 4292
4 3319 3317 3313 3320
4 1921 1948 1957 1932
4 1500 2321 1561 1569
4 2028 1903 279 1900
4 891 918 883 923
4 2792 2787 2802 2777
4 1402 618 613 614
4 3175 3180 3176 3181
4 1390 1402 1395 1401
4 1551 1542 1744 1735
4 4183 4221 4213 4222
4 977 986 978 975
4 2830 2874 2605 2854
4 3671 3677 3684 3673
4 3620 3612 3622 3616
4 2846 2809 2829 2823
4 3776 3778 3784 3687
4 3400 3407 3384 3408
4 2831 2824 2830 2823
4 434 451 445 459
4 879 1137 1992 881
4 3804 3838 3903 3815
4 3418 3427 3420 3426
4 2162 2153 2165 2158
4 2740 2747 2647 2730
4 349 355 348 345
4 4597 4602 4601 4607
4 4466 4461 4463 4465
4 2701 2716 2724 2697
4 3247 3243 3264 3245
4 442 435 455 443
4 1489 1492 1485 1487
4 3103 3105 3102 3100
4 3973 3975 3970 3976
4 2805 2759 2765 2760
4 651 652 649 650
4 2467 3241 3251 3233
4 4466 4463 4460 4465
4 1693 1694 1690 1703
4 2605 2606 2614 2615
4 1101 910 935 927
4 1875 1873 1884 1867
4 798 843 794 851
4 1177 1328 1204 1207
4 1302 1314 1299 1321
4 3533 4165 3505 3531
4 2512 2461 3261 2643
4 4596 4597 4607 4599
4 3247 3239 3251 3245
4 4117 4116 4098 4118
4 2904 2911 2917 2893
4 2311 2315 4401 2259
4 255 274 1160 1046
4 3584 4165 4178 3531
4 4076 4088 4089 3953
4 3626 3619 3633 3622
4 2248 2198 2196 2190
4 3059 3128 3124 3126
4 1479 1707 1592 1705
4 3926 3925 3927 3928
4 805 810 808 819
4 3166 3158 3173 3154
4 3989 3997 3994 3992
4 2165 2134 2133 2171
4 2911 2899 2913 2916
4 1783 1832 1809 1782
4 709 702 711 715
4 2716 2725 2724 2723
4 588 222 231 277
4 2304 2309 2305 2268
4 3247 3248 3242 3251
4 948 954 956 947
4 1127 1148 1149 1132
4 452 447 461 456
4 3163 3199 3194 3193
4 1405 1430 1373 1429
4 4041 4085 4089 4061
4 3416 3421 3426 3415
4 1805 2270 1803 1567
4 3283 3285 3401 3306
4 1370 1365 1363 1368
4 217 277 265 228
4 3905 3906 3899 3896
4 3075 3099 3070 3077
4 16 593 20 104
4 3894 3879 3882 3881
4 2782 4226 4236 2781
4 3418 3389 3428 3384
4 1223 1209 1294 1257
4 2072 2079 2067 2069
4 4540 4541 4548 4535
4 2298 2288 2301 2294
4 3833 3819 3822 3821
4 3871 3753 3751 3865
4 2058 2051 2052 2170
4 687 92 97 699
4 988 990 989 1001
4 3588 3598 3581 3586
4 1834 1821 1812 1824
4 878 868 883 871
4 826 825 828 823
4 588 16 18 48
4 212 207 242 210
4 1480 1713 1479 1705
4 1220 628 638 812
4 2743 2736 2731 2732
4 2900 2903 2748 2907
4 4087 4053 4052 4054
4 3588 3585 3519 3580
4 3177 3164 3179 3086
4 1585 2327 1584 2325
4 4492 1495 349 1500
4 2735 2752 2733 2736
4 535 472 523 478
4 2095 382 2090 376
4 3807 3897 3904 3903
4 4535 3527 349 343
4 262 1917 1905 261
4 1081 1080 1088 1019
4 3828 3830 3832 3831
4 3901 4050 4080 4087
4 301 307 305 308
4 2706 2622 2633 2624
4 1006 1004 1009 1007
4 3271 3278 3256 3257
4 3161 3177 3198 3176
4 995 1009 1001 1007
4 4064 1241 1248 1251
4 4268 4336 4263 4244
4 332 288 292 329
4 3136 3045 3040 2946
4 868 882 870 877
4 2461 2462 2451 2464
4 3305 3291 3284 3306
4 774 765 721 726
4 1345 1349 1347 1354
4 258 240 253 214
4 240 248 237 241
4 3135 3133 3131 3139
4 2846 2838 2886 2840
4 2907 2906 2894 2908
4 4413 4405 4414 4409
4 4540 4541 4535 4495
4 2857 2864 2873 2870
4 4321 4299 4315 4300
4 3776 3749 3740 3752
4 3277 3269 3258 3275
4 1025 1021 1023 1022
4 2012 2023 2034 2026
4 2737 2728 2740 2736
4 3744 3941 3741 3752
4 3355 3397 3388 3393
4 1817 1811 1823 1819
4 4359 4661 4355 4594
4 2150 2181 2148 2170
4 2900 2903 2907 2908
4 1923 1949 1921 1962
4 4436 4435 2447 4433
4 4439 4435 4441 4433
4 2789 2907 2825 2894
4 4087 4079 4080 3901
4 4221 4183 4107 4222
4 2114 2123 2119 2120
4 4081 4082 4076 4089
4 2244 309 2231 295
4 4578 4565 4576 4567
4 3296 3305 3342 3330
4 931 1125 927 909
4 1604 1598 1602 1593
4 1124 1057 1153 1127
4 4017 4034 4026 4027
4 2253 2250 2255 2256
4 349 3919 310 342
4 2160 2161 2159 2157
4 1302 1313 1299 1310
4 3742 3750 3755 3751
4 113 120 121 127
4 2114 2110 2123 2120
4 3776 3718 3774 3752
4 3742 3750 3751 3754
4 1596 1543 1588 1575
4 184 562 557 555
4 2546 2554 2549 2551
4 3613 3619 3637 3622
4 270 266 272 8
4 4025 3961 3915 3918
4 1396 1402 1393 1401
4 526 482 484 478
4 1212 4025 1215 4029
4 2716 2701 2724 2672
4 3895 4022 3891 3885
4 2172 2153 2169 2178
4 1825 1821 1812 1820
4 3062 2466 3068 3057
4 788 784 767 787
4 400 394 388 389
4 2387 2390 2360 2388
4 4326 4332 4335 4330
4 2863 2879 2883 2881
4 3924 3910 3867 3886
4 4549 4447 4625 4455
4 3027 3032 3029 3039
4 784 718 788 726
4 4539 4463 4543 4545
4 1077 1042 1064 1035
4 4372 2274 4383 4410
4 2117 2112 2133 2120
4 2917 2911 2920 2916
4 1681 1844 1853 1833
4 220 221 272 228
4 3646 3642 3654 3641
4 335 330 332 329
4 890 984 896 889
4 2239 2108 2102 2232
4 1935 1943 1936 1953
4 3998 4557 3989 3993
4 624 622 619 617
4 2096 2071 2107 2097
4 4410 4403 4374 4369
4 2674 2642 2643 2678
4 1254 1257 1260 1267
4 3642 3646 3645 3641
4 4623 4336 4659 4616
4 56 57 102 67
4 3112 3107 3104 3099
4 2676 4438 2451 2690
4 1188 1175 1170 1179
4 1175 1170 1179 1176
4 1812 1814 1820 1813
4 956 954 957 947
4 948 956 944 947
4 3499 3391 3501 3387
4 2426 2434 4609 2431
4 3756 3742 3765 3753
4 636 623 614 630
4 1808 1807 1800 1789
4 1528 1591 1547 1564
4 3941 3927 3752 3748
4 4361 4350 4348 4354
4 1929 1925 1924 1927
4 1944 1927 1921 1932
4 4412 4405 2670 4409
4 3177 3161 3182 3168
4 1031 1064 1035 1023
4 13 270 267 8
4 4021 4026 1644 4024
4 702 707 609 708
4 2676 2643 2678 3057
4 748 749 758 757
4 3885 3894 3881 3884
4 1670 1649 1664 1657
4 2580 2620 2876 2587
4 3538 3985 3522 3524
4 3926 3925 3931 3740
4 4211 4209 4206 4222
4 1869 1846 1852 1845
4 3125 3118 3101 3122
4 2623 2627 2630 2625
4 3870 3876 3879 3880
4 3654 3644 3639 3641
4 3964 3966 3524 3536
4 4091 2699 2723 2771
4 2761 4106 2762 2772
4 247 269 275 214
4 3769 739 726 737
4 3737 3747 3774 3752
4 2231 2240 295 298
4 3270 3273 3257 3275
4 1748 1473 1705 1716
4 3585 3572 4150 3592
4 2382 2385 2384 2360
4 3788 3746 3749 3752
4 1969 1349 1355 1964
4 3240 2458 3251 2468
4 354 3620 352 342
4 2332 2323 2325 2319
4 4246 4180 4238 4245
4 2893 2883 2879 2890
4 1774 1754 1770 1962
4 18 588 11 583
4 1925 1933 1931 1932
4 3964 3981 3943 3992
4 2905 2906 2907 2825
4 211 213 207 218
4 2906 2907 2893 2908
4 3907 3903 3941 3934
4 2775 4261 2356 4234
4 2870 2620 2605 2876
4 3969 3964 3955 3536
4 3391 3395 3385 3389
4 10 3 8 12
4 3945 3948 3944 3946
4 4213 4215 4190 4222
4 393 390 407 399
4 1488 1470 1603 1593
4 3871 3866 3874 3875
4 3870 3875 3865 3871
4 2748 2897 2907 2756
4 3170 3107 3099 3097
4 138 130 128 200
4 2785 2768 2772 2749
4 1562 1833 1568 1838
4 3644 3658 3661 3660
4 1792 1794 1787 1789
4 1951 1949 1923 1962
4 1057 1124 1151 1155
4 4169 4171 4177 4172
4 2162 2182 1905 2139
4 353 347 310 342
4 3870 3873 3875 3871
4 3676 3645 3648 3641
4 3069 3058 3068 3236
4 3062 2466 3235 3222
4 2067 2124 2129 2097
4 4436 2447 4431 4433
4 3234 3229 3222 3236
4 4492 1495 4503 4391
4 2691 2674 2676 2673
4 2313 2311 2328 1567
4 35 63 67 58
4 3691 3692 3693 3689
4 4305 4299 4306 4321
4 3120 3270 3257 3122
4 4009 4014 4005 4004
4 3771 3753 3757 3765
4 1931 1913 2139 1908
4 375 374 381 376
4 984 986 1011 978
4 3640 3652 3837 3649
4 3330 3305 3324 3333
4 2611 2824 2830 2614
4 3934 3838 3929 3940
4 3516 3507 3580 3506
4 3909 3890 3893 3941
4 3744 3741 3749 3752
4 1044 1021 1035 1023
4 3742 3750 3754 3755
4 3985 3538 3563 3534
4 3977 4037 3984 3976
4 3518 3509 3526 3966
4 4213 4221 4219 4222
4 1080 1079 1081 1088
4 4260 4283 4292 4290
4 1307 1302 1298 1311
4 3648 3676 3651 3645
4 1923 1754 1951 1962
4 4215 4195 4206 4199
4 3865 3753 3751 3745
4 1639 1646 1653 1662
4 1636 1633 1644 4019
4 2163 2161 2157 2158
4 4432 4437 4427 4444
4 468 459 506 456
4 101 102 98 99
4 2922 2911 2913 2916
4 2221 2223 2198 2209
4 3645 3731 3740 3728
4 2022 1866 1847 2025
4 3135 3133 3139 3138
4 1373 1405 1429 1415
4 974 1398 1393 1401
4 3646 3728 3649 3650
4 715 700 714 716
4 1767 1774 1770 1962
4 3869 3893 3876 3941
4 4510 2300 4512 4506
4 2630 2659 2708 2625
4 1160 1159 1158 251
4 4483 4499 4497 4490
4 1904 1917 261 1910
4 1903 1917 1916 1905
4 596 593 584 583
4 3242 3247 3251 3245
4 216 205 206 218
4 1639 1637 1646 1635
4 4580 4590 4662 4657
4 4119 4112 4117 4115
4 217 212 164 218
4 950 948 942 947
4 2669 2670 2665 2667
4 153 379 378 372
4 3230 3223 3229 3222
4 3223 3233 3229 3222
4 1944 1921 1957 1932
4 562 184 557 191
4 2475 2483 2479 2535
4 1216 3919 820 1221
4 421 441 423 443
4 3960 3969 3955 3536
4 2153 2162 1776 2157
4 3895 3885 3891 3888
4 1835 1840 1832 1830
4 1613 1621 1628 1609
4 1631 1625 1511 1619
4 3937 3934 3843 3929
4 4475 4445 4548 2675
4 4221 4107 4219 4222
4 1959 1946 1943 2014
4 2905 2838 2886 2825
4 4416 4432 4427 4444
4 2670 4404 2675 2684
4 942 952 643 642
4 1866 1868 2022 1864
4 4430 4438 4437 4419
4 4639 4622 4635 4632
4 2305 2322 2310 2319
4 2280 2285 4405 4410
4 658 682 690 676
4 1408 1411 1417 1413
4 963 964 965 937
4 274 255 1160 251
4 2594 2595 2373 2375
4 3116 2522 3100 2504
4 4377 4380 4417 4381
4 4655 4648 4649 4642
4 2042 2046 2142 235
4 3724 3786 3713 3774
4 2507 2592 2514 2512
4 2741 2733 2728 2736
4 1802 1830 1782 1823
4 2033 1903 1558 1559
4 2173 2150 2148 2170
4 2906 2905 2886 2825
4 1393 974 1401 1373
4 773 769 767 761
4 3714 3782 3724 3759
4 3843 3840 3847 3929
4 758 752 755 751
4 1355 1346 1354 1345
4 1853 1677 1850 1848
4 153 2054 149 144
4 2063 2052 2053 2055
4 3528 4354 4355 4339
4 4216 4217 4214 4210
4 1054 1056 1053 1055
4 4478 4541 4463 4545
4 2729 2744 2649 2740
4 442 423 443 417
4 33 15 34 23
4 3035 3201 3038 3047
4 3297 3221 3216 3215
4 4404 4411 4410 4428
4 4661 4329 4659 4667
4 4103 4132 4121 4109
4 671 683 682 658
4 1727 1206 1728 1722
4 1886 1900 1888 1891
4 2397 2405 2409 2401
4 3887 3885 3886 4023
4 2091 2084 2095 2090
4 1663 1496 1500 1569
4 2810 2809 2819 2828
4 3831 3830 3863 3821
4 118 114 121 124
4 4013 1663 1500 1569
4 2668 4411 4407 4409
4 1270 1297 1294 1285
4 2162 2153 2167 2165
4 606 607 603 600
4 4627 4525 4639 4521
4 2506 2512 2400 3261
4 3281 3295 3282 3307
4 3527 3985 4656 4568
4 3990 4577 3540 3996
4 460 505 506 494
4 3491 3388 3499 3490
4 3161 3199 3193 3198
4 2790 2783 2787 2782
4 1326 1445 1306 1314
4 3755 3922 3750 3910
4 26 19 27 17
4 2630 2622 2633 2625
4 3941 3907 3938 3908
4 2459 2425 2457 2464
4 1264 1254 1257 1260
4 673 663 661 658
4 2236 2231 2237 2241
4 4384 4393 2297 4391
4 26 89 24 17
4 92 105 699 845
4 3838 3932 3940 3861
4 4107 4207 4157 4218
4 3201 3203 3204 3191
4 2168 2164 2163 2158
4 2418 3239 2423 2417
4 31 16 37 39
4 3396 3316 3408 3313
4 3889 4025 3886 1216
4 35 67 39 23
4 3932 3855 3940 3861
4 4515 4466 4514 4472
4 4250 2797 4241 4246
4 1802 1799 1809 1782
4 847 696 689 686
4 3751 3941 3748 3743
4 3723 3721 3719 3717
4 3312 3308 3311 3320
4 852 806 838 840
4 506 482 485 492
4 802 477 590 581
4 3511 3512 3517 3506
4 1778 1767 1770 1962
4 1683 1689 1692 1542
4 3102 3095 3103 3100
4 2466 3062 3126 3057
4 4650 4660 4666 4659
4 3306 3300 3301 3302
4 2153 2121 2126 2133
4 252 240 238 253
4 553 565 579 558
4 147 157 143 149
4 1812 1813 1587 1574
4 525 530 531 532
4 1741 1703 1542 1744
4 2691 3059 3068 3057
4 2073 2126 2055 2059
4 2891 2877 2875 2872
4 420 369 370 417
4 4601 4451 4625 4606
4 1410 1354 1417 1353
4 1997 1335 1966 1336
4 3217 3227 3233 3237
4 4336 2746 4242 4247
4 3598 3631 3572 3634
4 3538 3522 3550 3524
4 3062 3119 3235 3122
4 4229 4231 4225 4232
4 562 557 561 574
4 4441 4433 4443 4437
4 1730 1721 1694 1722
4 307 282 305 300
4 783 782 786 787
4 2391 2380 2381 2384
4 1742 1695 1741 1744
4 4282 4287 4225 4285
4 264 254 263 251
4 3164 3099 3179 3086
4 340 462 446 360
4 3716 3714 3724 3713
4 3062 3063 3068 3222
4 272 274 277 265
4 4191 4183 4179 4184
4 4357 4366 4368 4367
4 2480 2479 2589 2576
4 4233 2788 2790 4230
4 3218 3337 3332 3329
4 4437 4445 4443 4444
4 1965 1982 1983 1984
4 3418 3402 3389 3384
4 2675 2678 2672 2667
4 542 462 532 468
4 3617 3623 3619 3615
4 2551 2559 2506 3261
4 4549 4526 4537 4624
4 3605 3638 3601 3634
4 4175 4347 4177 4339
4 455 340 331 417
4 4639 4525 4530 4521
4 2768 2766 2771 2767
4 4438 4432 4437 4419
4 377 136 554 372
4 3838 3932 3929 3940
4 4158 4205 3530 4178
4 3719 3737 3586 3609
4 3404 3414 3407 3403
4 1783 1780 1773 1772
4 1580 1576 1586 1574
4 3651 3776 3676 3648
4 2950 2949 2946 2945
4 3705 3703 3706 3698
4 1024 1109 1027 1030
4 452 460 446 456
4 377 385 378 376
4 1592 1478 1479 1705
4 1845 1853 1873 1884
4 745 754 747 752
4 1703 1748 1746 1744
4 2577 2586 2876 2587
4 3892 3902 3890 3888
4 477 593 590 581
4 2302 1483 1481 1482
4 2491 2877 2495 2869
4 2397 2409 2600 2401
4 2149 238 2142 253
4 2240 300 295 298
4 3282 3328 3307 3266
4 1639 1633 1635 1640
4 462 369 370 359
4 60 75 70 484
4 2255 2251 2247 2252
4 103 481 484 476
4 3400 3306 3304 3284
4 1764 1774 1767 1962
4 907 905 902 903
4 666 663 671 658
4 2205 2206 1789 1755
4 1389 1400 1401 1392
4 1804 1806 1801 1800
4 4205 4197 3530 3521
4 3910 744 733 3922
4 339 331 292 329
4 2130 2228 2131 2220
4 1305 1365 1363 1311
4 4226 4261 4236 4234
4 4524 4536 4537 4520
4 4013 1670 1664 1561
4 4086 4025 4023 4017
4 33 30 41 37
4 593 20 104 699
4 2061 2090 2059 375
4 3387 3428 3389 3390
4 2126 2153 2165 2066
4 3239 3247 3264 3245
4 681 688 685 689
4 1693 1298 1299 1310
4 2085 2083 2087 2092
4 337 339 338 351
4 2889 2742 2879 2907
4 731 737 735 734
4 4412 2716 2675 2660
4 2488 2731 2732 2867
4 2333 2385 2338 2335
4 3695 3711 3701 3710
4 1130 1124 1129 1095
4 70 77 79 520
4 3084 3079 3140 3083
4 2584 2588 2587 2576
4 1952 1936 1957 1937
4 3108 3186 3109 3184
4 3954 3815 3805 3946
4 1463 1459 1451 1457
4 2081 2107 413 2106
4 744 3737 3758 3609
4 649 644 648 650
4 3272 3267 3266 3295
4 154 2050 212 185
4 3744 3941 3752 3748
4 3605 3725 3609 3603
4 967 989 996 1001
4 760 745 747 752
4 2664 2621 2651 2629
4 3731 3683 3645 3676
4 486 222 593 582
4 2737 2740 2639 2647
4 4103 3611 4147 3620
4 1805 2270 2206 1809
4 2258 2243 2257 2245
4 3977 4037 3976 3983
4 2602 2597 2594 2608
4 3516 3507 3505 3580
4 4259 4260 4252 4261
4 73 64 83 70
4 4253 4623 4263 4262
4 1851 1539 1850 1677
4 4404 4405 4410 4409
4 1204 1205 1207 1203
4 3408 3404 3413 3401
4 3106 3114 3108 3113
4 4393 2300 4506 4390
4 2052 2066 2069 2170
4 1917 1893 1916 1886
4 450 447 446 455
4 305 307 300 308
4 4432 4445 4437 4444
4 671 647 666 658
4 2506 2514 2512 2509
4 3545 3548 3969 3536
4 1289 1294 1297 1285
4 3335 3348 3342 3331
4 4123 4125 4105 4114
4 1508 1510 1497 1503
4 40 42 227 53
4 3538 3535 3540 3539
4 300 292 287 403
4 280 4130 291 4122
4 1488 1494 1603 1487
4 1849 1847 1843 2025
4 855 866 859 865
4 2632 2622 2706 2624
4 2415 2343 4600 2754
4 34 35 39 23
4 2187 2283 2309 2190
4 4334 4330 4368 4664
4 2461 2676 2642 2678
4 3723 3593 3719 3733
4 2601 2566 2600 2561
4 3614 3615 3624 3611
4 3029 3035 3014 3039
4 133 141 570 128
4 2327 2322 2325 2328
4 4093 4091 4095 4097
4 3628 3638 3637 3567
4 1536 1578 1582 1575
4 1193 1446 1438 1192
4 591 589 631 587
4 3128 3121 3124 3126
4 4341 4345 4343 4354
4 1866 1845 1847 2025
4 4255 2359 4266 2347
4 269 222 277 268
4 4541 4537 4538 4545
4 3041 3047 3042 3040
4 4347 4341 4343 4354
4 3387 3428 3426 3389
4 778 722 780 723
4 1528 1813 1568 1824
4 778 719 726 788
4 320 3607 3625 3629
4 1054 1113 1114 1053
4 120 115 124 122
4 249 253 1905 262
4 3625 3597 3607 320
4 1089 962 1061 958
4 1805 1558 1563 1571
4 1424 1193 1438 1192
4 543 560 562 538
4 2046 2045 2142 2044
4 1688 1681 1683 1690
4 1398 974 1393 978
4 2631 2632 2647 2624
4 1255 1254 1260 1267
4 2904 2917 2884 2893
4 2280 2246 4408 4405
4 2248 2255 2247 2252
4 1639 1636 1640 1662
4 212 164 173 179
4 1788 1789 1782 1780
4 3427 3418 3389 3426
4 806 810 805 819
4 1514 1457 1513 1476
4 3845 3835 3841 3863
4 3299 3392 3408 3400
4 4634 4633 4631 4610
4 4079 3891 4084 3898
4 4100 4094 4104 4097
4 1145 1138 1894 1149
4 2590 2858 2876 2577
4 3239 2418 3251 2417
4 807 3910 808 819
4 4190 4179 4183 4184
4 2759 2757 2768 2756
4 2321 1486 1482 1485
4 1900 257 261 251
4 869 1142 881 1136
4 1164 279 1160 1163
4 2358 2359 2347 2353
4 1771 1882 1772 1880
4 248 219 236 241
4 4640 4645 4650 4647
4 2225 2242 2224 2241
4 3517 3738 3514 3515
4 3770 717 3761 3764
4 4264 4259 4258 4261
4 2386 2390 2384 2360
4 1486 2292 2321 1482
4 2533 2475 2515 2535
4 1335 1997 1340 1336
4 1067 1065 1088 1064
4 835 829 827 781
4 451 458 449 456
4 1085 1053 1055 1091
4 3588 3517 3963 3586
4 4309 4308 4315 4300
4 3775 3783 3781 3770
4 1284 1290 1286 1288
4 2496 2536 2486 2476
4 2377 2375 2373 2364
4 3705 3712 3704 3701
4 1566 2327 1567 1560
4 3170 3184 3164 3109
4 1103 1114 1118 1155
4 4451 4447 4455 4625
4 2516 2530 2544 2517
4 1803 1805 1801 1809
4 744 3758 3747 737
4 4260 4294 4290 4292
4 2533 2540 2475 2535
4 85 97 105 84
4 4205 4204 4193 4298
4 662 707 713 659
4 208 232 49 226
4 3391 3398 3395 3389
4 2644 2631 2647 2624
4 802 486 581 492
4 1375 1167 1379 1377
4 34 30 33 39
4 28 12 0 8
4 3219 3212 3209 3217
4 2102 2108 2107 2226
4 4330 4356 4358 4367
4 2484 2650 2639 2648
4 2216 2203 2198 2209
4 2184 2080 2073 2097
4 2418 2423 2410 2422
4 2162 2154 1927 2157
4 4037 4044 3984 4003
4 4257 4272 4271 4292
4 2735 2733 2741 2736
4 4566 4576 4571 4568
4 562 184 514 524
4 661 664 659 660
4 2251 2718 302 2238
4 1318 1309 1322 1316
4 1558 1805 1777 1783
4 638 1383 1012 621
4 191 181 195 187
4 2914 2801 2919 2921
4 1326 1190 1445 1314
4 3208 3327 3332 3218
4 41 30 31 37
4 3680 3677 3673 3679
4 3675 3673 3677 3671
4 896 973 890 885
4 3922 3956 3517 3963
4 3788 3777 3784 3778
4 778 777 787 786
4 184 189 514 524
4 3585 4150 3530 3592
4 9 0 5 11
4 4255 4596 2347 4607
4 1038 1 953 1034
4 240 219 248 241
4 674 678 866 684
4 3140 3141 3139 3143
4 3098 2638 3096 2643
4 748 760 749 757
4 390 393 397 399
4 1278 1259 1257 1209
4 4343 4347 4354 4339
4 1831 1874 1878 1873
4 147 234 244 235
4 255 1159 1160 251
4 4576 4593 4571 4585
4 940 932 933 929
4 1195 1193 1172 1377
4 2018 2012 2026 1988
4 1909 1904 261 1910
4 3664 3674 3684 3641
4 1491 1484 1483 1487
4 4103 337 4095 4104
4 171 159 172 173
4 4510 2299 2300 2292
4 4601 4602 4623 4607
4 4641 4654 4669 4653
4 2324 2332 2329 2325
4 4176 4165 3531 4166
4 2881 2906 2886 2825
4 3985 4571 4569 3996
4 1713 1711 1707 1705
4 4498 4491 1501 4504
4 4441 4443 4436 4444
4 719 3771 3761 3766
4 1903 2033 1959 1943
4 3546 3559 3537 3550
4 2270 2206 1809 2262
4 3308 3306 3408 3323
4 4025 1214 1672 1216
4 4655 4652 4640 4642
4 1143 1145 1138 1139
4 1314 1307 1201 1381
4 1074 1067 1065 1088
4 3169 3162 3089 3159
4 141 130 570 128
4 1009 1006 995 1001
4 3763 729 3760 726
4 3296 3297 3307 3323
4 2676 2461 3234 2451
4 1262 1669 1257 1616
4 4009 4006 4004 4008
4 2343 2415 2439 2414
4 705 704 689 714
4 1088 1077 1019 1091
4 3778 3788 3776 3784
4 3692 3656 3706 3665
4 3656 3692 3706 3707
4 3977 3975 3979 3983
4 369 420 409 408
4 2735 2750 2752 2736
4 754 745 747 794
4 4127 4124 4132 4133
4 4341 4310 4174 4343
4 2286 2275 2281 4389
4 4348 4347 4340 4339
4 2879 2742 2895 2907
4 1805 1571 1567 1560
4 1 1038 957 0
4 2448 2441 4434 2451
4 1531 1528 1813 1587
4 4669 4660 4653 4664
4 3753 3864 3751 3742
4 664 660 667 659
4 3913 3910 3868 3867
4 4630 4638 4590 4595
4 4344 4346 4351 4353
4 4393 4384 4395 4391
4 2466 2676 2685 3057
4 2681 2668 2673 2666
4 4108 4107 4157 4109
4 344 3623 331 326
4 2490 2484 2487 2648
4 405 340 350 341
4 542 468 549 432
4 3054 3188 3134 3055
4 4342 4313 4310 4309
4 3363 3379 3375 3368
4 4157 4207 4151 4218
4 3319 3310 3317 3323
4 1523 1473 1620 1619
4 2770 4237 4242 2758
4 4181 4185 4180 4182
4 4272 4279 4271 4292
4 446 340 319 323
4 733 731 737 740
4 4108 4107 4117 4115
4 1875 1868 1867 1861
4 3258 3257 3243 3275
4 2728 2742 2738 2736
4 2751 2734 2752 2736
4 2148 2181 2167 2170
4 1404 1408 1447 1362
4 4400 4535 349 343
4 113 111 103 124
4 588 279 1141 1376
4 3627 353 315 342
4 1510 1520 1503 1515
4 3339 3337 3334 3330
4 4621 4652 4655 4642
4 1793 1771 1780 1772
4 2507 2493 2486 2476
4 4249 4295 4317 4321
4 777 758 828 751
4 1466 1472 1475 1622
4 404 366 408 402
4 1354 1412 1417 1418
4 1627 1626 1629 1619
4 1847 1841 1844 1845
4 47 45 43 54
4 4379 4372 4369 4382
4 513 186 189 187
4 2789 2782 2785 2784
4 2181 2175 2171 2170
4 3803 3792 3817 3810
4 2919 2912 2921 2909
4 2313 2306 2309 2305
4 4361 4350 4354 4355
4 269 2028 1903 279
4 4086 3961 4034 3983
4 2664 2661 2659 2652
4 1510 4006 4015 4008
4 2711 2723 2696 2771
4 2627 2664 2652 2651
4 736 802 747 735
4 3944 4086 4089 3983
4 278 1040 271 274
4 2009 2019 2020 2012
4 3758 3737 3747 3774
4 2650 2644 2641 2639
4 2358 2347 2362 2351
4 288 293 292 329
4 3684 3680 3673 3679
4 1056 1062 1055 1058
4 4336 4268 4275 4274
4 696 584 686 590
4 3200 3203 3198 3202
4 1401 1393 1373 1387
4 1672 1214 1634 1671
4 2288 2298 2316 2294
4 3753 3757 3768 3788
4 4275 4273 4274 4271
4 1610 1709 1708 1728
4 200 128 138 170
4 550 416 368 370
4 3672 3715 3722 3718
4 2725 354 348 346
4 995 1001 994 1005
4 3272 3267 3273 3266
4 2755 2706 2711 2745
4 2725 4103 2723 2660
4 1778 1777 1779 1772
4 3798 3812 3809 3800
4 1142 879 869 881
4 151 138 145 170
4 2648 2640 2636 2642
4 1696 1691 1742 1703
4 2154 1920 1927 2157
4 232 233 226 208
4 1153 1047 1155 1156
4 2674 2676 2673 2678
4 3270 3125 3257 3122
4 2676 2744 2461 2754
4 359 560 538 562
4 3845 3836 3854 3839
4 2580 2620 2612 2576
4 562 576 524 516
4 2235 2252 2224 2241
4 2907 2729 2743 2736
4 1771 1778 1882 1876
4 2741 2740 2730 2736
4 486 189 484 61
4 1154 1150 1889 1894
4 2911 2901 2899 2916
4 4003 1652 4001 4045
4 2585 2610 2608 2584
4 974 1393 978 1012
4 3692 3691 3693 3690
4 2569 2548 2550 2562
4 3753 3871 3751 3864
4 778 784 787 777
4 777 741 751 830
4 2216 2184 413 2174
4 2311 1566 1567 1561
4 3600 3719 3590 3581
4 789 782 779 781
4 2681 2673 2694 2666
4 1907 1911 1886 1910
4 1249 1283 1284 1253
4 4530 4526 4519 4524
4 2636 2634 2631 2624
4 396 387 398 386
4 1103 1122 1058 1057
4 3645 3651 3648 3649
4 386 388 389 399
4 3251 3239 2417 3245
4 1145 1138 1139 1894
4 4249 4317 4235 4321
4 3756 3765 3766 3771
4 589 702 709 584
4 1724 1733 1734 1729
4 2302 2289 2297 2320
4 243 236 239 241
4 70 189 74 61
4 2750 2747 2755 2745
4 3297 3306 3323 3296
4 3779 3757 3753 3788
4 2061 379 375 2059
4 3267 3294 3221 3216
4 2550 2548 2557 2562
4 3722 3702 3672 3718
4 789 782 787 779
4 3761 3772 3764 3766
4 3807 3813 4080 3906
4 2420 2418 2419 2422
4 4052 4054 4053 4055
4 2134 2132 2133 2171
4 1566 1567 1573 1560
4 2626 2631 2634 2624
4 2716 2725 2723 2660
4 582 312 820 581
4 1960 1868 1959 1861
4 1784 1832 1878 1772
4 1784 1783 1832 1772
4 783 785 790 780
4 4548 4540 4656 4616
4 2028 875 1140 1376
4 524 532 506 475
4 154 212 242 173
4 243 244 235 242
4 2599 2407 2566 2600
4 3737 3758 3713 3774
4 4610 4621 4649 4642
4 3628 3633 3632 3634
4 4574 4565 4578 4567
4 1825 1821 1819 1822
4 2456 2459 2457 2464
4 171 168 164 172
4 4316 4269 4293 4311
4 2411 2512 2400 2367
4 2054 153 563 144
4 755 830 751 804
4 3170 3163 3168 3161
4 821 826 822 824
4 2213 2208 2204 2215
4 1489 1507 1463 1513
4 1591 1570 1569 1564
4 3676 3740 3776 3749
4 1652 1657 1641 1662
4 2716 2723 2763 2660
4 20 18 27 583
4 4573 4565 4574 4567
4 2358 2350 2351 2360
4 829 789 827 781
4 2091 2082 2086 2090
4 4363 4362 4360 4359
4 4525 4572 4530 4521
4 3213 3207 3215 3218
4 4517 4487 4478 4515
4 4538 4536 4545 4546
4 355 2240 2259 403
4 1098 1134 1125 1104
4 2411 2551 2400 3261
4 2155 2163 2162 2158
4 338 336 4131 326
4 1704 1695 1742 1703
4 1668 1664 1672 1671
4 2673 2669 2694 2666
4 743 732 739 741
4 2166 2134 2159 2165
4 4525 4627 4637 4521
4 1847 1841 1845 1848
4 738 759 734 756
4 3731 3740 3728 3739
4 1441 1436 1440 1447
4 4317 4306 4318 4321
4 2789 2784 2804 2777
4 2826 2368 2366 2823
4 4566 4572 4576 4521
4 4125 4107 4114 4132
4 3188 3174 3129 3183
4 467 466 475 464
4 2616 2611 2371 2613
4 3805 3900 4089 3946
4 1410 1298 1572 1336
4 1906 1915 1916 1910
4 4235 4317 4323 4321
4 3549 3560 3563 3534
4 4572 4575 4576 4521
4 752 747 755 751
4 1473 1476 1478 1475
4 1669 1637 1257 1635
4 1791 1775 1765 1773
4 760 775 748 749
4 1591 1528 1587 1564
4 542 459 468 432
4 1639 1633 1637 1635
4 763 769 773 761
4 3585 3598 3631 3572
4 2415 2425 2439 2464
4 701 702 589 584
4 4306 4295 4304 4321
4 2313 2306 2305 2310
4 1259 1203 1607 1267
4 4466 4478 4463 4472
4 4510 4512 4514 4506
4 1775 1778 1767 1772
4 3777 3775 3783 3784
4 1779 1777 1773 1772
4 842 686 695 839
4 2211 2205 2201 2215
4 54 189 174 61
4 225 223 224 226
4 718 3766 719 3761
4 4147 4157 4145 4109
4 89 21 24 84
4 759 771 742 762
4 354 353 345 344
4 449 458 453 456
4 457 458 470 456
4 2411 2415 2414 2464
4 2478 2479 2535 2476
4 2657 2718 2238 304
4 2861 2849 2886 2840
4 1712 1711 1718 1714
4 931 874 1122 1127
4 201 181 175 197
4 3213 3211 3207 3218
4 4145 4147 4109 4132
4 4103 4095 4096 4104
4 2475 2540 2478 2535
4 550 538 546 370
4 797 760 794 757
4 2861 2836 2840 2845
4 4342 4344 4346 4351
4 3402 3388 3418 3389
4 663 661 658 670
4 89 698 700 690
4 806 810 846 792
4 65 57 56 67
4 591 839 586 840
4 2475 2478 2483 2535
4 1658 1654 1659 1655
4 4451 4459 4454 4455
4 564 368 356 364
4 3750 729 737 3763
4 2369 2606 2729 2367
4 2746 2660 2675 2758
4 693 21 89 84
4 4395 4466 4514 4391
4 2796 2801 2791 2804
4 1805 2270 1777 2206
4 1298 1688 1693 1690
4 1077 1057 1114 1053
4 1511 1519 1512 1517
4 1463 1457 1470 1513
4 3210 3211 3209 3217
4 4432 4430 4419 4427
4 486 482 506 492
4 3678 3702 3695 3701
4 470 458 437 456
4 3212 3220 3227 3217
4 722 730 780 725
4 3055 3134 3054 3040
4 4450 4458 4454 4446
4 765 725 726 723
4 2172 2169 2174 2179
4 3212 3219 3220 3217
4 726 765 723 776
4 778 783 790 780
4 2906 2881 2907 2743
4 4612 4610 4649 4642
4 1602 1543 1596 1547
4 1765 1768 1769 1773
4 2859 2870 2873 2852
4 3957 3969 3965 3963
4 1447 1434 1438 1444
4 4098 2766 4097 2771
4 4392 4399 4395 4394
4 394 2102 386 2232
4 3704 3695 3701 3710
4 2182 2169 2177 2174
4 3576 3591 3574 3592
4 1013 1398 979 613
4 4621 4610 4615 4642
4 874 1006 875 895
4 1410 875 1965 1376
4 4457 4544 4543 4446
4 225 224 232 226
4 2205 1757 2201 2215
4 4345 4310 4343 4309
4 356 357 361 364
4 1571 1563 1567 1573
4 1662 1653 1659 1660
4 4085 4041 4086 4023
4 2461 2411 2462 2464
4 2420 2413 2421 2422
4 3227 3220 3249 3217
4 3209 3206 3210 3217
4 1152 1157 1151 1155
4 4022 3887 4025 4023
4 664 644 667 655
4 772 775 773 769
4 783 785 782 787
4 3770 3772 3757 3785
4 1969 1355 1975 1964
4 1294 1269 1285 1286
4 336 3611 326 3623
4 910 1101 1125 909
4 2013 1888 2011 1988
4 2885 2916 2917 2920
4 2524 2529 2526 2517
4 3986 3999 3998 3996
4 3777 3775 3780 3697
4 2461 2466 3234 3235
4 518 508 515 520
4 3259 2461 3233 3235
4 3074 3070 3080 3082
4 3184 3170 3164 3168
4 613 606 625 600
4 3691 3773 3697 3694
4 2589 2585 2571 2602
4 4108 4197 4180 4245
4 20 16 18 583
4 2922 2914 2912 2921
4 1555 1552 1532 1538
4 3775 3780 3697 3691
4 100 109 101 98
4 1596 1488 1603 1593
4 3694 3691 3696 3697
4 3611 3623 354 326
4 2180 2176 2171 2170
4 2052 2051 2148 2170
4 2201 2202 2211 2215
4 4286 4225 4285 4292
4 186 176 189 187
4 4319 4311 4320 4315
4 4605 4608 4601 4600
4 2483 2478 2479 2535
4 404 405 403 402
4 753 748 758 752
4 2533 2543 2540 2535
4 2632 2739 2647 2730
4 158 160 170 162
4 3272 3274 3266 3275
4 614 633 621 635
4 189 178 174 187
4 771 753 769 761
4 634 639 627 640
4 2680 4441 4430 4438
4 3542 3543 3990 3996
4 3528 4197 3530 343
4 786 778 783 787
4 882 870 869 881
4 473 469 468 465
4 1592 1706 1591 1705
4 2465 2457 2454 2442
4 501 479 503 485
4 1463 1507 1514 1513
4 1997 2007 1843 1994
4 3270 3272 3266 3275
4 1483 1490 1493 1487
4 1451 1488 1603 1487
4 2669 2670 2694 2666
4 3213 3327 3208 3218
4 3208 3332 3220 3218
4 1944 1925 1927 1932
4 1196 1187 1424 1192
4 4032 4042 4033 4039
4 4084 4085 4062 4077
4 3939 3926 3931 3935
4 4041 4043 4035 4046
4 1959 1948 1957 1962
4 3369 3410 3341 3380
4 4237 4108 2762 4245
4 3523 3532 3552 3525
4 111 110 113 98
4 1408 1404 1417 1362
4 1733 1732 1734 1728
4 1948 1558 1776 1778
4 1162 1163 1158 251
4 2093 2094 2099 2087
4 91 687 97 84
4 1542 1552 1546 1555
4 1554 1531 1575 1532
4 2824 2831 2820 2823
4 2382 2379 2357 2360
4 4400 4535 4492 349
4 2162 2153 2159 2157
4 2559 2503 2506 3261
4 2746 4601 4548 4616
4 437 458 451 456
4 1009 1011 1005 1007
4 1274 1292 1276 1286
4 3373 3372 3375 3380
4 934 930 928 927
4 2836 2848 2834 2844
4 1989 1143 1981 1984
4 472 463 478 528
4 2582 2858 2605 2876
4 406 371 365 409
4 4075 4063 4021 4074
4 664 657 659 668
4 3615 3614 3624 3617
4 3815 3900 3805 3946
4 3919 1670 3911 349
4 763 771 769 761
4 2479 2470 2589 2576
4 1182 1190 1185 1192
4 2030 2037 2034 2026
4 2716 2747 2672 2758
4 2088 2090 2085 2080
4 2789 2894 2791 2804
4 791 797 795 794
4 793 802 795 794
4 2662 2656 2654 2257
4 2465 2442 2468 2464
4 1903 1931 1776 1905
4 1486 4510 4506 2292
4 2456 2465 2468 2464
4 1486 4511 4508 4506
4 1410 1383 1412 1376
4 2304 2266 2309 2268
4 1163 1160 1158 251
4 2766 2764 2771 2767
4 2465 2457 2442 2464
4 2638 2640 3096 2643
4 506 499 502 504
4 2054 153 378 563
4 2249 2250 2257 2253
4 2578 2586 2580 2471
4 612 598 611 609
4 1480 1720 1478 1624
4 4223 4233 4227 4236
4 1211 1222 814 1221
4 2984 2958 2963 2983
4 1061 927 1122 1048
4 1448 1301 1307 1304
4 1510 1498 1497 1503
4 4333 4270 4328 4273
4 2277 2283 2309 2247
4 2354 2390 2356 2776
4 1999 1996 1995 1994
4 339 305 287 333
4 3241 2467 3227 3233
4 1354 1349 1971 1964
4 445 434 459 431
4 1313 1701 1693 1310
4 4245 4248 4244 4247
4 2815 2843 2848 2844
4 557 136 201 563
4 2411 2461 2415 2464
4 2321 1486 1495 4506
4 2457 2425 2415 2464
4 2498 2497 2488 2731
4 531 535 523 537
4 2861 2886 2854 2852
4 2211 2206 2200 2199
4 2206 2197 2200 2199
4 4416 4445 4432 4444
4 2480 2482 2479 2576
4 2251 4412 2257 4414
4 3110 3122 3111 2504
4 1636 1641 1640 1662
4 147 142 2038 149
4 247 212 214 241
4 3263 2552 2546 2551
4 1150 257 1892 1894
4 3402 3364 3393 3382
4 4237 2770 4242 4240
4 3079 3081 3121 3077
4 453 460 456 494
4 2857 2864 2878 2873
4 4612 4610 4615 4616
4 2219 2096 2107 2097
4 3300 3292 3295 3286
4 3196 3149 3147 3150
4 4603 4448 4431 4606
4 461 453 456 449
4 3632 3628 3635 3626
4 4252 4258 4259 4261
4 4214 4216 4210 4218
4 483 491 485 480
4 1615 1473 1705 1624
4 3228 3225 3229 2469
4 2355 2348 2358 2360
4 1595 1597 1603 1590
4 1239 1244 1240 1253
4 2428 2434 2439 2427
4 4188 4182 4181 4184
4 4384 4393 4397 4389
4 3855 3848 3850 3861
4 4426 4424 4416 4417
4 1344 1998 1333 1335
4 546 575 540 551
4 404 357 366 362
4 4033 4031 4034 4039
4 2030 2023 2026 2034
4 191 181 194 197
4 856 854 859 866
4 4415 4426 4416 4417
4 4068 4069 4062 4077
4 896 883 889 886
4 497 311 316 321
4 3584 3582 3595 4178
4 1300 1301 1307 1302
4 4364 4360 4359 4355
4 1457 1470 1476 1453
4 2747 2706 2633 2647
4 3120 3270 3273 3257
4 584 701 715 695
4 3907 3941 3909 3908
4 2372 2376 2386 2375
4 4068 4083 4052 4077
4 1305 1344 1342 1368
4 3138 3140 3139 3083
4 825 824 755 804
4 1527 1537 1536 1540
4 996 990 995 1001
4 1241 1242 1248 1251
4 2033 1868 1943 2014
4 1756 1753 1761 1755
4 3964 3539 3947 3536
4 4199 4195 4206 4193
4 4479 4555 4562 4485
4 2870 2860 2854 2852
4 1002 992 994 1000
4 801 793 795 794
4 1916 1917 1886 1910
4 1370 1361 1368 1366
4 2091 2082 2081 2086
4 1558 1875 1778 1959
4 3623 3615 3614 3611
4 2005 2004 2007 1994
4 733 3910 3919 808
4 4404 4410 4369 4428
4 3967 3957 3968 3965
4 4663 4657 4669 4664
4 472 463 466 464
4 181 176 175 197
4 3872 3874 3864 3751
4 1347 2003 1335 1971
4 3557 3558 3553 3554
4 3527 3530 352 343
4 2031 2032 2030 2034
4 3209 3208 3218 3211
4 1057 1103 1124 1155
4 3570 4148 3610 3622
4 821 846 850 822
4 2131 2203 2220 2115
4 336 3621 3611 3614
4 1644 1215 1634 1643
4 4639 4624 4622 4526
4 633 604 625 635
4 1622 1619 1624 1475
4 1302 1306 1314 1316
4 2181 2150 2148 2167
4 3528 3527 3530 3521
4 2746 4237 4548 2660
4 3560 3556 3549 3563
4 1098 1105 1104 1095
4 2607 2582 2605 2615
4 2443 2415 4600 2754
4 4085 4080 4089 4061
4 1422 1442 1196 1438
4 2583 2588 2580 2587
4 3634 3632 3628 3629
4 3628 3633 3626 3632
4 4102 285 280 291
4 2101 2219 2107 2226
4 308 302 304 298
4 1128 1096 1126 1103
4 71 178 47 74
4 171 175 162 173
4 702 707 601 609
4 2276 2283 2315 2309
4 1656 1659 1660 1655
4 2949 2948 3146 2946
4 762 732 726 776
4 4405 2279 4397 4382
4 3146 3131 3143 3134
4 3525 3530 3521 3531
4 883 895 896 923
4 1027 1161 1108 1156
4 719 3761 728 726
4 3139 3140 3155 3083
4 3614 3621 334 336
4 104 102 105 84
4 2771 2711 2763 2773
4 1570 1573 1569 1564
4 2390 2388 2384 2360
4 3203 3181 3180 3192
4 1760 2111 2159 2157
4 1411 1403 1408 1417
4 1666 1690 1675 1564
4 3618 3615 3624 3617
4 3816 4081 4080 4052
4 3885 4022 3891 4023
4 431 438 546 370
4 4575 4572 4525 4521
4 1071 1076 946 969
4 2287 2276 2306 2309
4 717 3769 732 726
4 2549 2546 2551 2557
4 1929 1918 1944 1921
4 874 931 869 1127
4 4088 4081 4076 4089
4 3614 3621 3624 3617
4 1641 4020 4045 4040
4 3124 3121 3070 3077
4 4579 4564 4569 4561
4 1357 1370 1366 1369
4 3513 3529 3964 3524
4 1849 1843 1994 2025
4 3505 3584 3580 3531
4 2304 2266 2287 2309
4 838 846 850 840
4 4343 4310 4177 4300
4 391 388 386 399
4 2461 3257 3261 3122
4 1696 1730 1721 1694
4 3613 3638 3567 3637
4 1679 1688 1844 1677
4 2585 2560 2571 2574
4 267 279 1037 1141
4 2649 2507 2487 2648
4 4178 3521 3531 4166
4 3270 3125 3256 3257
4 1204 1722 1201 1315
4 2339 2414 2337 2436
4 1637 1262 1669 1257
4 394 2109 398 386
4 1760 1926 2160 2157
4 332 325 335 327
4 1572 1562 1381 1565
4 3881 3884 3877 3883
4 416 429 414 409
4 306 309 301 308
4 3986 3998 3990 3996
4 3888 3891 3898 3883
4 3647 3646 3639 3641
4 3628 3631 3634 3567
4 3615 3618 3619 3617
4 614 1402 626 621
4 1630 1622 1629 1624
4 112 491 480 485
4 803 801 795 485
4 2601 2409 2595 2566
4 2028 2024 1888 1981
4 4508 4498 1501 4504
4 2726 294 299 304
4 118 480 483 485
4 3095 3087 3100 3091
4 3909 3890 3902 3888
4 4183 4180 4184 4192
4 1720 1480 1472 1624
4 3306 3400 3304 3408
4 414 407 406 409
4 3062 3116 3115 3122
4 3998 4577 3990 3996
4 1700 1747 1313 1693
4 217 164 49 226
4 2845 2838 2886 2909
4 4246 4242 4245 4248
4 1630 1629 1626 1624
4 4431 2447 4606 4433
4 4499 4004 4493 3991
4 444 437 432 439
4 1730 1696 1742 1694
4 4026 1215 1644 1643
4 1214 1215 1672 1634
4 3253 3255 3258 3260
4 125 114 120 127
4 4047 4055 4054 4068
4 1093 1098 1101 1095
4 3231 3224 3229 3236
4 3140 3076 3084 3083
4 1130 1104 1105 1095
4 3294 3272 3295 3267
4 2803 2785 2774 2798
4 489 483 488 485
4 2550 2559 2506 2557
4 503 479 803 485
4 1245 1247 1253 1240
4 4111 4125 4107 4114
4 570 557 191 574
4 2661 2654 2656 2652
4 3075 3179 3099 3086
4 3297 3216 3294 3307
4 2764 2745 2771 2767
4 1783 1784 1832 1782
4 1367 1370 1364 1362
4 4500 4493 4492 4495
4 2612 2584 2587 2576
4 2001 1849 2007 1994
4 337 4095 4104 291
4 4340 4361 4354 4355
4 2411 3259 2417 3261
4 3950 3545 3955 3536
4 1704 1702 1697 1693
4 579 571 576 574
4 2144 2147 2142 2139
4 756 754 746 747
4 3512 3516 3514 3506
4 4493 3995 4492 4495
4 1404 1384 1439 1193
4 2887 2888 2905 2906
4 1992 1987 1986 1984
4 4525 4637 4575 4521
4 258 252 262 253
4 2627 2651 2625 2629
4 1836 1538 1537 1539
4 3948 3945 3952 3946
4 662 668 707 659
4 2213 2202 2201 2215
4 1105 1097 1128 1095
4 1215 1214 1644 1634
4 1138 1896 1895 1894
4 3116 2466 3126 3057
4 3140 3138 3076 3083
4 1154 1889 1138 1894
4 1889 1896 1138 1894
4 1105 1098 1093 1095
4 3231 3069 3224 3236
4 176 174 181 177
4 2866 2858 2577 2876
4 1777 1783 1809 1789
4 4153 4155 4158 4156
4 4160 4153 4152 4154
4 4627 4637 4521 4632
4 1150 1892 1889 1894
4 2279 4373 4389 4382
4 354 343 348 342
4 4141 4140 4138 4134
4 1472 1480 1478 1624
4 4150 4157 352 343
4 702 709 584 715
4 3256 3257 3261 3260
4 1995 1996 2004 1994
4 2004 2001 2007 1994
4 2580 2612 2587 2576
4 1129 931 1122 1127
4 742 759 762 761
4 3998 4557 4569 4561
4 584 589 587 599
4 4099 4123 4092 4128
4 289 283 332 288
4 3676 3718 3776 3729
4 3985 3527 3995 4568
4 991 994 1010 1000
4 4308 4311 4309 4315
4 331 323 340 455
4 4273 4651 4275 4650
4 4524 4530 4532 4519
4 2553 3252 3255 2551
4 2353 4264 4266 2356
4 1911 1916 1886 1910
4 564 356 361 364
4 4032 1641 4040 4027
4 3151 3156 3146 3152
4 1528 1547 1531 1532
4 4400 4535 343 2660
4 2086 2081 2090 363
4 442 283 289 288
4 2566 2547 2575 2404
4 4264 4258 4266 4261
4 3092 3172 3157 3155
4 1558 2033 1875 1959
4 4096 4098 4097 2771
4 4095 2713 299 2712
4 3990 4577 3541 3540
4 1319 1325 1322 1321
4 2880 2881 2873 2890
4 3731 3740 3739 3735
4 2547 2557 2548 2404
4 1978 1999 1971 1976
4 2840 2842 2837 2836
4 2738 2728 2736 2731
4 3223 3227 3225 3229
4 2313 1803 2327 2319
4 4445 4475 4451 4443
4 316 320 310 312
4 1904 1892 1917 1886
4 1805 1783 1832 1809
4 3513 3964 3966 3524
4 945 966 971 944
4 4601 4445 4606 4433
4 2695 2690 2684 2686
4 3093 3096 2522 3100
4 797 791 798 794
4 2055 2052 2066 2068
4 3068 3234 3222 3236
4 2156 2166 2159 2158
4 2551 2417 2400 2422
4 448 451 449 459
4 1506 1507 1501 1497
4 4095 2726 2723 2712
4 2343 2390 2369 2335
4 3513 3588 3519 3506
4 33 41 29 37
4 1700 1747 1693 1694
4 4352 4344 4354 4351
4 231 31 227 53
4 1063 1059 927 1048
4 4661 3528 4354 4355
4 1257 1223 1214 1642
4 2579 2583 2580 2578
4 1398 980 974 978
4 873 876 907 901
4 729 3766 718 726
4 2788 2782 2785 4240
4 498 494 457 456
4 3778 3749 3776 3752
4 4259 4294 4260 4261
4 2498 2641 2737 2639
4 2491 2495 2488 2869
4 2761 2759 2772 2760
4 1153 1164 1160 1151
4 514 507 191 574
4 2276 2284 2306 2281
4 2322 2313 2310 2316
4 2248 2251 2247 2259
4 4312 4310 4309 4315
4 2716 2723 2711 2763
4 77 484 528 520
4 4157 4103 4109 4144
4 4099 4128 4092 4100
4 3938 3937 3936 3935
4 3733 3593 3719 3586
4 2574 2561 2560 2571
4 1745 1741 1744 1742
4 4441 4434 4439 4437
4 2618 2617 2613 2614
4 3997 3989 3994 3993
4 2191 2266 2271 2263
4 542 434 431 432
4 1672 1215 1638 1634
4 4618 4613 4610 4622
4 1854 1841 1852 1848
4 4438 4445 2675 2754
4 4560 4553 4550 3993
4 662 611 668 657
4 1160 1036 1046 1156
4 2339 2341 2336 2344
4 3628 3629 3625 3634
4 3597 3625 3607 3606
4 1709 1731 1708 1728
4 2182 2153 2162 1905
4 3611 336 326 4131
4 2523 3093 2524 2522
4 1034 1045 1039 1038
4 2107 2184 2216 2097
4 90 119 105 845
4 300 410 295 389
4 2072 2067 2129 2069
4 4501 4517 4484 4500
4 3640 3647 3652 3649
4 3750 744 3747 737
4 4253 4255 2347 4607
4 4355 3522 4594 4656
4 1788 1799 1789 1781
4 1895 1899 1888 1898
4 395 387 396 386
4 971 961 945 944
4 846 806 792 805
4 52 51 182 177
4 440 448 455 435
4 3745 3746 3753 3748
4 4420 4416 4417 4427
4 1307 1404 1384 1439
4 4093 4100 4094 4090
4 1987 1992 1982 1984
4 953 963 969 965
4 463 487 478 528
4 217 265 209 226
4 1691 1700 1693 1694
4 3282 3328 3281 3307
4 4595 4636 4657 4665
4 1608 1613 1609 1612
4 4107 4216 4218 4132
4 523 475 478 464
4 1701 1700 1313 1693
4 1384 1380 1377 1387
4 175 154 173 185
4 1810 1803 1801 1800
4 1680 1682 1689 1683
4 1027 1057 1047 1155
4 969 1072 1086 1075
4 1328 1204 1314 1315
4 785 758 789 787
4 2354 4266 2350 2347
4 2439 2427 2344 2436
4 1840 1839 1828 1830
4 802 842 846 805
4 3767 3772 3759 3760
4 3347 3315 3322 3346
4 3542 3990 3540 3996
4 1350 1357 1352 1353
4 4132 4131 4133 4124
4 4161 4146 4145 4163
4 2008 2019 2012 2020
4 3956 3957 3965 3963
4 1294 1270 1285 1276
4 192 203 199 194
4 1495 4400 4492 349
4 1719 1737 1716 1708
4 2806 2814 2786 2809
4 4096 4099 4092 4097
4 1900 1164 1894 1163
4 3694 3702 3726 3776
4 2423 2410 2417 3254
4 2311 355 2259 349
4 1041 1044 1047 1023
4 545 530 525 532
4 1061 1051 1048 1055
4 1088 1087 1074 1086
4 2297 2293 2294 2289
4 4439 4434 2440 4437
4 4384 4466 4395 4391
4 1151 1153 1155 1156
4 2362 2352 2358 2351
4 1013 613 625 621
4 2415 2452 2442 2443
4 2813 2818 2814 2809
4 2428 2430 2435 2439
4 471 464 475 523
4 4271 4257 4292 4263
4 4090 4129 4094 4130
4 2655 2257 2652 4414
4 2240 2231 2232 2241
4 596 949 957 583
4 2497 2491 2489 2488
4 3114 3109 3099 3108
4 4363 4360 4361 4355
4 1224 1215 1214 1212
4 4558 4550 4493 4490
4 4398 4392 4396 4395
4 1408 1436 1432 1447
4 1974 1985 1993 1977
4 3829 3828 3831 3821
4 2415 2439 2443 2431
4 4475 4548 4535 2660
4 3925 3926 3912 3928
4 2595 2594 2606 2602
4 3895 3880 3884 3892
4 1006 953 995 965
4 2345 2385 2335 2386
4 3958 3952 3944 3968
4 575 572 576 577
4 1721 1730 1727 1722
4 4053 4052 4055 4056
4 337 338 329 4122
4 591 697 584 586
4 4025 4020 1215 4026
4 2350 2343 2347 2427
4 4237 2769 4096 2763
4 2116 2112 2117 2120
4 798 791 795 851
4 408 366 360 402
4 1404 1410 1307 1381
4 3772 3757 3786 3768
4 3848 3858 3863 3861
4 1493 1585 1584 2325
4 2703 2700 2730 2706
4 3899 3968 3921 3915
4 2424 2460 2414 2436
4 4031 4043 4033 4046
4 1213 1674 1635 1671
4 2881 2895 2906 2907
4 332 328 330 288
4 3928 3908 3899 3920
4 4413 4407 4409 4414
4 1313 1317 1302 1329
4 3886 3908 3924 3915
4 2258 2235 2245 2252
4 535 472 478 528
4 1563 347 402 341
4 202 192 190 194
4 3343 3341 3296 3344
4 2765 2803 2805 2760
4 679 672 684 712
4 3908 4086 3886 3891
4 792 802 805 808
4 919 933 923 911
4 192 202 191 194
4 3934 3937 3938 3929
4 1045 271 1037 272
4 2797 2803 2774 2798
4 1750 1786 1765 1773
4 1219 809 814 1221
4 418 428 430 425
4 1795 1793 1782 1785
4 4488 4484 4485 4490
4 2102 2109 394 386
4 4095 4096 4104 4097
4 154 245 242 149
4 1992 1967 1977 1985
4 2900 2748 2897 2907
4 2281 4384 4397 4389
4 1038 953 1141 1042
4 2675 2672 2716 2667
4 4501 4490 4494 4500
4 1260 1255 1267 1265
4 1668 1657 1640 1638
4 876 899 907 901
4 719 718 3761 726
4 4054 4068 4055 4077
4 535 531 523 471
4 388 394 398 386
4 575 540 551 578
4 973 896 890 984
4 1239 1246 1251 1253
4 4537 4541 4538 4534
4 1869 1845 1864 1884
4 3252 3255 2551 3260
4 2208 2114 2204 2120
4 2936 2942 2938 2951
4 138 158 170 151
4 383 380 357 2086
4 3737 744 3758 3747
4 2817 2808 2818 2809
4 3693 3689 3698 3687
4 317 802 735 316
4 4033 4032 4040 4027
4 1444 1441 1435 1447
4 4404 4411 2670 4409
4 1548 1555 1552 1545
4 4260 4294 4292 4263
4 2640 2645 2636 2642
4 1339 1332 1331 1330
4 245 150 154 242
4 838 806 848 846
4 3757 3761 3770 3762
4 253 247 214 241
4 3161 3170 3165 3168
4 4493 4500 4503 4490
4 1380 1385 1377 1387
4 1681 1844 1833 1855
4 373 378 554 363
4 572 580 576 569
4 3297 3218 3310 3215
4 578 580 576 572
4 2100 2103 2092 2106
4 2462 2411 2414 2464
4 604 633 605 632
4 2711 2745 2749 2773
4 638 626 619 621
4 1690 1572 1336 1855
4 104 486 183 477
4 3771 3779 3762 3757
4 1862 1879 1885 1861
4 662 679 661 676
4 2119 2122 2207 2117
4 829 834 835 831
4 3166 3149 3158 3154
4 1965 2028 1966 1376
4 1615 1663 1647 1666
4 494 495 505 504
4 4608 4609 4600 2431
4 1378 1375 1374 1380
4 1640 1644 1634 1643
4 2084 2083 2085 2090
4 3900 4080 4089 4084
4 1075 1031 1064 1039
4 3732 3922 3598 3737
4 1868 1859 1862 1861
4 89 24 17 84
4 1210 1200 1323 1204
4 4083 4080 4052 4077
4 2676 2675 2678 2758
4 1145 1131 1154 1149
4 1004 1006 1009 1376
4 858 849 839 840
4 1249 1290 1284 1283
4 544 545 549 530
4 274 275 277 265
4 4336 4650 4623 4659
4 2752 2755 2745 2750
4 225 233 229 226
4 2015 2009 2020 2012
4 3006 2996 3002 3000
4 4094 4095 4104 4097
4 572 579 569 577
4 4521 4533 4531 4522
4 708 702 713 716
4 553 579 575 577
4 3216 3220 3218 3217
4 2387 2390 2356 2360
4 1510 1508 4008 1504
4 3528 4661 4337 4656
4 1725 1724 1734 1315
4 559 380 361 356
4 3722 3715 3720 3713
4 487 481 478 528
4 511 510 516 512
4 775 748 749 758
4 265 217 228 226
4 2768 2745 2767 2749
4 1457 1514 1450 1476
4 4484 4481 4477 4485
4 992 999 997 1000
4 1119 1114 1108 1118
4 4032 1652 4045 1641
4 4494 4493 4492 4503
4 3327 3330 3332 3218
4 2340 2348 2355 2360
4 3585 3513 3588 3519
4 2723 2699 2696 2771
4 4148 4139 4136 3579
4 1993 1974 1983 1979
4 2720 2702 2719 2715
4 2601 2409 2566 2562
4 1006 874 963 895
4 2459 2439 2464 2436
4 3156 3153 3149 3152
4 2658 2628 2653 2621
4 3570 3638 3568 3567
4 3145 3153 3151 3155
4 1693 1690 1692 1703
4 380 383 382 2086
4 4156 4150 3579 3573
4 3075 3072 3083 3080
4 3538 3985 3540 3534
4 4562 4556 4559 4550
4 1553 1542 1546 1735
4 3873 3869 3941 3868
4 3779 3783 3770 3757
4 67 56 59 61
4 1688 1681 1844 1677
4 577 562 574 576
4 410 295 389 2232
4 1650 1654 1662 1659
4 1981 1965 1983 1984
4 207 204 215 209
4 2372 2369 2400 2367
4 4312 4313 4319 4315
4 1161 1020 1036 1156
4 2885 2909 2916 2915
4 660 667 659 670
4 4078 4080 4079 4077
4 328 332 330 329
4 4195 4297 4304 4298
4 3811 3818 3951 3805
4 4445 2675 4416 4432
4 4293 4291 4322 4320
4 1737 1748 1716 1708
4 2597 2613 2594 2608
4 2049 2047 2043 2038
4 424 405 420 408
4 3851 3834 3863 3835
4 2314 2317 2307 2310
4 4621 4611 4610 4631
4 1896 1895 1894 1891
4 678 692 857 858
4 3783 3770 3757 3787
4 1818 2324 1822 2326
4 3438 3448 3455 3436
4 1793 1788 1782 1780
4 3527 3513 3519 3524
4 1263 1255 1259 1267
4 3715 3723 3713 3734
4 4053 4056 4051 4059
4 2307 2323 2312 2310
4 2874 2881 2825 2743
4 1917 1900 1886 1891
4 4025 4034 3911 4020
4 193 202 195 192
4 319 340 360 341
4 2618 2607 2614 2615
4 4434 4438 2451 2440
4 758 789 787 828
4 1164 1151 1163 1158
4 2428 2435 2437 2439
4 2482 2474 2479 2576
4 1762 1755 2208 1757
4 3030 3024 3035 3028
4 1157 1151 1155 1158
4 1242 1243 1248 1251
4 950 942 643 947
4 26 89 17 654
4 3716 3782 3786 3724
4 4606 4614 4604 4625
4 2343 2369 2411 2337
4 3221 3120 3270 3273
4 2738 2498 2639 2731
4 1967 868 1970 872
4 914 887 896 923
4 138 152 143 134
4 3149 3196 3147 3154
4 2323 2331 2322 2310
4 4337 4661 4659 4656
4 1435 1448 1437 1447
4 349 355 345 341
4 2480 2472 2477 2493
4 1168 1174 1171 1169
4 3676 3776 3672 3673
4 1706 1602 1592 1591
4 2247 2256 2279 2253
4 302 305 2725 346
4 3540 4577 4571 3996
4 2180 2175 2176 2170
4 305 300 287 403
4 3981 3911 4003 3988
4 1697 1693 1330 1686
4 843 845 841 851
4 302 2725 403 346
4 718 719 788 726
4 4589 4593 4584 4585
4 4566 4523 4521 4551
4 3334 3337 3329 3332
4 1938 1933 1932 1913
4 4005 4009 4004 4008
4 340 405 408 341
4 2733 2752 2734 2736
4 4137 4120 4145 4132
4 1977 1974 1976 1979
4 2062 2048 2044 2053
4 2484 2490 2650 2648
4 560 553 577 558
4 4139 4142 4156 3579
4 4235 4323 4225 4248
4 150 158 151 170
4 3535 3544 3543 3539
4 3714 3720 3725 3713
4 2678 2675 2672 2758
4 2059 2184 2169 2174
4 4501 4498 4500 4504
4 2311 4384 2297 4391
4 155 2061 153 379
4 167 138 170 200
4 615 1393 1378 621
4 1274 1280 1263 1265
4 2832 2843 2829 2844
4 1943 1960 1955 1953
4 2307 2317 2296 2310
4 2650 2636 2639 2642
4 879 1967 1970 1977
4 1247 1240 1248 1253
4 4330 4329 4664 4335
4 4415 4416 4460 4417
4 2296 2331 2307 2310
4 4609 2347 4600 2431
4 790 723 727 768
4 279 588 222 592
4 266 221 272 220
4 360 358 555 563
4 1388 582 222 1565
4 1868 1866 2022 2025
4 3768 3772 3760 3786
4 1804 1801 1809 1800
4 3097 3107 3099 3091
4 3968 3900 3905 3946
4 25 86 35 23
4 43 59 74 61
4 524 576 551 516
4 3330 3332 3218 3333
4 1508 1510 4494 4504
4 3295 3289 3305 3290
4 130 135 128 140
4 366 359 555 364
4 2061 2090 2088 2055
4 637 631 640 587
4 3311 3310 3318 3312
4 4009 4015 4006 4008
4 168 169 163 173
4 2321 1566 1561 1569
4 2036 2030 1994 2025
4 2744 2678 2672 2758
4 3042 3040 3047 3043
4 885 887 890 889
4 4025 4022 4023 4026
4 634 639 640 636
4 18 16 31 48
4 629 639 617 636
4 1723 1734 1727 1728
4 1024 1027 1053 1019
4 740 736 731 735
4 3407 3400 3401 3408
4 3047 3053 3042 3035
4 639 631 627 640
4 1664 3919 1672 1386
4 405 424 417 408
4 3999 3998 3996 3992
4 1693 1691 1694 1703
4 313 321 322 315
4 180 188 176 72
4 1407 1416 1417 1418
4 4242 4245 4248 4244
4 2775 2390 2387 2388
4 1347 1363 1368 1366
4 2747 2701 2706 2711
4 1863 1864 1885 1865
4 892 890 884 889
4 2747 2744 2672 2758
4 2676 2678 2754 2758
4 1862 1864 1861 1885
4 1131 1124 1151 1149
4 130 138 128 131
4 2657 2718 2652 2238
4 3650 3640 3929 3649
4 566 366 555 364
4 1287 1232 1284 1288
4 613 1013 1393 621
4 1120 1099 1103 1118
4 2513 2500 2508 2504
4 43 71 54 74
4 2811 2810 2808 2816
4 1859 1868 1862 1858
4 1535 1552 1539 1538
4 1521 1511 1523 1517
4 2415 2461 2451 2464
4 2714 2720 2721 2715
4 2216 2172 2131 2169
4 686 695 839 586
4 1297 1287 1251 1285
4 2658 2663 2651 2665
4 77 82 60 70
4 4643 4654 4641 4653
4 3408 3380 3321 3320
4 4305 4306 4297 4304
4 1084 1089 1061 1091
4 1591 1663 1675 1569
4 56 103 484 61
4 1129 1133 1127 1132
4 2846 2825 2833 2823
4 1388 222 1559 1565
4 3766 3756 3771 3768
4 314 317 736 735
4 4197 4205 4308 3521
4 4323 4235 4225 4320
4 1906 1913 1916 1915
4 4468 4458 4460 4474
4 3170 3099 3109 3164
4 1573 1562 1569 1564
4 288 284 283 292
4 2212 2207 2122 2115
4 75 77 70 484
4 2491 2489 2488 2493
4 182 180 177 51
4 727 766 790 768
4 411 410 300 389
4 4554 4557 3997 3993
4 3998 3999 3997 3993
4 2729 2907 2789 2756
4 2516 2544 2531 2517
4 360 358 563 2177
4 1919 1918 1921 1930
4 247 2182 2142 1905
4 3760 3759 3758 3724
4 3063 3064 3062 3068
4 3758 3760 3724 3774
4 3170 3099 3164 3097
4 2270 2313 1803 1567
4 38 63 69 43
4 4246 4242 4236 4240
4 3321 3372 3380 3382
4 1721 1736 1694 1329
4 3849 3850 3863 3810
4 21 86 23 84
4 27 18 11 583
4 466 488 499 464
4 1447 1434 1443 1438
4 510 193 517 507
4 199 190 192 194
4 3529 3513 3585 3519
4 498 469 465 468
4 3209 3218 3217 3211
4 1875 1833 1873 1867
4 555 362 554 563
4 4214 4210 4212 4218
4 705 679 676 684
4 1257 1260 1267 1265
4 4360 4362 4366 4359
4 2032 1849 2001 1994
4 3677 3679 3684 3673
4 3889 3886 3881 3867
4 2448 3225 3228 2469
4 2250 2654 2655 2257
4 709 589 584 599
4 3125 3110 3122 3111
4 1844 1853 1833 1873
4 3783 3775 3781 3787
4 279 1140 1141 1376
4 1711 1705 1716 1714
4 4329 4354 4353 4661
4 254 278 274 251
4 2785 2803 2774 2760
4 1556 1553 1546 1706
4 4063 4064 4074 4075
4 874 1006 1141 1144
4 858 692 689 684
4 3095 3093 3103 3100
4 78 81 80 71
4 2947 2939 3146 2946
4 3172 3158 3155 3173
4 3165 3170 3184 3168
4 47 45 46 43
4 2515 2501 2505 2514
4 3916 3933 3921 3920
4 72 176 71 78
4 2171 2129 2066 2069
4 2604 2591 2600 2598
4 2601 2409 2400 2367
4 2868 2866 2586 2876
4 1470 1453 1603 1593
4 86 91 93 84
4 1986 1983 1984 1988
4 2639 2636 2647 2642
4 4500 4494 4504 4503
4 355 347 1563 341
4 2049 148 2040 142
4 1881 1872 1880 1877
4 4405 2285 4382 4410
4 81 71 178 47
4 1638 1640 1634 1643
4 4018 4017 4027 4046
4 72 81 71 178
4 1868 1875 1867 2033
4 2219 2130 2097 2220
4 4088 3805 4089 3946
4 176 180 72 178
4 2914 2919 2912 2921
4 250 1159 251 257
4 2035 2037 2030 2026
4 88 93 85 84
4 86 21 91 84
4 4201 4211 4206 4215
4 246 150 242 173
4 77 513 79 520
4 4478 4485 4500 4495
4 1408 1405 1413 1415
4 2623 2628 2627 2629
4 1709 1710 1708 1717
4 4226 2746 2354 2753
4 1694 1206 1703 1746
4 1949 1951 1955 1962
4 4131 4124 4122 4133
4 2080 2107 2073 2097
4 255 254 264 251
4 288 293 284 292
4 4400 4403 4475 2675
4 3557 4363 4361 4355
4 3623 354 3620 3616
4 4377 4376 4380 4381
4 995 1001 1005 1007
4 103 121 477 105
4 17 20 699 84
4 4119 4220 4221 4107
4 4601 2746 4623 4616
4 4280 4289 4293 4278
4 2659 2717 2724 2657
4 2340 2432 2336 2344
4 4403 4412 4405 2675
4 2244 400 295 2232
4 2889 2738 2742 2732
4 2671 2673 2666 2665
4 513 189 515 187
4 641 646 649 643
4 3107 3104 3099 3106
4 604 599 585 632
4 495 499 488 485
4 2768 2756 2745 2749
4 3343 3353 3341 3344
4 4197 4158 4150 4157
4 3679 3681 3677 3684
4 4293 4269 4280 4278
4 593 16 183 61
4 2407 2409 2566 2600
4 1585 2327 2325 2328
4 4379 4380 4376 4381
4 2229 2212 2220 2209
4 4317 4235 4323 4320
4 3309 3331 3310 3346
4 2408 2399 2409 2401
4 2472 2485 2493 2476
4 4576 4630 4595 4636
4 1566 2327 2328 1567
4 1477 1470 1592 1469
4 1219 814 1222 1221
4 3166 3196 3161 3193
4 531 544 534 530
4 4599 4623 4607 4262
4 1983 2024 1988 1979
4 1509 1508 1501 1497
4 1943 1945 1936 1947
4 4461 4468 4460 4465
4 1528 1555 1532 1538
4 3234 2466 3068 3222
4 3306 3410 3408 3323
4 4153 4160 4156 4151
4 1230 4058 4047 4055
4 2454 2452 2453 2442
4 2192 2189 2277 2190
4 2768 2785 2772 2760
4 1787 1786 1761 1773
4 1786 1787 1789 1773
4 801 479 803 793
4 2863 2891 2881 2872
4 1525 1513 1512 1517
4 3897 3902 3901 3906
4 2296 2291 2320 2294
4 3937 3930 3938 3936
4 3239 2423 2417 3245
4 2488 2649 2487 2731
4 589 587 599 632
4 1378 1374 629 638
4 16 593 104 61
4 4071 4063 4064 1251
4 2895 2742 2734 2907
4 3981 3964 3961 3988
4 2507 2649 2512 2648
4 3928 3925 3924 3920
4 2085 2083 2092 2090
4 4148 3570 4136 3622
4 24 21 17 84
4 708 609 644 668
4 3910 3924 3913 3914
4 43 183 16 61
4 501 496 505 504
4 4375 4379 4376 4381
4 2153 2182 2169 2178
4 2004 1996 2001 1994
4 687 91 693 84
4 1159 1162 1158 251
4 2228 2118 2128 2115
4 4592 4587 4595 4585
4 3347 3376 3340 3344
4 3320 3344 3380 3322
4 349 3919 347 310
4 166 168 206 164
4 3750 3751 3754 3747
4 1559 269 2178 2177
4 2460 2463 2414 2468
4 375 381 378 376
4 469 498 465 467
4 2471 2481 2480 2578
4 4445 4475 4454 4444
4 3330 3337 3332 3333
4 1817 1830 1823 1811
4 2551 2410 2417 2422
4 1408 1421 1432 1429
4 2354 4266 4261 2356
4 765 772 725 723
4 1101 935 1100 927
4 4582 4592 4595 4585
4 842 686 839 586
4 1082 968 1086 962
4 1033 1044 1021 1035
4 4179 4181 4191 4184
4 4535 3995 4492 349
4 2054 2050 149 144
4 4291 4317 4320 4282
4 2271 2266 2268 2263
4 2353 2358 2361 2360
4 1211 1202 1213 1379
4 3337 3218 3332 3333
4 2612 2589 2602 2608
4 466 471 464 467
4 2088 2080 2087 2055
4 4613 4548 4625 4616
4 2082 382 2086 2090
4 1321 1318 1325 1316
4 1689 1549 1542 1550
4 2128 2118 2112 2115
4 2348 2338 2382 2360
4 2881 2892 2873 2890
4 255 278 254 251
4 2458 2467 3233 2469
4 2400 2409 2401 2367
4 2871 2863 2892 2873
4 4429 4418 4428 4425
4 115 120 124 113
4 2785 2770 2753 2749
4 1243 4048 4047 1236
4 595 584 587 585
4 2194 2211 2200 2199
4 3948 3954 3951 3946
4 1069 1087 1086 1075
4 964 940 936 937
4 2662 2250 2243 2257
4 4463 4541 4535 4534
4 2061 381 2090 375
4 1024 1081 1019 1080
4 2340 2355 2351 2360
4 2676 4438 2685 2684
4 153 136 563 144
4 3201 3202 3040 3204
4 2338 2385 2382 2360
4 1359 1360 1347 1368
4 779 786 782 787
4 4445 4475 4548 4451
4 894 891 883 923
4 593 596 584 585
4 3116 3126 2643 3057
4 4419 4432 4427 4425
4 495 498 494 505
4 3952 3945 3944 3946
4 1128 1103 1124 1095
4 764 785 790 787
4 3738 3730 3719 3586
4 2046 247 2142 235
4 2266 2187 2287 2309
4 2810 2808 2809 2828
4 564 575 560 577
4 524 482 526 475
4 3247 3277 3243 3242
4 4594 4582 4595 4585
4 3813 3816 4080 4052
4 853 855 866 861
4 2348 2336 2338 2360
4 1996 1999 2000 1994
4 2112 2118 2116 2115
4 2083 2084 2092 2090
4 4103 2769 4108 4117
4 4409 4412 4414 2665
4 3911 4025 4020 3918
4 637 640 812 587
4 4399 4376 4377 4381
4 3527 3529 3995 349
4 870 1965 1147 1982
4 1636 1644 1639 1643
4 4362 4366 4359 4368
4 3911 4020 4045 3918
4 2210 2202 2204 2200
4 609 611 644 668
4 2540 2543 2537 2541
4 4311 4313 4309 4315
4 3295 3305 3281 3290
4 3527 3995 4535 349
4 901 931 903 869
4 2405 2365 2370 2401
4 3952 3968 3905 3946
4 1283 1290 1284 1288
4 340 331 417 333
4 3954 3952 3905 3946
4 4397 4399 4381 4382
4 175 154 162 173
4 2007 1849 1843 1994
4 1388 2028 1572 1559
4 538 546 370 359
4 2618 2607 2605 2614
4 4015 1520 1510 1515
4 4174 4347 4341 4177
4 183 43 16 48
4 4496 4497 4502 4494
4 2734 2748 2907 2736
4 113 121 103 127
4 4477 4482 4480 4478
4 1590 1597 1603 1593
4 6 220 3 229
4 2387 2356 2361 2360
4 67 16 104 61
4 777 784 787 751
4 489 118 485 124
4 2516 2529 2522 2517
4 3605 3603 3609 3604
4 2772 2768 2767 2749
4 3862 3851 3863 3854
4 4053 1238 4058 4047
4 2340 2336 2348 2360
4 2286 2276 2283 2281
4 540 544 546 551
4 2033 2025 1855 1867
4 2480 2471 2473 2477
4 75 521 528 536
4 54 174 183 61
4 4426 4462 4416 4460
4 3117 3062 3066 3060
4 3063 3064 3066 3060
4 4400 2311 1495 4391
4 86 88 68 84
4 2826 2611 2824 2830
4 770 764 767 787
4 693 89 699 84
4 2033 1558 1875 1867
4 1572 1410 1966 1376
4 89 17 699 84
4 1197 1299 1694 1690
4 3916 3959 3968 3905
4 2660 2746 2675 4548
4 741 742 726 751
4 1831 1851 1874 1873
4 1089 1084 1090 1091
4 668 611 664 657
4 668 707 708 609
4 731 733 737 744
4 4183 4191 4192 4184
4 1522 1519 1520 1515
4 4160 4209 4212 4151
4 481 111 103 106
4 1382 1672 1671 1221
4 4628 4638 4636 4657
4 2714 4091 2699 2712
4 1768 1765 1767 1773
4 3343 3342 3344 3323
4 3177 3161 3168 3173
4 1052 1093 1048 1058
4 3130 3129 3142 3134
4 2102 2108 2226 2232
4 3408 3306 3401 3413
4 764 790 766 768
4 2269 1807 2206 2199
4 4342 4313 4309 4351
4 2685 2694 2684 2686
4 63 35 67 38
4 921 903 907 901
4 561 579 558 552
4 2719 2659 2724 2708
4 1608 1614 1734 1607
4 2117 2208 2204 2120
4 3884 3895 3885 3894
4 3108 3123 3099 3106
4 3249 3217 3244 3237
4 1829 1828 1830 1820
4 4267 4279 4281 4278
4 1325 1322 1321 1316
4 826 822 825 823
4 1637 1633 1642 1635
4 1218 1223 1214 1213
4 415 414 429 420
4 588 1376 1006 592
4 4294 4260 4261 4263
4 873 903 869 880
4 2596 2603 2600 2591
4 484 103 104 61
4 2121 2153 1777 1779
4 2572 2598 2600 2561
4 1387 1384 1381 1415
4 66 62 56 99
4 4595 4636 4665 4656
4 46 43 54 53
4 87 95 94 97
4 347 355 1563 1561
4 256 258 262 253
4 2432 2340 2429 2344
4 4557 4559 4564 4561
4 360 408 402 341
4 4015 1510 4008 1504
4 3530 3527 3519 3524
4 1102 1110 1106 1103
4 3464 3467 3472 3465
4 582 1388 222 592
4 2523 2519 3103 2522
4 3170 3163 3161 3199
4 3769 3764 3760 726
4 66 101 102 57
4 4354 4343 4337 4351
4 1002 991 993 1000
4 1931 1948 1927 1932
4 457 470 469 468
4 3326 3336 3332 3331
4 1026 1027 1019 1023
4 797 757 825 828
4 1681 1831 1836 1833
4 566 366 361 555
4 2012 2015 2014 2011
4 103 111 98 99
4 240 238 253 237
4 2688 2679 2694 2666
4 54 43 183 48
4 2881 2889 2907 2743
4 4570 4572 4573 4567
4 3518 3512 3515 3517
4 802 842 795 794
4 2228 2122 2118 2115
4 785 782 789 781
4 745 760 747 794
4 3922 3743 3737 3925
4 3970 3974 3973 3981
4 239 219 207 241
4 1789 1787 1761 1773
4 918 917 919 923
4 3544 3537 3538 3539
4 97 85 93 91
4 319 446 323 324
4 936 940 933 929
4 964 1001 965 937
4 2354 4253 4266 2347
4 1239 1240 1245 1253
4 606 991 1010 1000
4 95 94 97 85
4 2536 2545 2541 2476
4 1370 1372 1366 1362
4 1083 1087 1088 1091
4 3209 3218 3219 3217
4 2238 2230 304 298
4 2066 2129 2068 2069
4 744 733 3922 3598
4 3919 3529 3911 3918
4 4374 4428 4417 4425
4 1047 1153 1037 1160
4 4398 4396 4386 4394
4 3529 3919 3963 3918
4 2564 2567 2570 2561
4 661 660 659 670
4 588 593 222 592
4 2361 2775 2353 2356
4 3911 3529 3963 3918
4 2515 2475 2514 2535
4 1108 1112 1118 1155
4 3150 3146 3143 3134
4 277 231 8 228
4 4223 2780 4226 2356
4 4599 4619 4623 4262
4 103 56 104 61
4 4375 4376 4399 4381
4 3391 3398 3389 3387
4 1558 1875 1832 1772
4 1519 1522 1511 1515
4 1243 1250 1248 1253
4 789 785 787 782
4 1970 1354 1971 1964
4 1388 1383 1572 1376
4 2782 4226 2776 2753
4 3194 3205 3196 3193
4 3184 3165 3168 3182
4 794 846 850 825
4 2042 2142 237 235
4 331 339 292 333
4 2563 2567 2564 2561
4 1079 1080 1085 1091
4 2131 2128 2133 2115
4 303 2234 306 304
4 3803 3823 3831 3810
4 233 223 225 229
4 649 643 644 650
4 1327 1326 1315 1328
4 1174 1186 1185 1195
4 2601 2595 2602 2591
4 3103 3093 2523 2522
4 1402 613 1393 621
4 3927 3931 3936 3649
4 1254 1262 1257 1267
4 3766 3761 726 3764
4 4078 4079 4084 4077
4 2104 2108 2096 2107
4 1286 1255 1260 1265
4 95 97 96 100
4 3328 3281 3307 3333
4 682 698 89 690
4 2592 2601 2514 2512
4 2456 2465 2458 2468
4 4348 4340 4354 4339
4 3713 3786 3718 3774
4 1159 1036 255 1160
4 537 522 523 534
4 2230 306 304 298
4 1753 1787 1761 1755
4 2569 2564 2565 2562
4 1765 1790 1791 1773
4 4374 4380 4417 4421
4 4432 4438 2684 4419
4 802 312 316 492
4 191 184 181 187
4 4221 4217 4107 4220
4 719 778 726 724
4 3913 3914 3743 3868
4 1786 1750 1787 1761
4 4533 4531 4522 4546
4 1787 1789 1761 1755
4 2640 2516 2642 2648
4 2874 2606 2620 2867
4 263 1900 261 251
4 2520 2524 2517 2523
4 778 783 787 768
4 1765 1786 1790 1773
4 3597 3596 3609 3604
4 2128 2112 2133 2115
4 1652 1636 1653 1662
4 4257 4277 4275 4271
4 4577 4589 3540 4571
4 4253 2746 4261 4263
4 2723 4103 2763 2660
4 3532 3523 3520 3525
4 1079 1085 1090 1091
4 2483 2470 2514 2479
4 267 588 0 8
4 2701 2633 2625 2672
4 4458 4442 4454 4460
4 2594 2397 2603 2595
4 3277 3247 3243 3264
4 3171 3172 3168 3173
4 584 593 696 583
4 2321 2297 2320 1482
4 3964 3539 3524 3992
4 3746 3744 3752 3748
4 1775 1771 1778 1772
4 2054 2182 2050 144
4 410 404 403 402
4 741 729 726 737
4 765 772 767 776
4 1135 1130 1129 1125
4 2023 2022 2034 2025
4 4623 4619 4615 4647
4 2162 1905 1931 2139
4 4257 4283 4292 4252
4 2358 2353 2350 2360
4 3232 3234 3229 2469
4 2432 2429 2427 2344
4 1386 1572 1381 1565
4 267 1037 1038 1141
4 2048 2052 2044 2053
4 3924 3911 3963 3918
4 117 110 96 119
4 4336 2746 4548 4616
4 2253 4412 2251 4414
4 1900 279 1163 251
4 4319 4313 4311 4315
4 213 239 207 210
4 784 720 726 751
4 963 1086 1061 1042
4 4025 4034 4020 4026
4 4275 4257 4263 4262
4 2600 2598 2602 2561
4 4475 4466 4460 4465
4 2895 2906 2907 2893
4 2005 2007 1997 1994
4 1636 1639 1653 1662
4 3914 3878 3874 3910
4 3114 3184 3109 3187
4 1582 1578 1580 1588
4 1792 1787 1759 1789
4 1422 1400 1432 1419
4 1492 1489 1491 1487
4 1101 1098 1125 1095
4 3816 3813 4057 4052
4 494 460 456 506
4 2054 2040 2044 2053
4 3232 3231 3229 3236
4 4411 4402 4410 4428
4 1139 1164 1140 1144
4 4599 4258 4607 4255
4 2907 2904 2908 2903
4 2740 2747 2730 2736
4 90 843 845 841
4 4015 1524 1520 1515
4 13 266 270 8
4 1056 1062 1060 1055
4 380 357 2086 376
4 2259 355 402 413
4 3297 3312 3314 3310
4 4396 4398 4395 4394
4 4648 4645 4650 4642
4 2742 2734 2907 2736
4 3609 3600 3607 3719
4 652 0 11 5
4 2887 2880 2886 2852
4 2473 2480 2869 2580
4 688 847 689 864
4 1805 1801 1823 1819
4 294 301 299 304
4 730 717 721 726
4 4556 4570 4567 4563
4 2102 2104 2107 2108
4 2122 2228 2212 2115
4 2010 2019 2009 2012
4 1124 1152 1151 1155
4 3922 3738 3732 3586
4 3758 3737 3713 3609
4 2905 2921 2894 2908
4 1987 1137 1147 1982
4 4589 4588 4571 4585
4 26 24 22 17
4 1215 4025 1672 3918
4 1412 1410 1417 1415
4 4185 4246 4180 4238
4 193 507 195 517
4 3186 3187 3109 3184
4 1042 1039 1064 1035
4 4237 4242 4245 4240
4 864 865 860 866
4 3268 3277 3246 3244
4 253 240 237 241
4 4071 4072 4068 4061
4 3949 3986 3996 3947
4 658 708 648 659
4 47 45 54 55
4 4056 4051 4083 4055
4 658 708 713 716
4 4171 4176 4170 4166
4 575 562 576 551
4 340 353 344 341
4 4659 4623 4612 4650
4 233 221 228 226
4 4366 4359 4368 4367
4 2484 2639 2487 2648
4 673 676 680 677
4 663 660 661 670
4 743 741 738 742
4 1871 1874 1851 1873
4 136 201 563 144
4 2 13 1038 0
4 947 10 1 0
4 4025 1216 1672 3918
4 3924 3886 3915 3918
4 56 70 59 61
4 843 749 797 860
4 3118 3125 3120 3122
4 2461 3234 2451 2469
4 3340 3347 3344 3346
4 860 750 749 829
4 279 1900 263 251
4 4357 4356 4364 4367
4 835 855 827 832
4 4034 4041 4035 4046
4 741 720 784 751
4 3737 3713 3719 3734
4 3 10 8 13
4 2564 2570 2560 2561
4 4520 4537 4533 4546
4 829 835 827 832
4 720 741 726 751
4 3 220 266 229
4 2668 2679 2670 2666
4 669 666 648 670
4 758 777 787 751
4 1113 1027 1114 1053
4 2679 2677 2670 2666
4 2379 2380 2384 2383
4 2272 2273 1803 2268
4 908 1129 903 904
4 4131 338 4133 4122
4 3113 3101 3115 3106
4 4074 1297 1251 1285
4 934 910 897 909
4 2875 2877 2869 2872
4 1742 1691 1704 1703
4 843 841 837 851
4 1157 1152 1151 1163
4 743 744 731 737
4 1777 1558 1783 1772
4 4176 3520 4173 3525
4 1875 1558 1778 1772
4 247 275 262 214
4 938 958 929 962
4 836 826 828 823
4 3752 3651 3740 3927
4 2883 2892 2881 2890
4 4610 4625 4615 4616
4 2452 2453 2442 2443
4 3670 3680 3699 3673
4 319 360 347 341
4 1493 1488 1485 1487
4 1494 1484 1451 1487
4 1921 1776 1770 1962
4 2369 2372 2373 2367
4 2409 2601 2401 2367
4 4329 4661 4353 4367
4 1750 1756 1753 1761
4 2726 2724 2723 2712
4 1164 1160 1151 1156
4 2099 2074 2093 2087
4 6 3 12 8
4 749 797 860 829
4 4119 4111 4107 4117
4 1674 1608 1203 1607
4 4359 4661 4368 4367
4 681 675 853 674
4 421 438 441 370
4 1138 1989 1143 1139
4 2150 2146 2148 2167
4 4025 1215 1638 3918
4 2663 2658 2673 2665
4 3689 3691 3697 3687
4 2324 1818 1822 1816
4 3376 3381 3344 3353
4 161 200 167 170
4 4563 4523 4570 4567
4 4537 4613 4622 4519
4 3961 4025 3911 3918
4 1566 2321 1493 1485
4 835 855 832 834
4 4008 4494 4493 4492
4 599 587 585 632
4 4625 4623 4615 4616
4 4021 4029 1215 4026
4 855 865 831 834
4 3605 3638 3634 3567
4 4571 4576 4569 4567
4 13 267 1038 0
4 593 691 696 583
4 362 378 554 563
4 3094 3088 3091 3077
4 2260 2194 2199 2269
4 2516 2649 2642 2648
4 3767 3769 3760 737
4 1777 2208 1761 1755
4 8 272 228 229
4 4610 4613 4625 4616
4 2542 2520 2528 2531
4 4356 4357 4358 4367
4 2240 2252 2237 2241
4 1008 1014 1013 1005
4 1473 1748 1705 1675
4 3843 3934 3838 3929
4 593 16 222 183
4 3747 3788 3774 3752
4 798 796 843 851
4 892 890 889 1418
4 836 848 831 867
4 739 743 741 737
4 3177 3164 3168 3184
4 2566 2601 2562 2561
4 678 704 684 672
4 2243 2245 2251 2257
4 4556 4569 4561 4567
4 701 697 695 586
4 2331 2322 2320 2325
4 1681 1562 1690 1855
4 2459 2456 2468 2464
4 477 593 696 590
4 729 3760 726 737
4 2080 2073 2055 2059
4 2636 2644 2647 2624
4 1398 979 613 975
4 1509 1496 1485 1500
4 615 1385 1402 1397
4 1399 1391 1402 1397
4 2747 2716 2711 2758
4 4329 4368 4661 4367
4 2720 2727 2726 2715
4 4358 4357 4368 4367
4 4368 4329 4330 4367
4 4366 4364 4359 4367
4 4352 4364 4353 4367
4 4454 4416 4460 4444
4 995 952 944 1000
4 1110 1120 1114 1118
4 1663 4013 1561 1569
4 421 443 417 370
4 3587 3516 3580 3506
4 247 262 253 214
4 3400 3392 3408 3384
4 3932 3855 3939 3940
4 856 854 838 844
4 546 543 540 575
4 1460 1595 1451 1454
4 1572 2036 1966 1855
4 991 1002 994 1000
4 4404 4403 4416 4425
4 1821 1823 1820 1819
4 4149 4145 4163 4218
4 3713 3737 3718 3734
4 356 363 361 357
4 1356 1346 1352 1353
4 4078 4087 4080 4077
4 1840 1839 1784 1832
4 1948 1916 1943 1936
4 2839 2827 2840 2844
4 694 685 689 699
4 1681 1851 1833 1853
4 2248 2254 2252 2198
4 3768 3760 3758 3774
4 4255 2359 4258 4266
4 10 8 13 0
4 3338 3325 3347 3335
4 1175 1170 1176 1178
4 2724 2717 2715 2718
4 822 831 848 850
4 3747 3788 3752 3748
4 1626 1624 1620 1621
4 1006 1009 1376 886
4 2040 2044 2053 2038
4 4175 3555 4340 4339
4 3949 3950 3943 3947
4 2240 2232 413 2241
4 576 562 524 551
4 524 462 532 551
4 4550 4556 4561 4567
4 652 651 649 656
4 1566 1585 2327 1821
4 595 805 590 581
4 6 12 28 8
4 1103 1131 1124 1152
4 2650 2641 2484 2639
4 2590 2876 2582 2587
4 2836 2834 2840 2844
4 697 678 704 692
4 4328 4646 4650 4335
4 3372 3375 3368 3382
4 2742 2907 2743 2736
4 4573 4572 4565 4567
4 898 910 1125 904
4 1778 1779 1767 1772
4 6 233 229 32
4 847 842 696 686
4 2671 2663 2673 2665
4 4142 4134 4141 4138
4 1672 1670 1638 3918
4 679 674 684 672
4 3098 3088 3128 3126
4 3273 3221 3217 3216
4 4557 4554 4561 3993
4 1486 1507 1509 1501
4 4158 4203 4151 4196
4 1473 1615 1748 1666
4 462 546 551 359
4 3546 3542 3538 3535
4 1841 1844 1845 1848
4 3050 3055 3054 3040
4 2330 1493 2320 1482
4 1104 1130 1125 1095
4 234 2041 2046 2038
4 4512 4396 4514 4394
4 1328 1327 1320 1315
4 190 198 202 197
4 134 138 129 143
4 981 1009 1013 978
4 1130 1128 1124 1095
4 4435 4439 4437 4433
4 1868 1959 1943 2014
4 1061 874 1042 1153
4 2048 2049 2062 2044
4 3768 3758 3747 3774
4 1836 1820 1813 1824
4 4412 2718 2257 2652
4 1026 1020 1027 1023
4 405 355 402 341
4 616 1399 620 618
4 4053 4087 4052 4050
4 3599 743 3767 737
4 731 738 743 737
4 2134 2136 2127 2133
4 4554 4553 4560 3993
4 2201 1757 2208 2215
4 647 682 658 671
4 1085 1080 1053 1091
4 2870 2859 2873 2851
4 1661 1524 1504 1515
4 2153 2167 2165 2066
4 302 2238 304 298
4 687 685 694 699
4 685 687 693 699
4 2231 309 2230 298
4 1061 1049 1055 1091
4 563 2054 144 2177
4 97 92 105 699
4 1053 1080 1019 1091
4 217 49 228 226
4 702 712 705 701
4 4286 4224 4225 4228
4 3926 3939 3933 3935
4 3102 3095 3100 3091
4 629 617 619 636
4 2029 2012 2034 2026
4 706 703 712 662
4 683 671 677 673
4 3540 3985 4571 3534
4 927 1063 1048 929
4 163 246 242 173
4 4447 4453 4452 4455
4 1243 1242 1287 1251
4 1661 1658 1647 1655
4 2690 2685 2684 2686
4 830 792 741 804
4 1563 2311 2259 1567
4 3101 3113 3104 3106
4 1602 1592 1596 1593
4 2860 2849 2854 2852
4 3273 3217 3244 3216
4 2897 2805 2894 2800
4 22 19 26 17
4 2070 2129 2171 2069
4 661 680 676 679
4 663 669 670 666
4 3177 3139 3075 3179
4 184 557 570 201
4 3509 3526 3966 3550
4 671 677 673 663
4 1892 1904 1917 261
4 3567 3577 3579 3573
4 1865 1869 1860 1864
4 2895 2881 2879 2907
4 4623 4275 4263 4262
4 1512 1502 1503 1515
4 4493 4553 3991 3993
4 811 814 809 819
4 92 87 97 119
4 2231 2230 2237 298
4 2675 4416 4432 4425
4 2240 2252 2224 413
4 409 371 357 412
4 693 89 698 699
4 4096 4103 4104 4092
4 700 689 714 690
4 1933 1913 2138 1931
4 467 466 502 475
4 4293 4316 4311 4320
4 3891 4086 4023 4084
4 1576 1815 1584 1574
4 1473 1496 1470 1523
4 4135 4140 4145 4138
4 550 538 370 359
4 1040 1044 1037 1046
4 97 87 96 119
4 1641 1636 1640 1643
4 961 971 965 944
4 596 949 942 957
4 4 14 18 11
4 1061 1057 1122 1153
4 2747 2707 2706 2730
4 2801 2921 2894 2791
4 1197 1298 1690 1572
4 260 259 262 261
4 1652 4001 1657 1654
4 186 202 181 195
4 2939 2947 2940 2946
4 2569 2565 2566 2562
4 1615 1647 1609 1666
4 340 443 369 417
4 693 91 21 84
4 1496 1663 4013 1502
4 2526 2525 2531 2517
4 997 995 994 1000
4 4416 4374 4417 4425
4 4167 4164 4168 4166
4 697 701 584 586
4 4614 4620 4618 4625
4 1363 1410 1347 1335
4 633 627 605 632
4 217 231 277 228
4 2702 2720 2714 2715
4 4034 4039 4045 4040
4 319 353 347 310
4 773 772 765 776
4 1224 1219 1216 1217
4 2719 2717 2727 2715
4 2789 2782 2776 2753
4 2105 2109 2102 2107
4 18 31 0 8
4 1399 1402 1389 1397
4 1400 1426 1432 1420
4 2718 2257 2652 2238
4 4256 4277 4640 4647
4 343 3527 4247 2660
4 3738 3737 3719 3734
4 4273 4270 4328 4274
4 4475 4403 4466 4465
4 3392 3386 3408 3393
4 963 1042 953 969
4 68 65 58 67
4 1410 1412 875 1376
4 362 373 361 554
4 606 607 612 613
4 3627 3585 352 342
4 4031 4044 4036 4035
4 101 109 107 99
4 2782 2789 2785 2753
4 4013 4008 4492 1500
4 2390 2372 2386 2373
4 4066 4064 4069 4062
4 1258 1252 1246 1282
4 589 601 599 709
4 1765 1775 1768 1767
4 336 327 329 334
4 1400 1389 1401 1395
4 739 3767 743 737
4 3696 3693 3698 3687
4 4482 4487 4486 4478
4 56 103 102 99
4 3599 3767 3758 737
4 317 802 316 492
4 3369 3351 3371 3353
4 1651 1661 4005 1654
4 4251 4246 4238 4248
4 3683 3645 3676 3641
4 2323 2312 2310 2319
4 3678 3675 3672 3673
4 846 794 792 799
4 4574 4564 4573 4567
4 4294 4261 4228 4263
4 290 4095 299 287
4 1562 1572 1559 1565
4 10 8 0 12
4 4038 3979 4082 4041
4 2183 2166 2164 2165
4 18 231 31 8
4 4574 4578 4571 4567
4 1087 1082 1072 1086
4 4354 4661 4355 4353
4 3708 3699 3673 3701
4 1570 1573 1568 1560
4 4654 4668 4669 4664
4 213 216 163 210
4 1049 1051 1061 1055
4 4408 4405 4413 4407
4 368 550 370 359
4 4573 4564 4570 4567
4 3459 3454 3449 3456
4 1900 262 261 1917
4 1204 1608 1734 1203
4 1844 1688 1843 1336
4 264 261 250 263
4 3068 2466 2685 3057
4 543 562 551 538
4 57 68 102 67
4 268 275 185 179
4 2369 2372 2400 2337
4 691 596 715 583
4 1965 1970 1977 1982
4 4410 4370 4369 4428
4 3815 3807 3906 3896
4 820 814 812 819
4 1465 1466 1476 1475
4 4104 337 291 4122
4 4551 4566 4495 4531
4 4205 4172 3521 4178
4 3767 3760 3758 737
4 775 753 758 761
4 1844 1681 1336 1855
4 1785 1795 1802 1782
4 1513 1489 1485 1487
4 221 215 209 226
4 4478 4466 4500 4515
4 4441 4435 4436 4433
4 2729 2825 2743 2867
4 3153 3151 3155 3152
4 2910 2921 2916 2908
4 1528 1562 1833 1568
4 2594 2613 2602 2608
4 1342 1298 1330 1310
4 3709 3692 3707 3706
4 1979 1980 1993 1990
4 1245 1250 1249 1253
4 4044 4031 4039 4035
4 596 584 715 583
4 3738 3517 3514 3586
4 4663 4334 4368 4664
4 1764 1951 1754 1962
4 2470 2514 2589 2571
4 2480 2488 2869 2867
4 1461 1454 1460 1453
4 544 551 534 549
4 1905 2162 1931 2153
4 2691 3068 2685 3057
4 336 331 338 329
4 1696 1747 1700 1694
4 870 882 880 877
4 1134 905 898 904
4 633 630 614 625
4 1799 1794 1808 1789
4 1624 1473 1475 1619
4 1668 1670 1657 1638
4 1841 1679 1844 1677
4 806 591 586 840
4 3676 3684 3776 3673
4 1442 1422 1196 1434
4 3869 3893 3941 3868
4 3341 3410 3320 3380
4 222 184 183 268
4 2595 2592 2606 2367
4 1873 1845 1884 1867
4 4412 4400 4403 4401
4 4308 4323 4245 4247
4 3139 3177 3147 3183
4 1566 2321 1485 1569
4 286 281 285 287
4 3967 3956 3922 3965
4 3702 3722 3776 3718
4 2021 2017 2010 2014
4 2343 2439 4600 2427
4 1684 1688 1683 1686
4 4228 4227 4236 4234
4 96 90 123 119
4 1194 1189 1188 1179
4 96 110 100 119
4 1076 1071 946 954
4 283 422 423 417
4 4175 4176 4173 4166
4 2230 2238 2237 298
4 384 375 379 372
4 1072 960 969 1086
4 955 948 956 944
4 3086 3094 3091 3077
4 462 459 446 506
4 4258 4599 4607 4262
4 2435 2432 2427 2436
4 4623 4612 4650 4615
4 1540 1536 1575 1531
4 783 790 787 768
4 3101 3115 3106 3111
4 1954 1957 1955 1953
4 902 873 903 869
4 1562 1664 1666 1381
4 4204 4202 4205 4193
4 2071 2073 2074 2097
4 1663 1664 1666 1569
4 1730 1738 1727 1744
4 4531 4545 4522 4546
4 1681 1683 1551 1542
4 624 1391 615 616
4 2626 2623 2633 2629
4 1991 1986 1984 1988
4 1470 1468 1453 1593
4 365 414 406 409
4 112 480 121 485
4 2673 2651 2672 2667
4 3273 3259 3233 3235
4 1427 1426 1420 1432
4 256 204 263 265
4 4541 4548 4535 4534
4 1307 1448 1364 1439
4 4648 4649 4642 4653
4 4378 4383 4370 4369
4 2804 2802 2791 2777
4 3035 3205 3032 3201
4 622 616 620 618
4 2712 2714 2697 2696
4 4031 4033 4034 4046
4 4031 4034 4039 4035
4 108 107 109 99
4 2417 3259 3254 3260
4 1459 1457 1470 1451
4 425 418 284 424
4 3725 3720 3721 3719
4 1892 1900 1894 257
4 2514 2501 2506 2571
4 1383 1388 1382 638
4 4564 4556 4569 4561
4 2486 2536 2541 2476
4 3737 3598 3586 3609
4 1488 1493 1485 1569
4 2172 2248 1563 402
4 1718 1711 1716 1714
4 3730 3583 3593 3586
4 2191 2260 2196 2263
4 1965 1977 1968 1983
4 4539 4528 4476 4545
4 4514 4512 4394 4506
4 1088 1087 1086 1091
4 1687 1683 1679 1677
4 3788 3749 3778 3752
4 3911 3924 3915 3918
4 784 767 787 751
4 4336 2746 4623 4263
4 3929 3937 3936 3649
4 3961 3911 3915 3918
4 1087 1084 1086 1091
4 349 355 347 1561
4 3911 3529 349 3988
4 3026 3014 3035 3024
4 1089 1085 1091 1090
4 623 627 636 634
4 213 163 239 210
4 4668 4332 4664 4654
4 2906 2893 2916 2908
4 638 1386 1221 594
4 2921 2906 2916 2908
4 971 966 969 965
4 1340 1843 1334 1336
4 4393 2300 4390 4386
4 1061 1077 1053 1055
4 4036 4044 4037 4035
4 969 963 962 965
4 4067 1230 4068 4055
4 1003 992 1005 1018
4 1492 1486 1507 1485
4 4146 4143 4145 4138
4 3117 3119 3062 3115
4 3246 3241 3249 3237
4 1893 1916 1886 1936
4 3678 3711 3673 3701
4 3274 3292 3266 3279
4 1679 1680 1683 1687
4 3377 3351 3352 3353
4 217 212 214 179
4 1743 1746 1735 1714
4 3623 3620 353 315
4 2015 1942 1947 2016
4 3433 3431 3434 3436
4 2989 2992 2991 3010
4 3608 3603 3607 3604
4 1931 1948 1776 1927
4 2201 2110 2208 1762
4 4660 4329 4664 4667
4 758 752 757 755
4 4203 4205 4193 4196
4 727 772 766 768
4 1985 1993 1977 1983
4 3813 3816 3805 4080
4 565 553 561 558
4 2457 2452 2442 2464
4 1479 1480 1705 1478
4 2212 2220 2209 2115
4 4422 4402 2677 4428
4 1317 1322 1302 1321
4 564 555 359 364
4 1903 269 279 1900
4 4176 3533 3525 3531
4 4080 4087 4052 4077
4 3101 3118 3113 3115
4 667 649 644 648
4 1637 1256 1257 1642
4 2746 4336 4261 4263
4 3196 3194 3160 3037
4 4517 4509 4515 4513
4 408 405 402 341
4 3386 3384 3398 3393
4 2181 2168 2165 2171
4 252 249 253 2149
4 1482 1493 1485 1487
4 3686 3696 3701 3698
4 4535 4466 4492 4495
4 4308 4186 4321 4304
4 1166 1209 1208 1259
4 2226 2224 413 2241
4 266 7 13 270
4 2085 2080 2090 2092
4 1309 1306 1302 1316
4 3124 3099 3091 3077
4 1328 1190 1314 1207
4 1948 1558 1778 1959
4 1159 264 251 255
4 4387 4397 4389 4382
4 1067 1028 1022 1031
4 4085 4041 4023 4017
4 2677 4411 4404 4428
4 1471 1468 1470 1467
4 2489 2498 2497 2488
4 252 264 262 259
4 2466 3116 3122 2504
4 1656 1667 1647 1660
4 922 998 936 937
4 1524 4015 1504 1515
4 3263 3252 2551 3254
4 2669 2676 2673 2685
4 281 292 329 287
4 4197 4207 4108 4180
4 1057 1124 1122 1127
4 1738 1745 1737 1743
4 790 778 780 723
4 1694 1748 1727 1206
4 1097 1099 1106 1120
4 1641 1657 4045 1638
4 3521 3530 4178 3531
4 4137 4210 4120 4132
4 3424 3421 3387 3426
4 1511 1522 1631 1523
4 1790 1786 1780 1773
4 4065 4041 4061 4046
4 922 917 914 925
4 990 992 994 1005
4 3381 3371 3377 3353
4 1056 1052 1058 1054
4 4618 4624 4625 4622
4 2390 2343 2369 2753
4 3705 3699 3712 3706
4 2259 4400 349 348
4 1874 1881 1839 1878
4 1830 1828 1834 1820
4 1074 1066 1064 1075
4 1093 1100 1059 1048
4 2306 2315 2281 2316
4 4586 4582 4580 4595
4 2050 154 149 144
4 3805 3807 4080 3906
4 1166 1208 1263 1259
4 725 721 765 726
4 1784 1793 1782 1780
4 2658 2653 2671 2673
4 2646 3067 2643 3057
4 559 556 561 554
4 1492 1482 1485 1487
4 1161 1165 1112 1155
4 1733 1729 1723 1734
4 2454 2457 2452 2442
4 1122 874 1153 1127
4 998 964 936 937
4 2709 2706 2697 2696
4 1947 2015 2014 1941
4 1511 1522 1523 1515
4 2536 2534 2486 2541
4 4128 4100 4101 4092
4 1300 1363 1307 1364
4 1823 1830 1834 1820
4 1257 1209 1213 1223
4 1213 1674 1259 1267
4 2461 3259 3257 3235
4 3372 3354 3375 3382
4 641 643 650 947
4 1940 1941 1947 1945
4 2701 2698 2706 2697
4 4113 4112 4106 4115
4 2056 2063 2065 2053
4 234 243 235 236
4 747 792 804 734
4 4085 4041 4017 4075
4 411 404 409 408
4 2628 2623 2626 2629
4 561 564 555 359
4 4001 1649 1657 1654
4 1657 1649 1648 1654
4 3720 3715 3723 3719
4 236 2042 237 234
4 2896 2899 2901 2908
4 2417 2418 2414 2422
4 1664 1382 1672 1671
4 740 733 314 735
4 702 708 711 716
4 4491 4498 4502 4504
4 1967 1992 1977 879
4 3758 3724 3713 3774
4 1405 1408 1432 1429
4 1492 1483 1482 1487
4 1151 1164 1156 1158
4 4010 4009 4004 4014
4 4537 4538 4625 4534
4 2251 2248 2247 2252
4 459 447 446 456
4 609 596 711 644
4 1125 931 927 1122
4 71 78 73 80
4 377 385 384 372
4 3431 3433 3361 3436
4 4056 4083 4052 4055
4 3027 3032 3033 3025
4 1022 1064 1023 1088
4 257 1900 1163 251
4 2129 2073 2068 2069
4 1570 1566 1573 1560
4 2544 2543 2535 2541
4 1097 1105 1128 1130
4 1914 260 261 1909
4 678 697 704 672
4 1664 1562 1666 1569
4 3911 4001 4045 4003
4 4153 4160 4152 4156
4 54 174 49 179
4 2950 3133 3137 3146
4 3377 3383 3374 3371
4 150 154 242 173
4 2028 1388 1376 592
4 887 893 914 896
4 856 844 863 859
4 1411 1417 1413 1418
4 4648 4645 4646 4650
4 1952 1944 1918 1957
4 2369 2729 2776 2753
4 988 990 1001 1005
4 562 564 561 359
4 4364 4352 4355 4367
4 137 133 377 372
4 903 901 869 880
4 115 481 103 124
4 1562 1571 1559 1855
4 843 846 849 850
4 947 0 957 11
4 3600 3598 3634 3607
4 4149 4137 4145 4218
4 2686 2690 2687 2695
4 1951 1961 1959 1962
4 4009 4010 4004 4002
4 550 368 538 359
4 785 758 787 770
4 3088 3087 3095 3091
4 860 843 850 825
4 1282 1256 1642 1260
4 110 100 105 98
4 587 640 635 632
4 486 312 319 347
4 3723 3715 3713 3719
4 366 369 359 364
4 604 605 599 632
4 1846 1852 1845 1848
4 584 711 596 715
4 425 418 424 430
4 2206 2203 2208 2215
4 1131 1135 1132 1133
4 4177 3525 3521 4166
4 269 268 185 2177
4 3772 3764 3768 3760
4 4098 4099 4096 4097
4 103 486 484 104
4 3700 3709 3707 3706
4 1790 1786 1789 1780
4 3529 3964 3524 3988
4 4596 4255 4599 4607
4 85 93 91 84
4 4063 1252 1282 1251
4 992 1003 1005 990
4 2016 1901 1947 1899
4 405 350 333 403
4 1646 1639 1635 1640
4 4553 3987 4499 3991
4 2343 2744 2369 2753
4 2604 2591 2596 2600
4 2157 1776 1770 1930
4 2525 2516 2531 2517
4 3603 3608 3609 3604
4 4110 4116 4117 4118
4 1724 1324 1721 1722
4 4081 4088 4080 4089
4 889 883 1418 886
4 2327 2329 1584 2325
4 1098 1104 1125 1095
4 4451 4448 4625 4606
4 2747 2750 2756 2745
4 2032 1849 1994 2025
4 907 902 873 903
4 1161 1112 1108 1155
4 1586 1547 1588 1587
4 4034 4037 4035 3983
4 2881 2906 2893 2890
4 3711 3708 3673 3701
4 700 705 714 716
4 4120 4135 4140 4145
4 1003 1015 1016 1017
4 2313 2306 2310 2316
4 2369 2744 2729 2753
4 2390 2369 2776 2753
4 2963 2964 2958 2955
4 2213 2114 2119 2204
4 4258 4253 4263 4262
4 4069 4078 4084 4077
4 2031 2000 2030 1996
4 1097 1096 1128 1103
4 322 321 316 310
4 321 322 315 310
4 1699 1695 1692 1542
4 3545 3960 3955 3536
4 4466 4478 4500 4495
4 1107 1113 1114 1054
4 1868 1862 1864 1861
4 887 885 896 889
4 8 6 229 227
4 248 236 238 237
4 20 27 17 699
4 1404 1410 1363 1307
4 4172 4177 3521 4166
4 1131 1148 1133 1132
4 222 486 593 183
4 981 1412 1012 886
4 1462 1465 1476 1517
4 1009 981 1012 886
4 892 1416 1409 1418
4 1165 1152 1092 1155
4 1206 1734 1728 1722
4 2880 2873 2886 2852
4 377 384 137 372
4 1901 2016 1947 1942
4 2368 2810 2363 2819
4 4308 4205 4200 4298
4 2016 2015 2020 2011
4 772 764 766 767
4 2309 2266 2190 2263
4 647 650 648 653
4 1152 1165 1157 1155
4 1343 1685 1338 1334
4 1016 1003 990 1005
4 1016 990 988 1005
4 4100 4099 4093 4097
4 812 595 587 635
4 2790 4233 2783 2782
4 1135 908 1123 1129
4 893 973 896 885
4 1161 1032 1020 1047
4 3733 3730 3719 3734
4 2448 2446 2451 2442
4 2486 2489 2493 2487
4 4478 4485 4551 4522
4 655 646 999 642
4 4163 4157 4151 4218
4 3307 3296 3333 3305
4 1576 1581 1586 1584
4 438 436 431 546
4 1113 1109 1119 1114
4 111 113 115 124
4 1082 1087 1084 1086
4 2849 2820 2854 2840
4 2368 2363 2366 2381
4 2513 2503 3261 2509
4 208 217 209 226
4 447 452 446 456
4 3956 3518 3517 3966
4 3112 3165 3184 3178
4 1093 1097 1095 1106
4 1689 1699 1692 1542
4 431 462 443 369
4 4489 4478 4485 4477
4 385 377 378 372
4 1383 1393 1012 621
4 3849 3857 3824 3822
4 4150 3585 3530 352
4 4252 4257 4265 4262
4 418 422 283 292
4 178 189 54 74
4 1131 1094 1103 1126
4 1949 1963 1957 1955
4 2649 2744 2512 2642
4 3667 3666 3656 3659
4 2537 2543 2542 2541
4 3765 3757 3771 3768
4 2272 1803 1800 2262
4 3317 3310 3318 3311
4 1881 1874 1880 1878
4 839 842 586 840
4 3778 3777 3784 3687
4 3141 3133 3139 3143
4 3961 4037 4034 3983
4 2053 2054 2055 2066
4 2321 1493 2320 2328
4 4403 4384 4395 4397
4 297 309 295 308
4 2707 2705 2700 2730
4 4426 4442 4462 4460
4 4074 4066 4021 4075
4 901 897 909 911
4 2507 2486 2487 2648
4 3957 3969 3955 3965
4 4189 4179 4200 4186
4 1890 1897 1907 1886
4 4549 4624 4537 4625
4 2412 2396 2400 2422
4 1486 1492 1482 1485
4 2516 2649 2512 2642
4 4624 4537 4625 4622
4 3441 3455 3436 3438
4 2410 2412 2419 2422
4 3353 3383 3380 3376
4 4485 4550 4493 4495
4 3115 3101 3122 3111
4 726 778 723 724
4 4454 4475 4463 4460
4 595 805 586 590
4 988 989 998 1001
4 1094 1131 1103 1092
4 3140 3157 3151 3155
4 1523 1522 1647 1515
4 756 736 754 747
4 2306 2303 2310 2316
4 1078 1085 1053 1054
4 2691 2681 2673 2694
4 3598 3732 3737 3586
4 1865 1869 1864 1884
4 4398 4392 4395 4394
4 2480 2481 2472 2479
4 2785 2803 2760 2800
4 4228 4261 4236 4244
4 3941 3913 3908 3928
4 730 719 726 724
4 1332 1701 1303 1310
4 773 765 774 776
4 482 486 506 360
4 706 703 662 713
4 4197 3528 4245 343
4 979 975 986 1017
4 946 966 969 960
4 405 292 417 424
4 1856 1866 2022 1864
4 1866 1860 1869 1864
4 969 966 956 965
4 1314 1204 1201 1315
4 847 694 699 845
4 2235 2245 2237 2241
4 1508 1495 4503 1500
4 384 385 378 372
4 2297 4393 2301 4506
4 3730 3738 3719 3734
4 1635 1257 1616 1267
4 1859 1959 1882 1861
4 3653 3931 3650 3935
4 1393 1013 1012 621
4 390 397 389 399
4 3139 3072 3083 3183
4 397 411 389 399
4 3932 3929 3940 3935
4 3269 3253 3252 3258
4 1470 1463 1513 1451
4 4498 1505 4508 1501
4 1 13 1038 2
4 2788 4246 4236 4240
4 4103 4135 4131 4132
4 822 823 836 825
4 279 2028 1376 592
4 2466 3116 2643 3057
4 1843 1337 1340 1334
4 1469 1468 1470 1593
4 2073 2078 2087 2068
4 1663 1496 4013 1500
4 2129 2126 2171 2066
4 3410 3409 3408 3382
4 4304 4305 4321 4300
4 874 931 919 871
4 3605 3600 3572 3634
4 588 279 1376 592
4 4492 1508 4503 1500
4 1967 1974 1977 1985
4 529 535 522 526
4 4253 4258 4263 4266
4 4286 4288 4228 4292
4 163 242 210 173
4 2081 404 2086 412
4 100 97 105 85
4 981 889 1418 886
4 3982 4076 4089 3953
4 685 698 690 699
4 726 723 767 776
4 1737 1745 1719 1743
4 1316 1315 1314 1321
4 2140 2144 2142 2139
4 2008 2020 2012 2011
4 459 340 446 455
4 1612 1610 1708 1728
4 1050 1059 1048 1051
4 1472 1710 1624 1630
4 428 411 415 430
4 3702 3694 3686 3687
4 1412 1417 1413 1415
4 250 264 263 251
4 2635 2737 2647 2730
4 4621 4655 4649 4642
4 2606 2592 2620 2867
4 3699 3708 3712 3701
4 135 134 129 128
4 916 922 923 913
4 1448 1441 1367 1440
4 3381 3352 3344 3353
4 3390 3501 3387 3460
4 1280 1166 1263 1259
4 437 451 434 432
4 3227 3241 3233 3237
4 3995 3985 3989 3988
4 4210 4125 4126 4132
4 3859 3857 3849 3863
4 4093 4098 4091 4097
4 269 2182 2178 2177
4 3577 3568 3567 3579
4 2545 2536 2472 2476
4 166 208 232 49
4 596 588 957 592
4 4308 4321 4315 4300
4 582 3919 820 310
4 3259 2461 2411 2462
4 3117 3071 3123 3099
4 4392 4387 4399 4394
4 2498 2488 2487 2731
4 970 961 965 967
4 3508 3559 3552 3550
4 1552 1545 1555 1532
4 4619 4254 4640 4647
4 1465 1521 1475 1517
4 1083 1074 1079 1088
4 2231 2236 2232 2241
4 4566 4569 4495 4568
4 2204 2212 2209 2115
4 2112 2116 2117 2115
4 1649 1663 1664 1668
4 1592 1591 1473 1705
4 3650 3931 3929 3935
4 587 595 805 586
4 546 462 370 359
4 2782 4226 2753 4240
4 1360 1369 1358 1366
4 435 445 448 443
4 2277 2282 2247 2279
4 1009 896 889 886
4 486 582 312 347
4 4294 4228 4292 4263
4 4408 4407 4411 4409
4 2185 2197 2196 2199
4 1087 1090 1091 1083
4 1052 1056 1058 1062
4 2525 3098 2640 3096
4 556 557 561 554
4 4014 4001 4005 4003
4 4202 4162 4158 4203
4 3753 3751 3748 3747
4 1442 1422 1434 1438
4 3893 3890 3908 3883
4 4407 4405 4409 4408
4 3319 3323 3320 3322
4 1661 4005 1654 1655
4 222 486 183 360
4 2371 2594 2616 2613
4 1122 1057 1048 1058
4 369 340 417 408
4 2312 2308 2310 2319
4 2658 2664 2621 2651
4 3763 3768 3760 737
4 2770 4237 2762 4240
4 2175 2180 2171 2170
4 1114 1109 1027 1113
4 3722 3715 3713 3718
4 3939 3940 3933 3935
4 4438 2440 4437 4433
4 1832 1558 1828 1878
4 2702 2714 2709 2715
4 3059 3056 3062 3060
4 513 518 515 520
4 2536 2485 2476 2496
4 741 738 742 734
4 1769 1779 1767 1770
4 1815 1576 1584 1822
4 958 970 962 959
4 3545 3544 3548 3536
4 2189 2255 2256 2247
4 43 16 31 39
4 1269 1294 1285 1276
4 667 648 659 670
4 1860 1866 1856 1864
4 4421 4370 4418 4428
4 2321 1496 1485 1569
4 4021 4017 4026 4024
4 1942 2015 1947 1941
4 1860 1857 1863 1864
4 824 821 830 804
4 147 2043 235 2038
4 3760 3768 3758 737
4 3409 3402 3408 3382
4 4310 4309 4315 4300
4 3364 3410 3369 3382
4 176 186 189 74
4 2414 2460 2468 2464
4 3653 3650 3929 3935
4 607 991 993 1002
4 4318 4319 4317 4320
4 1164 1139 1894 1149
4 399 407 391 390
4 992 993 1000 1002
4 945 952 951 955
4 1666 1551 1746 1675
4 3777 3689 3697 3687
4 4523 4521 4551 4522
4 1430 1405 1432 1429
4 2897 2756 2760 2800
4 810 792 805 808
4 2019 2029 2012 2034
4 1386 1664 1561 1565
4 1412 981 1418 886
4 1457 1459 1470 1453
4 4175 4174 4170 4177
4 2891 2875 2743 2872
4 506 493 319 492
4 2434 2439 2427 2431
4 2559 2553 2551 2557
4 3063 3066 3062 3060
4 3144 3045 2947 3146
4 1082 958 968 962
4 2921 2905 2894 2791
4 1146 1142 873 869
4 77 60 75 70
4 1229 4047 1248 1230
4 1496 1663 1502 1523
4 3108 3113 3123 3106
4 1588 1577 1582 1575
4 3832 3830 3854 3831
4 2390 2354 2343 2753
4 964 989 967 1001
4 3672 3671 3673 3675
4 991 607 993 606
4 1496 1591 1488 1569
4 1488 1591 1493 1569
4 3249 3241 3217 3237
4 993 664 642 611
4 664 642 611 644
4 1674 1213 1635 1267
4 1512 1511 1517 1515
4 1495 4492 4503 1500
4 3818 3808 4088 3805
4 4034 4017 4046 4027
4 2194 2186 2197 2200
4 773 775 770 767
4 336 280 329 4122
4 1204 1734 1206 1722
4 2219 2107 2226 2097
4 1054 1085 1053 1056
4 792 830 741 816
4 2256 2280 2277 2247
4 10 652 947 1
4 1441 1440 1435 1447
4 113 110 117 119
4 2350 2351 2360 2344
4 1676 1673 1609 1616
4 2113 2134 2127 2133
4 1491 1483 1492 1487
4 2216 2184 2226 413
4 1550 1549 1542 1546
4 627 631 608 632
4 3398 3392 3384 3386
4 2627 2664 2651 2629
4 4209 4201 4206 4203
4 3939 3931 3932 3935
4 3869 3873 3870 3867
4 1261 1263 1198 1259
4 3715 3720 3713 3719
4 4536 4547 4545 4546
4 2828 2827 2829 2823
4 1116 1099 1118 1121
4 1085 1078 1053 1080
4 1211 1223 1213 1202
4 2471 2876 2580 2473
4 1900 1888 1894 1981
4 3927 3926 3928 3936
4 2285 4373 2279 4382
4 1094 1099 1092 1103
4 4257 4277 4256 4647
4 2538 2536 2545 2534
4 2167 2162 2165 2158
4 221 204 265 230
4 1018 1003 1015 1005
4 4051 4047 4055 4053
4 2832 2828 2827 2829
4 1774 1766 1769 1767
4 2185 2194 2197 2199
4 784 726 767 751
4 1182 1446 1193 1192
4 2847 2802 2809 2777
4 2275 2278 2281 2288
4 3604 3605 3603 3607
4 404 411 409 412
4 1372 1370 1367 1362
4 1440 1436 1403 1447
4 846 794 799 825
4 4640 4254 4256 4647
4 4330 4358 4368 4367
4 2770 2749 2773 2758
4 334 336 328 329
4 150 246 163 173
4 3075 3139 3083 3183
4 2138 1928 1933 1931
4 3455 3441 3436 3437
4 3114 3184 3112 3109
4 1022 1067 1031 1023
4 3328 3218 3307 3244
4 4516 4498 4511 4508
4 3056 3064 3062 3060
4 4005 1649 1654 1655
4 737 741 808 734
4 3961 3911 3924 3915
4 4528 4476 4545 4522
4 1814 1836 1820 1813
4 331 339 338 329
4 3150 3040 3134 3202
4 1032 1117 1026 1030
4 4160 4153 4158 4151
4 2706 2747 2711 2745
4 566 559 561 554
4 4030 4026 4021 4075
4 411 410 389 399
4 1740 1739 1743 1735
4 2829 2846 2840 2844
4 248 236 237 241
4 16 593 588 583
4 305 4095 291 287
4 4583 4582 4359 4594
4 1903 1931 1948 1776
4 4511 4510 4507 4508
4 2592 2488 2649 2487
4 874 919 933 937
4 2028 2036 1572 1855
4 2277 2282 2283 2247
4 4095 285 291 287
4 856 854 844 859
4 2681 2691 2685 2694
4 4466 4475 4463 4535
4 3296 3305 3343 3342
4 1536 1826 1575 1531
4 630 602 610 605
4 264 1159 251 250
4 1285 1287 1284 1288
4 1777 1783 1773 1772
4 3598 3719 3586 3609
4 2131 2126 2129 2097
4 305 302 300 403
4 2745 2771 2767 2773
4 4020 1215 4026 1643
4 3408 3402 3393 3382
4 373 377 378 376
4 1776 1779 2157 1770
4 3815 3905 3940 3896
4 1533 1530 1851 1534
4 625 606 1010 600
4 3437 3434 3443 3436
4 601 589 599 608
4 4096 2769 2723 2763
4 1025 1031 1022 1028
4 4502 1510 1498 4494
4 3246 3242 3241 3237
4 1001 1009 1005 1007
4 772 773 767 776
4 4569 4566 4551 4567
4 4226 4223 2356 4234
4 1384 1380 1379 1377
4 640 629 639 637
4 230 204 265 209
4 718 720 729 726
4 1115 1117 1119 1109
4 1109 1024 1027 1113
4 1552 1542 1546 1550
4 4159 4162 4202 4203
4 687 694 92 699
4 3633 3628 3627 3634
4 2184 2172 2216 2169
4 1081 1024 1019 1022
4 365 371 356 364
4 1373 1384 1387 1415
4 1244 1239 1246 1251
4 184 174 268 185
4 666 658 648 670
4 4490 4501 4494 4496
4 1421 1404 1439 1193
4 1028 1067 1022 1065
4 1582 1578 1588 1575
4 3373 3375 3376 3368
4 2236 2242 2232 2241
4 2448 4434 2680 2451
4 3323 3331 3346 3310
4 1031 1025 1021 1029
4 1426 1422 1421 1438
4 3102 3097 3095 3091
4 1261 1605 1607 1618
4 4226 2782 4236 4240
4 1783 1784 1782 1780
4 3227 3223 3233 3229
4 1734 1724 1722 1315
4 664 644 668 667
4 4242 4246 4236 4244
4 1076 1069 1075 1070
4 407 406 409 412
4 3530 4150 352 343
4 1918 1944 1921 1957
4 410 386 399 412
4 4284 4283 4292 4281
4 1182 1446 1190 1193
4 3393 3372 3321 3382
4 3518 3511 3517 3526
4 3826 3832 3854 3831
4 1543 1557 1554 1547
4 102 85 105 84
4 3750 744 3737 3747
4 1027 1020 1047 1023
4 2792 2790 2784 2798
4 49 231 227 53
4 1031 1034 1075 1068
4 2300 2295 4393 2301
4 4619 4640 4615 4647
4 1190 1446 1445 1193
4 49 217 268 179
4 2311 2248 2315 2259
4 3909 3907 3908 3899
4 1388 582 1386 594
4 2168 2183 2164 2165
4 1580 1576 1581 1586
4 4660 4650 4653 4335
4 2308 1803 2305 2319
4 707 708 713 659
4 31 37 0 8
4 1135 1123 1130 1125
4 154 129 143 149
4 4648 4646 4644 4653
4 148 2065 2062 2053
4 2322 2313 2316 2328
4 498 494 506 504
4 2607 2605 2614 2615
4 2368 2828 2810 2819
4 3098 3096 3126 2643
4 2071 2079 2074 2073
4 4558 4483 4550 4490
4 1890 1907 1901 1886
4 4081 4082 4080 4061
4 1552 1527 1532 1535
4 4085 4023 4084 4062
4 3558 4363 3557 3553
4 1437 1448 1439 1447
4 553 579 577 558
4 692 697 852 839
4 4010 4012 4011 3972
4 3646 3645 3641 3649
4 4167 4194 4205 4178
4 557 184 555 563
4 4008 4013 1504 1500
4 2497 2875 2491 2732
4 1846 1853 1845 1884
4 1044 1041 1047 1046
4 3688 3684 3692 3686
4 9 14 4 11
4 3640 3837 3847 3929
4 1742 1694 1703 1744
4 3114 3104 3113 3106
4 1086 1074 1064 1075
4 4603 4614 4606 4597
4 4016 4014 4001 4005
4 3565 3574 3595 3573
4 3199 3180 3198 3182
4 3820 3829 3794 3831
4 4208 4209 4219 4151
4 4404 4403 4405 2675
4 1743 1748 1727 1744
4 328 330 334 329
4 4624 4526 4537 4622
4 222 360 2177 2179
4 1997 2005 1994 2002
4 1431 1186 1195 1193
4 1520 1512 1503 1515
4 3961 3944 3957 3955
4 680 661 676 673
4 3942 3944 3943 3955
4 1952 1949 1963 1957
4 168 163 172 173
4 1764 1775 1778 1767
4 208 216 205 206
4 20 691 699 583
4 3259 2461 2462 3233
4 3863 3834 3810 3861
4 1649 4013 4005 1654
4 2270 2203 2206 2197
4 1049 1085 1055 1091
4 1307 1302 1314 1299
4 37 28 0 8
4 2275 4388 2288 4389
4 3416 3420 3429 3426
4 1314 1299 1321 1201
4 4330 4325 4329 4327
4 4045 4020 1638 3918
4 4026 4017 4027 4024
4 2634 2637 2633 2624
4 1034 1043 1045 1038
4 3611 4141 4147 4138
4 3917 3916 3921 3920
4 385 384 378 376
4 2279 2281 4397 4389
4 2604 2599 2566 2600
4 1047 1057 1153 1155
4 2716 2747 2701 2672
4 3925 3913 3927 3928
4 1654 1648 1659 1655
4 4175 4170 4176 4166
4 4540 4613 4537 4519
4 4171 4177 4172 4166
4 1723 1733 1734 1728
4 2251 2243 2257 2238
4 3430 3443 3445 3436
4 4041 4086 4023 4017
4 1771 1775 1793 1780
4 746 753 759 761
4 3185 3174 3176 3183
4 3962 3548 3509 3966
4 608 631 589 632
4 3064 3065 3062 3068
4 2524 3093 2529 2522
4 513 518 195 517
4 284 293 281 292
4 1421 1446 1439 1447
4 1779 1778 1767 1770
4 771 759 753 761
4 1881 1874 1839 1831
4 582 486 360 347
4 2078 2088 2089 2055
4 2282 2277 2280 2279
4 286 284 281 292
4 4168 4176 4171 4166
4 4643 4648 4644 4653
4 1191 1183 1182 1192
4 4088 3951 3805 3946
4 3968 3916 3905 3921
4 1170 1182 1185 1191
4 4384 4403 4405 4397
4 10 3 7 13
4 1823 1821 1834 1819
4 90 96 92 119
4 148 156 2040 142
4 1447 1443 1441 1436
4 922 1001 998 937
4 3158 3155 3173 3154
4 92 96 87 119
4 4164 4165 4176 4166
4 1244 1246 1252 1251
4 4642 4649 4666 4653
4 2452 2415 2442 2464
4 2418 3251 2417 2468
4 1031 1068 1075 1073
4 486 506 319 492
4 2628 2633 2621 2629
4 4646 4648 4650 4653
4 3981 4037 3984 4003
4 2603 2596 2593 2591
4 735 737 808 734
4 3363 3375 3354 3368
4 54 44 53 55
4 2724 2701 2708 2672
4 2315 2248 2309 2247
4 2254 2222 2218 2224
4 2620 2606 2605 2615
4 1363 1404 1307 1364
4 968 966 969 971
4 1605 1610 1612 1728
4 1350 1358 1369 1366
4 4445 2746 4601 4548
4 701 704 705 714
4 1100 1101 927 1048
4 1805 1777 1783 1809
4 1095 1106 1097 1103
4 2251 4412 2718 2257
4 946 951 969 966
4 4343 4308 4309 4300
4 946 955 956 943
4 166 232 50 49
4 991 606 993 1000
4 1488 1490 1493 1584
4 994 995 1010 1000
4 384 385 374 376
4 4103 354 343 346
4 2746 4601 4600 2754
4 2410 2396 2412 2422
4 117 126 113 119
4 1990 2000 1976 1979
4 548 539 444 546
4 2056 2088 2078 2055
4 2206 1807 2262 2199
4 340 405 350 333
4 1412 1405 974 1415
4 2784 2792 2804 2777
4 4643 4644 4654 4653
4 2363 2377 2368 2366
4 2009 2010 2012 2014
4 1251 1246 1284 1253
4 1670 1668 1672 1638
4 2721 4091 2714 2712
4 758 767 761 751
4 4478 4551 4495 4522
4 3264 3277 3258 3243
4 1853 1844 1845 1873
4 1019 1077 1035 1023
4 4456 4461 4457 4543
4 3752 3651 3937 3741
4 2040 2046 2044 2038
4 874 1061 1042 963
4 1566 1585 1570 1569
4 3938 3941 3908 3928
4 1776 1948 1778 1962
4 3119 3120 3235 3122
4 409 416 420 370
4 477 121 802 795
4 1148 1131 1149 1132
4 796 125 123 119
4 4462 4415 4416 4460
4 3967 3962 3956 3965
4 4226 4261 4242 4236
4 1674 1664 1668 1671
4 1718 1719 1712 1714
4 1792 2205 1789 1755
4 2606 2830 2605 2614
4 2670 2668 2666 2665
4 1661 1502 1647 1515
4 1041 1036 1047 1046
4 2345 2342 2372 2335
4 10 652 0 947
4 404 405 410 403
4 4351 4329 4354 4353
4 20 17 23 84
4 485 488 124 476
4 1378 638 621 1383
4 3773 3694 3776 3687
4 2849 2861 2854 2852
4 1478 1474 1480 1466
4 2411 2369 2512 2367
4 667 665 669 660
4 90 796 123 119
4 915 897 901 911
4 921 917 911 919
4 4384 2281 2288 4389
4 2670 4412 4409 2665
4 3688 3778 3776 3687
4 292 405 417 333
4 164 171 173 179
4 1925 1933 1928 1931
4 1184 1188 1174 1185
4 4412 4405 2253 4401
4 3097 3099 3086 3091
4 2922 2913 2921 2916
4 2425 2438 2415 2439
4 3571 3578 3579 3573
4 2166 2161 2156 2159
4 838 850 844 849
4 3094 3092 3088 3077
4 3292 3328 3282 3266
4 4405 4403 4410 4369
4 772 770 764 767
4 1402 620 614 626
4 436 541 548 546
4 651 647 650 656
4 306 2230 309 298
4 2841 2847 2846 2791
4 3985 4569 3989 3996
4 38 34 35 30
4 1440 1448 1435 1447
4 4340 4355 4339 3554
4 3053 3047 3051 3035
4 2434 2426 2439 2431
4 1380 1375 1379 1377
4 4404 2684 4419 4425
4 97 96 100 119
4 1636 1641 4027 1643
4 3607 3596 3597 3604
4 1811 1825 1819 1822
4 3919 1670 1672 3918
4 1342 1340 1334 1336
4 830 777 828 751
4 712 702 705 703
4 1944 1938 1940 1937
4 3302 3408 3306 3304
4 969 963 1086 962
4 1821 1815 1584 1822
4 767 758 787 751
4 2621 2673 2651 2672
4 3297 3307 3323 3310
4 4032 1652 4003 4045
4 2254 2255 2248 2252
4 1383 1374 1382 1380
4 3746 3788 3747 3748
4 2716 4412 2725 2660
4 2746 2343 2354 2753
4 629 619 615 638
4 2056 2063 2053 2055
4 418 283 284 292
4 3645 3648 3641 3649
4 4159 4201 4160 4203
4 3548 3966 3969 3536
4 1038 267 957 0
4 401 395 383 412
4 1971 2002 1968 1976
4 1181 1191 1185 1192
4 3767 3769 3772 3760
4 1667 1620 1647 1660
4 4517 4487 4484 4478
4 2525 2640 2516 3096
4 4507 4516 4508 4513
4 2534 2538 2648 2531
4 2184 2216 2131 2169
4 2592 2601 2595 2602
4 2419 2412 2413 2422
4 401 383 371 412
4 2900 2907 2894 2908
4 2043 152 2038 147
4 1250 1247 1248 1253
4 1481 2330 2320 1482
4 2727 2717 2718 2715
4 486 319 360 347
4 1061 1077 1042 1086
4 2591 2597 2598 2593
4 2603 2594 2595 2591
4 3871 3866 3875 3865
4 846 849 850 840
4 1576 2327 1584 1822
4 3268 3328 3266 3244
4 2162 2163 2157 2158
4 3417 3421 3416 3425
4 38 69 46 43
4 3986 3949 3943 3947
4 1220 628 812 1221
4 379 375 378 372
4 2668 2671 2666 2665
4 436 433 445 431
4 67 102 104 84
4 4007 4013 4001 4005
4 3085 3094 3095 3091
4 1978 2003 1351 1971
4 1726 1721 1727 1722
4 2775 4259 4261 4234
4 894 918 923 925
4 2018 2013 2011 1988
4 1270 1287 1297 1276
4 3696 3693 3685 3698
4 2711 2763 2773 2758
4 3989 4550 4493 3993
4 169 182 175 159
4 682 685 698 690
4 792 735 808 734
4 4162 4159 4158 4203
4 4219 4209 4206 4151
4 4297 4295 4307 4304
4 896 895 937 923
4 4466 4403 4395 4465
4 233 6 229 220
4 1442 1196 1438 1192
4 2921 2898 2894 2908
4 4497 4006 4494 4004
4 901 876 871 880
4 1372 1353 1366 1362
4 3922 3956 3515 3517
4 4662 4663 4368 4657
4 3107 3097 3102 3091
4 380 559 361 373
4 1403 1407 1356 1353
4 4388 4393 4389 4386
4 1337 1343 1340 1334
4 591 806 852 840
4 774 765 726 776
4 1513 1470 1451 1487
4 3095 3097 3085 3091
4 584 701 695 586
4 1383 1373 1387 1415
4 2846 2842 2838 2844
4 1243 1241 1242 1248
4 4168 4298 4194 4205
4 158 138 170 160
4 407 399 391 412
4 320 3598 3627 315
4 401 387 395 412
4 759 738 734 742
4 908 1123 1129 904
4 2072 2135 2129 2125
4 3054 3130 3142 3134
4 3907 3938 3899 3896
4 4289 4281 4285 4278
4 2738 2497 2731 2732
4 820 595 812 594
4 2213 2210 2202 2204
4 752 758 761 751
4 2714 2709 2697 2696
4 3044 3054 3040 3041
4 2495 2480 2488 2869
4 1411 1407 1417 1418
4 959 938 929 962
4 2683 2680 4438 2684
4 3585 3529 3530 352
4 3645 3728 3740 3649
4 1932 1922 1944 1925
4 1903 1931 1916 1948
4 1473 1663 1666 1675
4 416 368 370 364
4 2264 2271 2304 2268
4 640 633 635 632
4 2845 2861 2886 2840
4 1285 1269 1276 1286
4 235 147 2038 149
4 1927 1948 1921 1932
4 2284 2306 2281 2288
4 3274 3278 3271 3275
4 1034 954 953 969
4 1502 1504 1503 1515
4 4013 4001 4005 1654
4 1383 1387 1381 1415
4 1404 1384 1429 1415
4 3099 3107 3100 3091
4 365 356 368 364
4 160 165 162 169
4 4029 4022 4025 4026
4 409 416 370 364
4 3308 3408 3320 3323
4 4541 4537 4545 4546
4 1030 1109 1027 1108
4 842 846 849 851
4 3752 3937 3927 3930
4 4020 1641 1638 1643
4 1324 1721 1722 1329
4 3261 2466 3122 2504
4 2210 2214 2194 2200
4 1841 1847 1844 1843
4 1364 1370 1366 1362
4 1706 1705 1735 1675
4 3958 3952 3945 3944
4 4583 4588 4594 3553
4 697 692 695 839
4 150 163 162 173
4 2270 2172 1777 2206
4 409 411 420 412
4 2706 2701 2633 2708
4 2717 301 304 303
4 3162 3097 3164 3089
4 2218 2235 2252 2224
4 614 633 625 621
4 2251 2233 2238 2237
4 4208 4211 4217 4219
4 2812 2813 2809 2816
4 1410 1404 1417 1415
4 4200 4180 4186 4184
4 474 473 468 432
4 3198 3147 3176 3202
4 4019 1636 4027 1643
4 1182 1183 1442 1192
4 2016 2020 2013 2011
4 3088 3079 3121 3077
4 4407 2668 4409 2665
4 2886 2874 2854 2852
4 4489 4480 4478 4477
4 892 1409 890 1418
4 1213 1382 1671 1221
4 1416 1407 1411 1418
4 1860 1856 1857 1864
4 4403 4404 4405 4410
4 553 559 561 558
4 4422 2688 2695 2686
4 10 13 2 0
4 579 565 561 558
4 3361 3431 3455 3452
4 4522 4527 4546 4528
4 932 941 936 933
4 477 486 485 476
4 2331 2329 2332 2325
4 1948 1959 1955 1953
4 2329 2324 2327 1822
4 2008 2018 2013 2011
4 2172 2203 2121 1777
4 2633 2623 2625 2629
4 2830 2366 2833 2823
4 3072 3066 3070 3071
4 802 846 792 805
4 2788 2785 2774 4240
4 4636 4626 4638 4628
4 2092 2081 2090 2106
4 1380 1211 1213 1379
4 22 24 15 17
4 2442 2462 2468 2464
4 1674 1615 1608 1609
4 3088 3124 3126 3091
4 480 118 114 121
4 3893 3892 3890 3884
4 1039 1042 1038 1035
4 4593 4565 4581 4576
4 2056 2061 2057 2053
4 829 749 757 828
4 2649 2639 2647 2642
4 1871 1851 1853 1873
4 128 570 201 197
4 4283 4288 4292 4290
4 1093 1122 1048 1058
4 3537 3535 3538 3539
4 375 384 378 372
4 2003 1998 1335 2002
4 4555 4523 4563 4551
4 3110 2500 2513 2504
4 337 4103 2725 346
4 347 582 1386 1565
4 366 566 361 364
4 789 827 781 828
4 1379 1167 1172 1377
4 151 145 154 170
4 1842 1343 1843 1337
4 1501 1508 1495 4503
4 3979 4082 4041 4089
4 3341 3369 3380 3353
4 2254 2252 2198 2224
4 3951 3818 4088 3805
4 566 564 361 364
4 1528 1551 1675 1555
4 960 946 1076 969
4 444 542 431 546
4 462 431 546 370
4 4540 4612 4665 4659
4 404 358 2184 363
4 2079 2074 2073 2078
4 3618 3616 3611 3624
4 3551 3558 3557 3554
4 4669 4660 4664 4667
4 638 626 636 619
4 3598 3719 3581 3586
4 2620 2606 2830 2605
4 2144 2145 2142 2147
4 3383 3375 3379 3368
4 1777 2121 1779 1752
4 3116 2466 2643 2504
4 2659 2627 2651 2625
4 100 102 105 98
4 1974 1977 1983 1979
4 4528 4529 4522 4527
4 996 997 961 995
4 1661 1654 1658 1655
4 271 278 274 272
4 3329 3220 3332 3218
4 353 340 319 341
4 2787 2806 2786 2778
4 2135 2112 2133 2128
4 4334 4330 4664 4335
4 875 870 1140 1144
4 4022 4029 4021 4026
4 4598 4605 4601 4600
4 2056 2063 2060 2065
4 2741 2737 2740 2736
4 4473 4471 4486 4472
4 1274 1255 1290 1286
4 434 451 459 432
4 4302 4315 4300 4310
4 3944 4089 3946 3953
4 4475 4454 4463 4534
4 532 467 475 523
4 121 477 485 476
4 1624 1615 1620 1621
4 2366 2369 2390 2373
4 3076 3078 3084 3077
4 2564 2566 2562 2561
4 4299 4296 4314 4315
4 682 647 658 89
4 4412 2716 2724 2667
4 3850 3863 3810 3861
4 11 949 957 947
4 1624 1626 1620 1619
4 4103 4108 4109 4117
4 50 52 49 55
4 4261 4228 4236 4234
4 2368 2366 2819 2381
4 4039 4037 4045 4003
4 2739 2635 2647 2730
4 1341 1339 1330 1338
4 347 349 345 341
4 155 384 372 137
4 3936 3926 3933 3935
4 615 1385 1393 1402
4 1630 1710 1624 1621
4 2167 2181 2165 2171
4 712 679 705 684
4 1202 1211 1375 1379
4 3370 3356 3368 3357
4 1122 1093 1095 1058
4 562 524 551 359
4 1975 1967 1970 872
4 1004 604 585 635
4 879 868 882 872
4 3941 3866 3875 3868
4 3672 3702 3678 3673
4 1975 1348 868 872
4 1107 1054 1114 1058
4 1537 1814 1531 1813
4 1103 1110 1114 1058
4 1429 1419 1431 1424
4 869 870 877 1144
4 2633 2747 2678 2672
4 305 302 403 346
4 1385 1401 1390 1373
4 1161 1157 1155 1156
4 1114 1053 1055 1058
4 2049 152 142 2038
4 2996 2997 3002 3000
4 2342 2370 2372 2337
4 3368 3356 3364 3354
4 1470 1496 1488 1485
4 1202 1173 1207 1379
4 2311 355 349 1561
4 3919 1670 349 1561
4 1167 1202 1375 1379
4 662 658 676 661
4 1647 1656 1660 1655
4 207 212 218 210
4 1585 1591 1570 1569
4 4013 1663 1649 1502
4 2677 4422 4428 2686
4 2488 2592 2649 2731
4 2764 2755 2699 2745
4 1864 1868 1861 1884
4 1291 1293 1295 1288
4 1753 1762 1755 1756
4 2958 2991 2984 2957
4 1037 279 1160 1141
4 3889 3894 3881 3885
4 894 887 896 889
4 2075 2071 2079 2074
4 2763 2770 2773 2758
4 696 686 586 590
4 1074 1069 1066 1075
4 3259 2462 3251 3233
4 4061 4068 4062 4077
4 411 409 420 408
4 2147 2149 2142 1905
4 2180 2132 2183 2171
4 1093 1103 1095 1058
4 2070 2132 2180 2171
4 189 486 183 61
4 2432 2339 2344 2436
4 204 219 258 214
4 4112 4113 4117 4115
4 4536 4547 4538 4545
4 2470 2581 2589 2576
4 1037 1045 272 1038
4 608 597 605 599
4 4482 4480 4478 4472
4 4545 4476 4478 4522
4 1777 2153 1776 1779
4 3756 3765 3771 3768
4 3908 3900 3899 3915
4 1164 1160 1156 1158
4 2831 2830 2854 2823
4 950 952 942 944
4 2283 2276 2315 2281
4 382 381 376 2095
4 2401 2372 2367 2375
4 2652 2651 2665 2667
4 2197 2186 2198 2209
4 2270 2262 2196 2199
4 2216 2198 2220 2209
4 1854 1841 1848 1677
4 3727 3737 3736 3734
4 256 204 258 214
4 2827 2832 2829 2844
4 4333 4646 4328 4335
4 526 524 523 534
4 2081 404 357 2086
4 1076 1072 969 1075
4 1053 1113 1024 1054
4 4613 4541 4537 4534
4 2510 2513 2508 2509
4 4336 4268 4337 4247
4 3549 3547 3560 3534
4 1207 1185 1193 1172
4 3557 3555 3551 3554
4 809 814 820 819
4 2595 2397 2600 2401
4 1473 1523 1475 1619
4 4181 4182 4180 4184
4 963 1006 953 1141
4 1437 1446 1435 1447
4 369 340 408 360
4 4594 3985 3553 3534
4 1925 1928 1924 1927
4 2073 2067 2129 2097
4 1856 1857 1868 2014
4 1332 1339 1702 1330
4 2673 2669 2665 2667
4 2506 2601 2571 2561
4 2108 2242 2232 2239
4 3818 3817 3808 3805
4 861 856 863 831
4 524 515 516 533
4 1959 1948 1943 1953
4 4233 4228 4227 4236
4 4259 2775 4223 4234
4 3616 3618 3612 3622
4 1337 1343 1843 1340
4 3655 3668 3656 3706
4 4378 4380 4379 4374
4 1190 1445 1439 1193
4 4539 4480 4464 4472
4 4085 4017 4062 4075
4 1659 1648 1660 1655
4 3327 3326 3208 3332
4 3817 3807 3805 3810
4 3224 3223 3229 3230
4 3807 3815 3805 3810
4 3794 3803 3831 3810
4 1207 1379 1172 1377
4 279 1164 1160 1141
4 1965 875 870 1140
4 4209 4211 4219 4222
4 2327 1821 1584 1822
4 598 604 605 599
4 1442 1183 1196 1192
4 4079 4080 3901 3898
4 2889 2879 2881 2907
4 1385 1393 1387 1378
4 2347 2434 2427 2431
4 631 627 633 632
4 4608 4596 4607 4600
4 2336 2341 2337 2344
4 1323 1200 1320 1204
4 340 446 319 360
4 1307 1197 1298 1299
4 1508 4494 4008 4503
4 1502 1661 1647 1655
4 368 560 359 564
4 513 78 83 79
4 459 340 455 443
4 387 388 386 391
4 1015 1017 1014 1011
4 2951 2949 2945 2946
4 143 155 142 153
4 4259 2775 4261 2356
4 1501 4508 4504 4503
4 3753 3757 3765 3768
4 2824 2827 2821 2823
4 1680 1684 1683 1686
4 2904 2879 2893 2883
4 3088 3121 3124 3077
4 2417 2423 3254 3245
4 4081 4083 4072 4061
4 3598 3585 3588 3581
4 2912 2837 2918 2909
4 2680 2692 3232 2690
4 2327 1566 1821 1560
4 821 850 799 825
4 3757 3772 3766 3768
4 1697 1702 1339 1330
4 2820 2831 2854 2823
4 1151 1157 1163 1158
4 416 421 420 370
4 1146 1142 869 1136
4 1303 1344 1331 1342
4 3136 3131 3134 3142
4 1313 1693 1299 1310
4 1133 1146 1129 1127
4 2828 2368 2826 2823
4 980 1430 1373 974
4 1934 2017 2021 2014
4 4282 4291 4285 4320
4 4613 4537 4625 4534
4 836 832 867 831
4 4171 4170 4177 4166
4 2863 2877 2872 2865
4 3010 2985 2983 2963
4 3146 3045 3040 3150
4 1006 1004 596 592
4 292 339 287 333
4 892 888 1348 1354
4 868 873 882 880
4 1052 1059 1060 1048
4 2047 2049 2044 2038
4 3407 3400 3419 3417
4 2104 2102 2107 2105
4 865 681 866 864
4 4451 4548 4625 4534
4 2896 2900 2902 2908
4 1473 1523 1620 1647
4 970 968 962 965
4 2856 2850 2605 2854
4 1502 1649 1504 1655
4 2984 2958 2957 2963
4 2460 2459 2468 2464
4 961 996 995 965
4 2563 2511 2567 2506
4 1783 1784 1780 1772
4 176 202 198 197
4 4539 4463 4545 4472
4 2254 2218 2252 2224
4 175 174 185 179
4 4440 4420 4430 4427
4 3681 3664 3684 3659
4 3751 3872 3755 3742
4 2074 2099 2107 2087
4 1282 1294 1285 1286
4 4233 4246 4236 2788
4 3911 3919 349 342
4 369 409 370 364
4 3052 3190 3040 3047
4 2931 2973 2930 2924
4 1068 1073 1066 1075
4 482 475 485 476
4 3857 3833 3822 3821
4 1356 1348 1346 1354
4 788 726 723 767
4 1025 1023 1026 1019
4 1831 1539 1537 1533
4 3602 3608 3603 3607
4 2135 2132 2129 2136
4 4242 4246 4245 4240
4 1365 1300 1363 1311
4 1090 1087 1091 1084
4 1931 2153 1776 1905
4 4228 4231 4233 4224
4 985 988 1001 1011
4 2219 2227 2226 2101
4 4042 4044 4039 4003
4 983 1414 974 981
4 2185 2192 2196 2193
4 1825 1815 1812 1822
4 3910 3919 3886 3924
4 518 509 195 517
4 207 215 218 209
4 3341 3320 3344 3380
4 653 19 645 27
4 1991 1899 2013 1888
4 4091 2713 4094 4095
4 1153 1037 1160 1141
4 199 573 571 574
4 4030 4023 4026 4075
4 1026 1032 1030 1027
4 883 892 889 1418
4 2350 2427 2351 2344
4 3677 3674 3683 3684
4 1474 1470 1476 1478
4 4094 4093 4095 4097
4 906 910 898 904
4 250 263 261 251
4 3332 3338 3220 3329
4 4314 4324 4318 4315
4 1556 1548 1546 1549
4 593 582 595 581
4 1511 1521 1523 1619
4 1057 1027 1114 1155
4 1895 1899 1991 1888
4 2973 2971 2967 2979
4 2948 2952 2946 2949
4 3855 3852 3905 3861
4 3831 3823 3822 3810
4 824 830 828 755
4 170 175 162 197
4 2194 2193 2197 2186
4 1475 1472 1624 1622
4 3954 3959 3850 3905
4 3587 3588 3580 3581
4 2746 4336 4548 4247
4 40 41 31 227
4 916 941 928 933
4 4094 290 4102 4095
4 1416 1348 1356 1354
4 2227 2218 2224 2225
4 4540 4521 4519 4531
4 424 405 411 420
4 2142 2149 253 1905
4 2143 2151 2045 2142
4 1013 981 978 1012
4 1043 13 267 1038
4 4445 2675 4432 2684
4 2787 2790 2782 2784
4 4571 3985 4569 4568
4 2699 2755 2706 2711
4 1014 979 1013 1011
4 3527 3530 3522 3524
4 2810 2809 2816 2819
4 1807 1799 1800 1804
4 4440 4430 4441 4427
4 3985 3538 3540 3539
4 2039 2041 2048 2044
4 3838 3847 3929 3653
4 2600 2601 2602 2591
4 4648 4655 4640 4642
4 4527 4522 4546 4533
4 3364 3369 3368 3382
4 2844 2835 2841 2848
4 1543 1577 1588 1575
4 1977 1972 1964 1976
4 1745 1740 1743 1744
4 888 883 877 872
4 1282 1294 1286 1260
4 2070 2079 2069 2077
4 757 825 828 755
4 2311 2248 2259 1567
4 4302 4169 4310 4177
4 2396 2410 2400 2422
4 3817 3809 3807 3810
4 1498 1520 1512 1503
4 2193 2255 2198 2195
4 4637 4630 4576 4636
4 3612 3611 4136 4147
4 4207 4107 4108 4180
4 588 18 231 31
4 3327 3309 3325 3331
4 1633 1635 1640 1634
4 2420 2421 2424 2414
4 2462 2411 2417 2414
4 4207 4219 4151 4218
4 3088 3092 3079 3077
4 2342 2346 2370 2337
4 1862 1864 1885 1863
4 3753 3746 3788 3747
4 1193 1207 1172 1377
4 2549 2555 2546 2557
4 3385 3501 3387 3390
4 4500 4485 4493 4495
4 4159 4202 4198 4203
4 867 863 859 831
4 4588 4594 3553 3534
4 3208 3326 3214 3332
4 3943 3978 3983 3953
4 3978 3982 3983 3953
4 1020 1041 1047 1023
4 4150 4139 4136 352
4 4467 4463 4543 4472
4 2676 2669 2675 2684
4 4518 4385 4473 4514
4 2152 1914 1905 2139
4 3703 3690 3692 3698
4 4233 4246 2788 4230
4 2514 2505 2535 2509
4 4541 4540 4548 4534
4 2214 2186 2197 2209
4 256 258 263 214
4 4474 4462 4460 4465
4 249 252 253 260
4 2052 2051 2044 2148
4 4597 4598 4601 4606
4 2711 2723 2771 2763
4 305 337 339 287
4 2540 2537 2545 2541
4 3820 3831 3822 3821
4 1525 1514 1516 1513
4 2973 2979 2974 2981
4 3265 3269 3252 3258
4 4421 4380 4378 4374
4 4328 4336 4275 4274
4 2474 2581 2470 2576
4 3598 3529 3963 3586
4 4478 4495 4531 4522
4 2717 2727 2718 304
4 1639 1640 1644 1634
4 2032 2001 2030 1994
4 4602 4614 4601 4623
4 3290 3305 3281 3291
4 4480 4539 4545 4472
4 4463 4456 4543 4472
4 1567 1563 1561 1573
4 3144 3196 3040 3150
4 2579 2578 2580 2576
4 604 1004 625 635
4 2343 4253 2347 4600
4 3958 3967 3968 3965
4 514 515 517 516
4 4100 4093 4094 4097
4 3006 3001 2999 2959
4 700 691 715 686
4 238 2042 2145 2142
4 2929 2976 2967 2930
4 2440 4438 2754 4433
4 1363 1298 1342 1311
4 2282 2283 2247 2279
4 326 336 331 338
4 2112 2135 2137 2128
4 3045 2947 3146 2946
4 837 860 843 859
4 752 747 757 755
4 2135 2127 2133 2112
4 2939 3148 2947 3146
4 502 475 498 467
4 644 667 648 668
4 1116 1117 1111 1108
4 575 572 578 576
4 1571 1834 1838 1560
4 4400 2311 4384 4401
4 4336 4242 4244 4247
4 90 92 694 845
4 1292 1290 1283 1288
4 862 865 853 866
4 775 770 767 761
4 2664 2661 2652 2651
4 1509 1507 1513 1497
4 1074 1067 1088 1064
4 2026 2024 1968 1979
4 2467 3241 2458 3251
4 3672 3702 3776 3718
4 2966 2964 2959 2962
4 1528 1836 1568 1838
4 4172 4303 4298 4300
4 1459 1455 1464 1453
4 264 261 259 250
4 1293 1232 1295 1288
4 2265 2267 2271 2268
4 1615 1473 1624 1620
4 2386 2388 2381 2384
4 2463 3240 3251 2468
4 333 339 403 346
4 28 12 10 0
4 481 103 124 476
4 2755 2747 2706 2745
4 2892 2855 2857 2873
4 1360 1347 1368 1366
4 2154 2138 2162 1928
4 2067 2071 2124 2097
4 2388 2390 2386 2381
4 3620 354 353 342
4 3000 3010 3001 2996
4 1781 1799 1789 1794
4 879 1992 1982 881
4 369 368 359 364
4 2165 2167 2171 2066
4 3270 3267 3221 3273
4 2027 2031 2037 2034
4 1270 1273 1287 1276
4 1129 1146 903 869
4 2991 2983 2984 3010
4 75 481 536 528
4 2388 2812 2390 2381
4 2208 2203 2204 2215
4 2523 2519 2522 2517
4 2989 2991 2984 3010
4 2877 2865 2869 2872
4 1187 1186 1424 1192
4 3916 3923 3917 3921
4 3969 3964 3957 3955
4 1374 1220 638 1221
4 4104 4129 4092 4133
4 297 397 296 300
4 2936 2930 2935 2923
4 857 854 856 866
4 2388 2387 2384 2360
4 1948 1959 1957 1955
4 4422 2695 4419 2686
4 3625 3628 3638 3635
4 3968 3940 3899 3933
4 3670 3699 3684 3673
4 3561 3562 3563 3560
4 2322 2323 2310 2319
4 2388 2378 2381 2384
4 3005 3004 3010 3009
4 3606 3602 3625 3607
4 2908 2903 2904 2896
4 3932 3653 3929 3935
4 175 161 162 197
4 3927 3752 3748 3743
4 4291 4293 4289 4285
4 790 764 787 768
4 4661 4657 4665 4656
4 2245 2233 2251 2237
4 1013 1004 1012 621
4 4466 4385 4395 4514
4 2421 2420 2422 2416
4 2212 2228 2229 2220
4 410 386 389 399
4 2975 2983 2963 2971
4 2022 1856 2023 2034
4 4449 4447 4451 4448
4 1528 1562 1568 1564
4 3605 3568 3567 3566
4 1553 1706 1741 1735
4 627 602 633 605
4 1913 1910 1914 1908
4 4511 1486 4508 1501
4 2866 2864 2858 2870
4 1298 1342 1311 1310
4 2542 2538 2537 2541
4 146 155 156 142
4 1200 1205 1204 1203
4 949 588 957 583
4 3986 3996 3947 3992
4 221 230 265 209
4 3718 3731 3734 3729
4 1852 1847 1845 1848
4 2080 2184 2107 2097
4 2640 3098 2638 3096
4 803 793 802 795
4 477 696 104 845
4 1618 1614 1732 1608
4 3105 2520 2522 2519
4 2145 2143 2142 2151
4 32 223 229 227
4 3529 3527 3995 3988
4 3001 3006 2955 2959
4 565 557 570 574
4 1067 1022 1064 1023
4 4224 4288 4227 4228
4 3922 3598 3963 3586
4 4010 4004 4002 4007
4 3889 3910 1216 3867
4 2353 2350 2347 2351
4 2971 2963 2972 2977
4 118 121 485 124
4 1410 1383 1381 1415
4 1527 1531 1535 1537
4 2326 2324 2327 2319
4 28 36 37 0
4 2043 234 235 2038
4 2606 2371 2366 2613
4 4199 4204 4195 4193
4 968 971 969 965
4 1146 902 903 869
4 2343 2411 2415 2414
4 2437 2428 2439 2427
4 2159 2162 2157 2158
4 1597 1600 1596 1593
4 4597 4596 4607 4608
4 4001 3981 4003 3988
4 2285 4373 2286 2279
4 3282 3292 3266 3295
4 953 1006 957 1141
4 1758 1923 1930 1754
4 993 992 1000 999
4 383 395 2086 412
4 4347 4343 4177 4339
4 1801 1803 1809 1800
4 1209 1257 1213 1259
4 2847 2835 2846 2809
4 2657 2659 2652 2724
4 2658 2653 2673 2621
4 1008 1013 1010 1007
4 3052 3200 3202 3190
4 2983 2963 2971 2977
4 1589 1581 1488 1603
4 1068 1076 1075 1070
4 2512 2516 2643 2504
4 899 907 906 905
4 3099 3124 3070 3077
4 524 482 506 360
4 793 754 802 794
4 4373 4371 4388 4389
4 3185 3071 3174 3179
4 4098 4113 2769 4096
4 745 754 760 794
4 2126 2073 2129 2097
4 2217 2228 2130 2220
4 570 557 136 201
4 2061 155 153 156
4 127 113 119 105
4 4530 4639 4521 4519
4 3256 3253 3271 3257
4 2489 2485 2486 2493
4 3330 3307 3218 3310
4 395 387 386 412
4 1968 2024 1983 1979
4 1986 1987 1989 1984
4 952 950 955 944
4 2466 3116 3062 3122
4 2145 2149 238 2142
4 4020 1641 4045 1638
4 794 843 846 851
4 1562 1664 1565 1569
4 166 171 164 49
4 2227 2222 2217 2220
4 4323 4268 4225 4247
4 2977 2953 2961 2978
4 4153 4162 4159 4158
4 4129 4104 4092 4101
4 2963 2996 2957 3010
4 836 825 828 831
4 3338 3334 3332 3331
4 1412 981 1413 1418
4 1807 2269 2262 2199
4 1032 1117 1027 1108
4 1009 1012 1376 886
4 119 127 105 845
4 2904 2901 2911 2893
4 2292 2297 2321 1482
4 841 694 847 845
4 3548 3537 3538 3536
4 1903 1893 1900 1888
4 3529 3585 3530 3519
4 1269 1280 1278 1272
4 3936 3929 3649 3935
4 4156 3565 3595 3573
4 1120 1106 1110 1103
4 3808 3809 3813 3805
4 2601 2514 2506 2571
4 148 2049 2040 2053
4 3227 2467 3228 3233
4 4645 4651 4650 4647
4 1674 1608 1204 1203
4 1951 1956 1955 1961
4 705 701 714 716
4 4242 4226 4236 4240
4 4365 4364 4352 4355
4 1694 1730 1727 1744
4 2378 2810 2807 2819
4 3694 3702 3776 3687
4 3620 3627 352 342
4 3284 3400 3419 3304
4 4564 4574 4569 4567
4 694 685 688 689
4 3814 3954 3850 3815
4 2259 355 403 348
4 1544 1546 1548 1557
4 113 126 120 127
4 2054 2040 2053 153
4 4660 4666 4665 4667
4 1903 269 1900 1917
4 1769 1756 1761 1751
4 4475 4451 4454 4534
4 2802 2791 2847 2793
4 141 565 570 574
4 922 1001 937 896
4 934 930 931 909
4 477 486 802 492
4 437 468 456 432
4 2759 2897 2748 2756
4 421 426 416 420
4 3355 3399 3394 3393
4 4089 4088 3946 3953
4 319 493 316 492
4 4308 4321 4311 4315
4 1209 1207 1379 1202
4 3164 3177 3168 3173
4 1117 1119 1109 1108
4 3129 3139 3176 3183
4 2978 2973 2971 2976
4 2716 2723 2697 2696
4 1685 1338 1334 1686
4 810 818 815 808
4 1333 2007 1340 2005
4 2956 2958 2963 2960
4 659 657 661 662
4 2661 2664 2658 2651
4 224 49 227 53
4 1318 1321 1325 1327
4 3210 3207 3217 3216
4 4204 4202 4194 4205
4 3551 3552 3550 3554
4 4329 4660 4664 4335
4 2362 2349 2352 2347
4 1664 1674 1668 1666
4 4653 4333 4335 4644
4 1680 1682 1683 1677
4 4527 4528 4542 4546
4 4652 4619 4640 4615
4 3158 3149 3153 3152
4 4654 4333 4653 4644
4 1006 942 1010 1007
4 1826 1536 1537 1531
4 1646 1639 1640 1662
4 1664 1561 1565 1569
4 3763 3750 3747 737
4 4429 4428 4419 4425
4 1533 1530 1541 1851
4 1592 1591 1596 1593
4 4252 4260 4292 4263
4 3298 3272 3295 3294
4 620 1402 1399 626
4 900 906 903 909
4 4007 4005 4004 4008
4 560 575 562 577
4 524 486 482 360
4 3995 4013 4008 4492
4 1993 2000 1976 1990
4 4500 4494 4503 4490
4 1449 1459 1457 1453
4 1799 1788 1789 1795
4 1821 1834 1812 1820
4 2906 2905 2894 2908
4 166 159 168 171
4 202 181 195 197
4 3713 3737 3719 3609
4 711 709 715 599
4 3890 3909 3908 3883
4 1893 2033 2023 2024
4 2172 1563 2178 2179
4 3149 2947 3148 3146
4 1507 1516 1513 1497
4 1306 1309 1326 1316
4 1810 2272 1803 1800
4 3324 3342 3330 3339
4 1796 1798 2326 1801
4 1234 1247 1240 1248
4 2182 2054 2066 2169
4 2524 2523 2522 2517
4 3602 3634 3625 3607
4 3140 3151 3139 3155
4 4333 4644 4646 4335
4 405 404 411 408
4 1195 1431 1193 1377
4 854 849 858 840
4 2980 2975 2971 2977
4 4053 4056 4055 4051
4 1948 1776 1957 1962
4 3773 3716 3782 3786
4 4297 4306 4295 4304
4 1063 1050 1061 929
4 2135 2131 2133 2129
4 4454 4442 4443 4444
4 514 189 515 526
4 1147 1987 1982 1984
4 1798 2308 1801 1810
4 2770 4242 2753 2758
4 2171 2077 2069 2170
4 2934 2930 2927 2935
4 4065 4021 4017 4075
4 843 90 845 796
4 4614 4617 4620 4615
4 4622 4526 4519 4632
4 2216 2222 2224 2220
4 940 963 929 937
4 1845 1868 1884 1867
4 2682 2688 2694 2686
4 4287 4224 4225 4286
4 1139 1147 1140 1981
4 2547 2557 2556 2548
4 3188 3129 3176 3183
4 2225 2227 2101 2226
4 1999 2000 1994 2002
4 1150 257 1900 1163
4 2010 2023 2012 2014
4 2465 2467 2469 2449
4 4281 4272 4283 4292
4 1452 1456 1458 1453
4 1832 1823 1782 1830
4 4617 4602 4619 4615
4 4128 4101 4129 4121
4 2939 2950 3146 2946
4 3721 3723 3719 3720
4 2187 2185 2192 2191
4 3964 3961 3911 3963
4 4596 4609 2434 2347
4 526 524 534 533
4 948 950 942 944
4 150 145 157 154
4 1807 2272 1806 1800
4 588 596 957 583
4 1583 1581 1596 1588
4 3253 3271 3257 3275
4 2831 2850 2820 2854
4 4251 4243 4229 4238
4 3620 3633 3622 3627
4 4653 4332 4664 4335
4 4435 4439 2440 4437
4 3059 2693 2691 3068
4 1586 1591 1596 1588
4 2881 2874 2873 2872
4 2622 2626 2633 2624
4 1628 1632 1609 1621
4 646 649 643 644
4 205 208 206 218
4 1307 1300 1302 1311
4 4396 4385 4512 4514
4 2977 2953 2978 2956
4 1783 1558 1832 1772
4 189 524 486 482
4 1274 1263 1255 1265
4 2516 3261 2509 2504
4 1738 1743 1727 1744
4 1375 1378 1385 1380
4 4109 4092 4117 4114
4 3321 3319 3320 3322
4 1567 1571 1573 1560
4 2453 2445 2454 2442
4 1101 898 910 1125
4 2550 2548 2553 2557
4 2747 2711 2749 2758
4 277 272 265 228
4 2029 2037 2018 2026
4 3605 3601 3603 3607
4 4139 4148 4136 4138
4 560 566 553 558
4 3633 3634 3627 3636
4 4233 2782 4236 2781
4 92 90 119 105
4 2441 2445 2440 2442
4 1997 2036 1994 2025
4 4596 2347 4607 4600
4 3147 3161 3173 3154
4 4576 4637 4521 4575
4 2326 1818 1796 1801
4 3321 3320 3380 3322
4 3560 3547 3541 3534
4 4043 4018 4033 4046
4 609 604 596 600
4 3272 3286 3300 3295
4 3096 3116 3126 2643
4 2441 2446 2445 2442
4 4562 4555 4556 4550
4 3570 4148 4136 3579
4 4660 4669 4666 4667
4 1103 1131 1126 1124
4 503 317 316 492
4 1529 1582 1575 1536
4 1027 1077 1053 1019
4 729 3763 3760 737
4 4438 4445 4432 2684
4 1510 1498 4494 4504
4 3292 3295 3274 3266
4 2746 4226 2354 4261
4 3166 3196 3149 3154
4 931 928 927 933
4 1410 1970 1971 1966
4 3908 3921 3920 3915
4 4403 4384 4466 4395
4 2303 2317 2314 2310
4 4268 4336 4337 4274
4 3056 3061 3060 3070
4 2207 2119 2117 2204
4 3133 3132 3131 3143
4 2793 2794 2801 2791
4 4182 4188 4238 4184
4 1443 1426 1427 1432
4 350 333 403 346
4 2739 2632 2706 2730
4 2225 2224 2226 2241
4 404 2081 357 363
4 953 969 956 965
4 691 593 696 699
4 3323 3296 3330 3333
4 4207 4222 4180 4184
4 2695 2683 4422 4419
4 3295 3305 3307 3281
4 2411 2551 2417 2400
4 2267 2269 2262 2261
4 3001 3006 2999 3000
4 419 426 417 430
4 1375 1211 1380 1379
4 2362 2359 2349 2347
4 1222 1211 1213 1221
4 4239 4182 4188 4238
4 3765 3756 3753 3768
4 2107 2216 2226 2097
4 358 360 402 2179
4 4087 4050 4080 4052
4 4279 4267 4274 4278
4 3373 3321 3380 3322
4 1796 1818 1817 1801
4 4002 4499 3987 3991
4 1797 1802 1804 1801
4 3848 3932 3861 3855
4 2217 2130 2219 2220
4 987 1016 984 1011
4 1888 2013 2011 1898
4 4238 4188 4186 4184
4 2936 2973 2930 2931
4 3044 3040 3053 3041
4 4004 4007 4008 4493
4 4243 4239 4249 4238
4 3739 3740 3727 3734
4 1737 1719 1717 1708
4 49 224 227 226
4 4241 4182 4239 4238
4 4251 4239 4243 4238
4 2981 2971 2973 2979
4 532 467 468 475
4 2967 2973 2974 2924
4 2564 2565 2566 2561
4 4128 4129 4127 4121
4 3588 3585 3580 3581
4 2349 2359 4255 2347
4 2891 2875 2889 2743
4 3099 3123 3115 3106
4 2687 2686 2695 2682
4 303 2717 2657 304
4 2936 2923 2926 2931
4 1821 1585 1584 1574
4 1834 1824 1838 1560
4 4587 4581 4576 4585
4 2501 2505 2514 2509
4 2507 2516 2544 2648
4 4596 2349 4255 2347
4 3598 3600 3572 3581
4 2010 1856 2023 2014
4 2134 2166 2183 2165
4 2610 2590 2615 2587
4 2409 2601 2595 2401
4 3327 3325 3326 3331
4 619 624 615 626
4 296 282 307 300
4 2984 2963 2957 3010
4 2510 2511 2506 2509
4 3387 3424 3428 3390
4 519 510 517 516
4 1845 1868 1864 1884
4 2923 2926 2931 2928
4 3783 3781 3770 3787
4 2978 2971 2972 2977
4 3375 3373 3380 3368
4 802 842 590 845
4 2930 2931 2924 2928
4 2759 2897 2760 2800
4 1957 1948 1955 1953
4 1649 1661 1504 1655
4 3528 4343 4354 4339
4 1296 1290 1266 1286
4 254 256 264 263
4 4343 3528 3521 4339
4 1069 1070 1066 1075
4 383 2082 382 2086
4 4233 4228 4224 4227
4 2958 2964 2965 2966
4 2973 2934 2930 2976
4 360 358 2177 2179
4 3006 2996 3001 2955
4 199 203 573 574
4 623 613 614 625
4 4653 4333 4332 4335
4 3150 3129 3176 3134
4 4126 4123 4128 4121
4 3231 2692 3058 2690
4 3241 3242 3251 3237
4 2693 3058 2687 2690
4 1314 1207 1384 1381
4 366 358 360 402
4 1888 1886 1891 1898
4 2544 2520 2531 2517
4 4170 4175 4177 4166
4 3861 3804 3834 3810
4 4417 4416 4465 4381
4 2779 2390 2381 2776
4 2480 2589 2612 2576
4 256 254 276 263
4 2661 2663 2652 2651
4 3601 3602 3603 3607
4 2178 2177 2174 2179
4 1215 4020 1638 1643
4 103 56 102 104
4 4596 4609 2347 4600
4 986 987 984 1011
4 358 362 555 563
4 3003 3004 3008 3007
4 2996 3004 3007 3008
4 2996 2997 3004 3008
4 2999 3006 3002 3000
4 2958 2963 2960 2965
4 3000 3005 3010 3009
4 3191 3028 3201 3048
4 3558 3562 3553 3563
4 4147 4132 4103 4109
4 1993 1974 1977 1983
4 2980 2975 2976 2971
4 2973 2978 2971 2981
4 2968 2978 2981 2971
4 2968 2981 2970 2971
4 2970 2981 2979 2971
4 3549 3556 3546 3563
4 4099 4105 4096 4092
4 2230 306 2234 304
4 2968 2978 2970 2972
4 2969 2968 2970 2972
4 2968 2969 2978 2972
4 201 154 175 185
4 3296 3342 3323 3330
4 2996 3009 3004 3000
4 1993 1988 1979 1983
4 3688 3777 3778 3687
4 826 822 824 825
4 4404 2677 4428 2686
4 4296 4315 4302 4314
4 351 348 346 345
4 1899 2016 2013 2011
4 1148 1133 1127 1136
4 567 568 576 516
4 970 971 968 965
4 1731 1723 1737 1708
4 2977 2953 2956 2961
4 3919 1216 1672 1221
4 4428 4422 4419 2686
4 4296 4305 4303 4300
4 1690 1562 1572 1855
4 3773 3691 3697 3780
4 2880 2855 2873 2852
4 353 354 345 342
4 2370 2399 2401 2416
4 1546 1706 1735 1675
4 2334 2339 2421 2337
4 1609 1623 1620 1621
4 2961 2964 2963 2955
4 2371 2611 2366 2613
4 320 3596 3598 310
4 959 964 970 965
4 296 307 297 300
4 327 332 329 335
4 970 964 967 965
4 90 796 119 845
4 2921 2919 2909 2791
4 1207 1674 1379 1381
4 1513 1470 1523 1517
4 3585 3529 352 342
4 2997 2996 3004 3000
4 2414 2459 2464 2436
4 832 836 828 831
4 4556 4555 4563 4551
4 1395 1402 1389 1401
4 4108 4106 2762 4115
4 2744 2753 2754 2758
4 2801 2919 2921 2791
4 3189 3175 3179 3183
4 510 511 516 519
4 2996 2963 2957 2955
4 111 115 103 124
4 1285 1284 1276 1288
4 1295 1287 1273 1288
4 4451 4625 4455 4534
4 2110 1760 1752 1762
4 3510 3511 3518 3526
4 630 613 623 625
4 4340 3557 4355 3554
4 1084 1061 1086 1091
4 1124 1129 1127 1132
4 279 2028 1900 1140
4 2327 1821 1834 1560
4 303 2657 2234 304
4 2206 2270 2197 2199
4 3696 3691 3693 3687
4 2957 3001 2955 2962
4 3585 3598 3572 3581
4 3855 3905 3916 3940
4 3998 4569 3989 4561
4 2399 2370 2337 2416
4 562 543 551 575
4 1133 1146 1127 1136
4 314 320 312 310
4 2996 3006 3001 3000
4 2243 2233 2230 2238
4 2969 2968 2978 2956
4 2919 2842 2909 2791
4 1527 1532 1535 1531
4 1537 1814 1826 1531
4 1018 991 1002 994
4 3001 2999 2959 2962
4 3598 3529 3585 342
4 829 797 825 828
4 366 358 362 555
4 2636 2648 2642 2650
4 2507 2544 2535 2648
4 2646 3067 2637 2642
4 4204 4199 4202 4193
4 4338 4356 4329 4353
4 2321 2311 1495 1500
4 200 190 194 197
4 4416 4374 4381 4417
4 4109 4092 4114 4121
4 1129 1123 1125 904
4 2961 2960 2965 2954
4 2003 1998 1344 1347
4 1537 1536 1540 1531
4 2281 4384 2279 4397
4 571 573 569 574
4 3986 3999 3996 3992
4 3910 3922 3919 3924
4 4010 4002 4011 4012
4 4326 4333 4328 4335
4 299 301 308 304
4 2063 2052 2055 2068
4 582 595 820 594
4 3114 3112 3104 3099
4 110 109 100 98
4 2743 2742 2736 2732
4 2378 2391 2381 2384
4 510 507 517 516
4 1192 1188 1185 1181
4 4001 1652 1657 4045
4 2668 2671 2673 2666
4 2551 2417 3254 3260
4 2960 2958 2965 2966
4 3132 3133 3146 3143
4 1875 1880 1861 1884
4 3001 2996 2957 2955
4 1204 1328 1314 1207
4 1883 1846 1869 1845
4 350 339 333 346
4 4508 4498 4504 4513
4 1044 1033 1037 1035
4 3926 3925 3740 3927
4 437 470 468 432
4 2958 2964 2966 2955
4 2963 2958 2957 2955
4 1821 1812 1570 1587
4 2652 4412 2724 2667
4 424 420 417 408
4 2019 2008 2012 2029
4 2779 2783 2776 2778
4 4372 4373 4410 4382
4 4007 3995 4493 3991
4 2677 4402 4411 4428
4 2420 2421 2414 2416
4 759 756 752 734
4 4002 4010 4007 4000
4 2191 2196 2190 2263
4 2129 2066 2068 2126
4 810 815 846 792
4 1383 974 1373 1415
4 1384 1404 1381 1415
4 702 703 713 716
4 1383 1378 1393 621
4 3524 3964 3992 3988
4 1961 1951 1959 1955
4 1705 1735 1746 1714
4 1680 1678 1684 1686
4 301 305 299 308
4 2530 2516 2544 2509
4 3677 3683 3671 3684
4 2747 2711 2745 2749
4 4058 1238 1248 4047
4 1571 1805 1834 1560
4 2613 2606 2602 2608
4 4593 4578 4576 4571
4 3590 3593 3587 3581
4 4542 4528 4545 4546
4 1509 1508 1497 1503
4 4299 4314 4318 4315
4 825 829 828 831
4 3509 3548 3538 3966
4 3043 3197 3202 3052
4 1696 1742 1694 1703
4 4485 4484 4500 4490
4 1916 1932 1931 1908
4 4438 2680 2690 2684
4 4279 4272 4281 4292
4 1243 1287 1284 1253
4 1906 1932 1913 1938
4 3628 3622 3631 3637
4 16 37 39 23
4 652 11 949 645
4 2222 2223 2217 2220
4 3981 4007 3994 3988
4 2843 2815 2829 2844
4 3618 3616 3612 3611
4 1670 4045 1638 3918
4 3187 3109 3108 3186
4 4006 4494 4004 4008
4 1653 1650 1662 1659
4 4270 4326 4328 4327
4 3873 3871 3867 3874
4 1880 1875 1882 1772
4 2572 2604 2565 2566
4 3369 3380 3371 3382
4 156 2040 142 153
4 1273 1270 1275 1276
4 1991 1989 1981 1984
4 1640 1646 1662 1660
4 68 57 65 67
4 2107 2080 2073 2087
4 4082 4038 4041 4061
4 1493 1566 1485 1569
4 2425 2430 2439 2436
4 3605 3604 3609 3607
4 1344 1351 1359 2006
4 1934 1945 1947 1941
4 2297 2321 1495 4506
4 1946 1960 1959 1943
4 2042 2045 2046 2044
4 2594 2397 2595 2401
4 2184 2126 2073 2059
4 2229 2228 2217 2220
4 2409 2399 2400 2401
4 2898 2899 2902 2908
4 1956 1963 1955 1958
4 855 853 866 862
4 3999 3986 3981 3992
4 350 340 344 341
4 514 184 191 187
4 1109 1114 1027 1108
4 1243 4047 1248 1236
4 1738 1745 1743 1744
4 2184 2107 2216 2226
4 3587 3505 3594 3580
4 482 486 484 476
4 2279 2247 2253 4401
4 1343 2007 1997 1340
4 556 373 377 554
4 3268 3246 3238 3244
4 355 349 347 341
4 1844 1845 1873 1867
4 2192 2196 2193 2190
4 1881 1874 1877 1880
4 1971 2002 1966 1968
4 2671 2668 4407 2665
4 2785 2789 2798 2800
4 3986 3980 3981 3943
4 85 100 102 105
4 792 821 799 804
4 373 559 361 554
4 4462 4415 4460 4465
4 1666 1668 1647 1660
4 624 622 616 626
4 107 66 102 99
4 2460 2459 2414 2436
4 2575 2569 2566 2404
4 168 206 164 172
4 4142 4143 4139 4156
4 1382 1383 1387 1381
4 2167 2171 2066 2170
4 4069 4084 4062 4077
4 1562 1571 1833 1838
4 4442 4454 4460 4444
4 4383 4402 4370 4410
4 2659 2652 2724 2651
4 1676 1646 1669 1660
4 4538 4543 4455 4534
4 4451 4475 4454 4443
4 4624 4447 4625 4549
4 4285 4268 4271 4292
4 1963 1956 1955 1951
4 4410 4405 4369 4397
4 1841 1844 1848 1677
4 2797 4185 4246 2762
4 2740 2737 2639 2731
4 3977 4036 4037 4035
4 1034 1039 1042 1038
4 4123 4126 4125 4121
4 4305 4299 4321 4300
4 2516 2507 2512 2648
4 2459 2425 2439 2436
4 918 878 883 871
4 1481 1483 1490 1493
4 4041 4034 4017 4046
4 4248 4323 4244 4247
4 2224 2227 2226 2220
4 409 404 366 408
4 3981 3961 3911 3988
4 319 323 315 324
4 60 62 106 99
4 2321 1509 1500 1495
4 1623 1667 1609 1620
4 4018 4033 4046 4027
4 1893 2033 1943 2014
4 4354 4352 4351 4353
4 2490 2492 2486 2487
4 4261 2354 2356 4234
4 1319 1324 1315 1329
4 1111 1117 1112 1108
4 3771 3766 3768 3757
4 1374 1382 1380 1221
4 3102 3105 3107 3100
4 4302 4315 4310 4314
4 1948 1776 1927 1921
4 3900 3944 4086 4089
4 2874 2881 2743 2872
4 1545 1554 1547 1532
4 2551 2506 2557 2400
4 4501 4488 4490 4484
4 2132 2135 2129 2070
4 3259 3273 3257 3235
4 1706 1739 1735 1714
4 2727 294 2726 304
4 3315 3376 3347 3322
4 816 813 741 808
4 2917 2884 2893 2890
4 4404 4412 2670 2675
4 3911 4001 4003 3988
4 3876 3884 3877 3879
4 143 153 149 144
4 3691 3696 3697 3687
4 2222 2227 2224 2220
4 3394 3398 3388 3393
4 2021 1941 2014 2015
4 1299 1321 1201 1315
4 2073 2078 2074 2093
4 1115 1108 1118 1119
4 2538 2545 2541 2534
4 3078 3083 3080 3077
4 1539 1552 1682 1677
4 2506 2409 2557 2400
4 3851 3845 3834 3835
4 475 488 478 464
4 2655 2663 2249 4414
4 2590 2610 2584 2587
4 744 3596 3598 3609
4 3713 3723 3719 3734
4 1646 1676 1653 1660
4 4494 4493 4503 4490
4 2073 2087 2055 2068
4 2905 2906 2921 2908
4 2042 2041 2045 2044
4 4259 4223 4227 4234
4 1134 1098 1125 898
4 2031 2010 2034 2027
4 1802 1830 1835 1782
4 1200 1205 1320 1204
4 4150 4158 4156 4157
4 1398 979 975 978
4 1777 1779 1761 1752
4 3505 3584 3594 3580
4 3870 3869 3867 3879
4 3083 3075 3080 3077
4 3198 3177 3182 3176
4 2738 2497 2498 2731
4 4374 4416 4381 4403
4 733 3596 320 310
4 3901 4080 3906 3898
4 1697 1339 1678 1686
4 926 1100 935 927
4 2414 2343 2344 2436
4 2080 2184 2059 2090
4 3513 3529 3585 3588
4 1173 1174 1185 1172
4 203 192 191 194
4 4074 4064 1282 1251
4 2298 2303 2306 2316
4 3385 3391 3389 3387
4 344 3623 353 323
4 1644 4026 4027 4024
4 4540 4612 4659 4616
4 97 85 91 84
4 2177 358 2174 2179
4 2157 1760 1770 1752
4 178 176 187 189
4 1874 1839 1831 1878
4 1991 1993 1988 1980
4 2784 2795 2798 2804
4 3510 3518 3508 3526
4 521 529 508 520
4 1470 1459 1451 1453
4 358 404 366 362
4 1464 1460 1451 1453
4 410 404 402 413
4 3348 3342 3331 3346
4 1690 1197 1206 1703
4 2868 2878 2870 2871
4 1591 1528 1547 1587
4 2699 2764 2745 2771
4 2711 2697 2706 2696
4 4569 3998 3989 3996
4 2844 2818 2815 2809
4 551 532 534 549
4 802 803 485 492
4 3780 3777 3697 3687
4 182 159 52 171
4 326 338 351 344
4 817 3750 813 808
4 813 816 817 808
4 807 818 809 819
4 191 202 195 197
4 2714 2699 2709 2696
4 484 526 478 528
4 4315 4296 4302 4300
4 807 808 818 819
4 811 809 810 819
4 3606 3609 3608 3604
4 2175 2173 2176 2170
4 1944 1940 1936 1937
4 2409 2566 2562 2404
4 1666 1562 1690 1564
4 3949 3980 3986 3943
4 2586 2580 2876 2587
4 1591 1470 1488 1593
4 817 816 818 808
4 3273 3270 3266 3275
4 4327 4270 4280 4274
4 733 320 314 310
4 1813 1812 1568 1824
4 419 423 422 417
4 790 778 723 768
4 316 321 315 310
4 2342 2345 2333 2335
4 4336 2746 4261 4242
4 1207 1205 1209 1203
4 2054 2182 2177 2174
4 4038 3979 4041 4035
4 1913 2152 2139 1908
4 189 515 526 520
4 847 842 695 839
4 1586 1488 1493 1584
4 691 658 648 654
4 4087 4054 4052 4077
4 512 568 516 533
4 4023 4017 4026 4075
4 3978 3942 3951 3953
4 2182 2054 2169 2174
4 4611 4618 4610 4622
4 54 49 268 179
4 673 671 658 676
4 1821 2327 1819 1822
4 1973 1975 1970 1964
4 481 484 478 528
4 3026 3024 3035 3030
4 4091 2699 2712 2696
4 795 127 119 845
4 563 2054 2177 2174
4 3871 3751 3866 3865
4 843 837 849 851
4 3355 3356 3364 3393
4 280 291 329 4122
4 3356 3355 3359 3393
4 2799 2796 2803 2800
4 1125 931 904 909
4 2264 2265 2271 2268
4 4034 4033 4039 4040
4 2480 2592 2488 2867
4 1294 1289 1282 1285
4 2838 2842 2840 2844
4 1112 1117 1032 1108
4 830 821 792 804
4 4205 4202 4203 4193
4 796 795 119 845
4 1946 2017 1934 2014
4 4388 2275 4373 4389
4 2385 2335 2384 2360
4 4388 4371 4387 4389
4 1872 1881 1880 1870
4 3961 3964 3911 3988
4 4508 4500 4514 4513
4 3951 4088 3978 3953
4 1650 1652 1653 1662
4 212 217 164 179
4 1844 1853 1845 1848
4 2726 2718 2724 2715
4 3116 3124 3115 3111
4 3922 3913 3925 3924
4 1255 1263 1261 1267
4 1383 1388 1012 1376
4 1190 1182 1193 1192
4 1613 1621 1609 1612
4 526 529 528 520
4 2336 2341 2346 2337
4 68 102 67 84
4 1200 1198 1203 1199
4 1561 1573 1565 1569
4 2398 2405 2403 2409
4 922 896 937 923
4 2295 2298 2288 2290
4 1232 1243 1284 1253
4 189 513 520 79
4 193 510 517 509
4 369 368 370 359
4 1972 1973 1977 1964
4 2439 2415 4600 2431
4 1153 1042 1037 1141
4 481 487 536 528
4 3862 3826 3854 3831
4 2166 2113 2159 2133
4 2078 2089 2087 2055
4 238 2042 2142 237
4 4086 4085 4023 4084
4 1465 1521 1625 1619
4 2441 4434 2451 2440
4 741 743 738 737
4 183 222 268 48
4 1230 1248 4068 4047
4 2905 2838 2825 2791
4 1195 1173 1167 1172
4 1526 1514 1513 1476
4 3647 3648 3652 3649
4 3770 3781 3757 3787
4 4007 3995 4008 4493
4 1015 1016 1017 1011
4 1398 613 1013 1393
4 638 1378 621 615
4 1836 1827 1828 1831
4 3961 3924 3957 3915
4 4160 4212 4163 4151
4 795 791 794 851
4 3273 3217 3233 3237
4 4281 4284 4289 4285
4 2040 156 2053 153
4 3922 3743 3925 3913
4 1849 1843 1343 2007
4 519 510 509 517
4 1668 1635 1640 1660
4 2370 2408 2405 2401
4 1460 1464 1455 1453
4 2061 2090 2055 2059
4 1119 1115 1114 1118
4 4509 4518 4505 4514
4 354 3623 3620 353
4 1337 1841 1679 1843
4 2356 2387 2361 2775
4 3676 3671 3684 3673
4 696 847 689 699
4 4197 4308 4200 4186
4 2408 2399 2395 2409
4 1935 1945 1937 1936
4 1829 1817 1830 1837
4 1449 1458 1456 1453
4 3226 3119 3206 3235
4 18 31 37 0
4 1509 1486 2321 1485
4 1793 1795 1782 1788
4 416 426 429 420
4 3949 3950 3942 3943
4 737 733 735 808
4 2286 4373 2275 4389
4 104 696 105 845
4 4304 4308 4298 4300
4 607 606 612 600
4 201 154 185 144
4 2229 2217 2223 2220
4 1276 1284 1286 1288
4 467 498 468 475
4 1193 1384 1377 1429
4 1562 1551 1690 1564
4 36 4 37 0
4 4646 4273 4333 4328
4 2022 1847 1849 2025
4 3934 3938 3940 3935
4 1543 1544 1557 1546
4 553 564 560 577
4 1715 1480 1705 1713
4 3099 3086 3091 3077
4 2273 2264 2308 2305
4 4334 4330 4358 4368
4 3413 3410 3409 3408
4 2668 2677 4411 2670
4 2033 1903 1893 1943
4 1597 1595 1603 1594
4 3649 3843 3937 3651
4 705 702 701 716
4 837 847 849 851
4 2853 2887 2861 2852
4 1270 1297 1285 1276
4 1383 974 1393 1373
4 3155 3139 3154 3152
4 1264 1258 1286 1260
4 3350 3342 3324 3339
4 3099 3075 3086 3077
4 2193 2194 2197 2185
4 1826 1575 1531 1813
4 4237 4103 2769 4108
4 3788 3779 3757 3787
4 1318 1322 1325 1316
4 2805 2897 2759 2800
4 147 143 142 149
4 4576 4566 4569 4567
4 2458 3240 2456 2468
4 717 3761 3764 726
4 1812 1570 1568 1560
4 153 136 378 563
4 3597 3607 3604 3606
4 1821 1812 1824 1560
4 2906 2907 2825 2743
4 4303 4305 4298 4300
4 2370 2399 2408 2401
4 4414 2652 2665 2667
4 1157 1155 1156 1158
4 1653 1676 1656 1660
4 2390 2729 2833 2776
4 1668 1649 1647 1660
4 3910 3919 808 819
4 366 362 361 555
4 1831 1533 1851 1539
4 1680 1679 1683 1684
4 1298 1302 1299 1310
4 1159 1162 1157 1158
4 1137 1142 1147 881
4 1530 1527 1533 1541
4 3348 3343 3344 3349
4 1301 1309 1306 1302
4 1533 1851 1539 1534
4 1916 1893 1943 1936
4 2121 2111 2159 1752
4 1048 1057 1055 1058
4 1011 1013 1005 1007
4 2371 2826 2366 2611
4 678 704 692 684
4 1591 1488 1586 1596
4 2126 2073 2055 2068
4 2023 1856 1868 2014
4 935 910 934 909
4 1069 1087 1072 1086
4 404 402 413 2174
4 1591 1585 1570 1587
4 3099 3124 3060 3070
4 515 514 524 516
4 2062 2065 2060 2053
4 1592 1469 1470 1593
4 2459 2456 2463 2468
4 465 545 532 549
4 2913 2914 2922 2921
4 3171 3162 3168 3159
4 4397 2279 4389 4382
4 214 212 185 179
4 4384 2315 2279 4401
4 640 633 636 635
4 580 568 576 567
4 142 2040 2038 149
4 1992 1977 1983 1985
4 215 207 218 211
4 1139 1151 1127 1149
4 1280 1278 1259 1265
4 652 10 0 5
4 481 75 484 528
4 2243 2662 2257 2238
4 1926 1927 2157 1930
4 1790 1786 1787 1789
4 490 489 488 124
4 4073 4063 4070 4075
4 499 488 475 464
4 638 636 614 635
4 733 312 735 819
4 4237 4103 343 2660
4 2153 2182 2167 2066
4 4037 4044 4039 4035
4 3163 3166 3161 3193
4 995 953 942 944
4 4224 4231 4225 4228
4 1993 1988 1983 1986
4 2812 2809 2819 2816
4 2313 2270 1803 2268
4 1006 963 995 937
4 1551 1666 1690 1675
4 3031 3035 3039 3196
4 3072 3070 3075 3071
4 953 956 957 947
4 1905 1916 1908 1910
4 421 441 443 370
4 1613 1630 1621 1710
4 3161 3171 3168 3173
4 4556 4550 4551 4567
4 1566 1585 1821 1570
4 3973 3974 3999 3981
4 4183 4107 4180 4192
4 92 90 105 845
4 272 221 265 228
4 3164 3099 3086 3097
4 3401 3400 3306 3408
4 3731 3672 3715 3682
4 2649 2729 2740 2731
4 2126 2055 2059 2066
4 282 424 292 411
4 4328 4329 4327 4335
4 4636 4629 4669 4666
4 4420 4418 4425 4424
4 1810 1798 1806 1801
4 6 3 8 229
4 4450 4458 4442 4454
4 3142 3136 3040 3134
4 141 140 130 128
4 3149 3148 3156 3146
4 593 20 699 583
4 16 20 67 104
4 4103 4109 4092 4117
4 2588 2583 2577 2587
4 2446 2454 2445 2442
4 874 963 895 937
4 1690 1551 1675 1564
4 1124 1153 1151 1127
4 3206 3273 3217 3235
4 4357 4366 4358 4368
4 3612 3611 4147 4138
4 3223 3224 3229 3232
4 1207 1204 1203 1213
4 1289 4074 1282 1285
4 2601 2595 2401 2367
4 354 352 4144 343
4 411 300 292 287
4 1496 1509 1512 1503
4 186 202 176 181
4 1516 1498 1512 1497
4 4253 4601 4607 4600
4 4330 4326 4327 4335
4 2490 2539 2525 2648
4 2764 2757 2745 2767
4 1815 1821 1584 1574
4 524 532 475 523
4 799 821 825 804
4 2486 2489 2487 2492
4 4302 4169 4177 4172
4 4370 4374 4369 4428
4 3096 3116 3100 3126
4 2440 2451 2442 2443
4 1125 1129 1122 1095
4 1931 1928 2162 2139
4 1996 2000 2030 1994
4 347 360 402 341
4 918 878 919 901
4 1507 1509 1513 1485
4 4416 4403 4465 4381
4 486 312 581 492
4 1299 1302 1321 1329
4 4337 4328 4329 4327
4 3415 3423 3426 3429
4 902 908 1129 903
4 1735 1705 1746 1675
4 1452 1458 1474 1453
4 854 857 858 866
4 3223 3209 3217 3235
4 3970 3971 3984 3976
4 4316 4322 4311 4320
4 238 2142 253 237
4 1539 1552 1681 1538
4 4207 4157 4151 4196
4 3910 3886 1216 3867
4 3325 3338 3331 3335
4 3234 3233 3229 2469
4 3625 3638 3634 3602
4 2081 2091 2090 2106
4 4103 4135 4132 4147
4 2528 2524 2531 2520
4 855 859 831 865
4 2753 2746 2754 2758
4 46 71 47 43
4 3849 3857 3822 3863
4 2879 2893 2890 2881
4 436 433 431 546
4 849 859 858 864
4 4640 4615 4647 4642
4 1471 1453 1474 1470
4 1421 1408 1432 1447
4 3368 3356 3354 3357
4 3158 3155 3154 3152
4 2341 2334 2346 2337
4 1543 1588 1597 1600
4 3242 3248 3241 3251
4 2742 2738 2736 2732
4 4206 4190 4222 4200
4 683 682 658 676
4 2588 2590 2584 2587
4 2936 2930 2923 2931
4 3937 3927 3936 3649
4 336 338 4131 4122
4 2774 2765 2772 2760
4 1304 1448 1367 1307
4 3110 3107 3105 3111
4 1419 1430 1390 1400
4 1612 1615 1624 1621
4 2662 2657 2656 2238
4 2694 2688 2666 2686
4 4030 4078 4079 4084
4 3014 3039 3016 3027
4 2601 2592 2589 2602
4 2605 2582 2876 2587
4 1507 1505 1506 1501
4 4050 3813 4080 4052
4 3598 3585 3627 342
4 3985 3540 4571 3996
4 733 735 808 819
4 2905 2921 2909 2791
4 1880 1885 1861 1884
4 2243 2234 2662 2238
4 1681 1690 1336 1855
4 3134 3135 3139 3129
4 1529 1533 1527 1541
4 4424 4420 4417 4425
4 171 164 49 179
4 3650 3646 3647 3649
4 4404 4428 4419 2686
4 1243 4047 1241 1248
4 4334 4332 4330 4335
4 2421 2339 2424 2436
4 2637 2634 2636 2642
4 1025 1023 1029 1026
4 2592 2601 2512 2367
4 4442 4440 4443 4444
4 4226 4233 4236 2781
4 3881 3886 3891 3883
4 874 895 919 937
4 1674 1213 1379 1381
4 4369 4410 4397 4382
4 2582 2605 2615 2587
4 459 542 431 432
4 1322 1317 1319 1321
4 3410 3341 3320 3323
4 3894 3870 3879 3880
4 189 174 183 187
4 3989 4007 3994 3991
4 1787 1781 1790 1789
4 527 522 537 533
4 814 811 812 819
4 1157 1161 1159 1158
4 1534 1533 1527 1535
4 2123 2111 2113 2120
4 3376 3344 3380 3353
4 2123 2127 2112 2120
4 3913 3893 3908 3877
4 231 588 277 8
4 1831 1814 1836 1827
4 1344 1359 1347 1368
4 4417 4420 4427 4425
4 868 871 880 877
4 2463 3239 2418 3251
4 1537 1535 1527 1533
4 1537 1533 1539 1535
4 1527 1530 1533 1534
4 1539 1533 1534 1535
4 4106 4112 4187 4115
4 1689 1552 1542 1682
4 876 873 868 880
4 2756 2785 2760 2800
4 4175 3523 3525 4173
4 2365 2594 2371 2375
4 3226 3209 3230 3235
4 3151 3139 3155 3152
4 2586 2577 2583 2587
4 2558 2406 2402 2404
4 1328 1320 1204 1315
4 1577 1597 1588 1583
4 2365 2374 2370 2375
4 1960 1859 1959 1955
4 1258 1282 1286 1260
4 2258 2257 2253 2251
4 247 2050 212 242
4 1963 1949 1951 1955
4 1954 1963 1958 1955
4 544 531 534 527
4 3620 353 3627 342
4 4603 4604 4448 4606
4 4089 4085 4084 4077
4 2590 2588 2577 2587
4 623 618 622 614
4 1602 1468 1593 1598
4 13 266 8 3
4 927 931 933 929
4 3522 3530 3519 3524
4 3443 3434 3431 3436
4 109 101 98 99
4 1566 1567 1561 1573
4 2661 2658 2663 2651
4 2770 2785 2774 2772
4 4021 4018 4017 4024
4 2324 1815 1816 1822
4 108 109 98 99
4 1553 1556 1546 1549
4 948 955 950 944
4 1577 1597 1583 1579
4 4175 4347 4174 4177
4 1734 1608 1206 1728
4 1174 1173 1195 1172
4 584 711 715 599
4 2592 2595 2606 2602
4 1558 1832 1828 1571
4 4037 3981 3984 3976
4 3107 3104 3106 3111
4 2841 2846 2838 2791
4 1308 1309 1301 1302
4 511 527 512 533
4 995 994 1010 1007
4 492 803 317 802
4 3139 3177 3075 3155
4 4519 4521 4533 4531
4 3306 3300 3284 3305
4 3369 3410 3380 3382
4 4646 4273 4328 4650
4 1664 1674 1666 1381
4 3100 3107 3106 3111
4 3637 3619 3626 3622
4 1670 3911 349 3988
4 382 380 2086 376
4 619 615 638 621
4 3623 344 331 323
4 3555 3557 4340 3554
4 615 619 626 621
4 1480 1715 1705 1720
4 1705 1473 1478 1624
4 4000 3974 3972 3994
4 2495 2865 2869 2877
4 2364 2389 2386 2381
4 1806 1804 1807 1800
4 121 103 477 476
4 462 340 369 360
4 4660 4328 4329 4659
4 1726 1724 1722 1729
4 347 349 310 342
4 1688 1679 1683 1677
4 3468 3427 3387 3426
4 725 727 780 723
4 1522 1631 1523 1647
4 270 1043 267 1038
4 2206 2211 2200 2215
4 4593 4578 4565 4576
4 4036 3977 3979 3983
4 1244 1230 1248 1251
4 4412 4400 2725 2660
4 1601 1590 1603 1593
4 353 319 347 341
4 3294 3298 3297 3307
4 984 1009 1001 896
4 686 584 586 590
4 2399 2400 2401 2416
4 4413 4405 4409 4407
4 1683 1688 1690 1692
4 3177 3161 3147 3176
4 16 43 31 48
4 3043 3202 3040 3052
4 2661 2655 2652 4414
4 874 1061 963 929
4 186 78 513 79
4 2203 2117 2208 2204
4 2496 2489 2486 2492
4 3952 3944 3968 3946
4 2051 2173 2148 2170
4 1674 1204 1201 1381
4 1513 1516 1512 1497
4 4523 4563 4551 4567
4 2728 2738 2740 2731
4 1341 1333 1343 1340
4 926 934 928 927
4 2514 2507 2544 2535
4 4082 4041 4089 4061
4 2810 2808 2816 2809
4 2329 1815 2324 1822
4 4497 4006 4502 4494
4 3065 3058 2693 3068
4 571 569 579 576
4 1161 1032 1027 1108
4 2762 2770 2774 2772
4 1843 1688 1334 1336
4 69 71 43 59
4 2806 2813 2814 2809
4 1190 1207 1185 1193
4 950 641 948 947
4 1788 1781 1789 1780
4 4323 4225 4285 4320
4 312 802 735 819
4 3519 3507 3580 3531
4 1717 1720 1708 1715
4 1561 1566 1573 1569
4 1650 1658 1651 1659
4 2500 2530 2508 2504
4 4018 4032 4033 4027
4 1213 1382 1379 1381
4 2555 2402 2396 2404
4 4019 1636 4032 4027
4 4475 4400 2675 2660
4 882 879 870 881
4 906 910 904 909
4 1457 1470 1513 1476
4 1315 1326 1318 1316
4 3891 3886 3908 3883
4 4226 2354 2776 2753
4 243 234 235 244
4 2297 2288 2316 2294
4 4601 4608 4607 4600
4 943 969 951 956
4 942 948 944 947
4 1852 1534 1851 1530
4 3964 3981 3961 3943
4 4554 4560 4559 4561
4 155 379 153 372
4 2874 2881 2873 2886
4 2568 2573 2589 2571
4 1699 1741 1542 1553
4 1921 1949 1957 1962
4 3063 3058 3064 3068
4 357 383 2086 412
4 2313 2322 2327 2328
4 418 419 417 430
4 4192 4191 4180 4184
4 3947 3950 3955 3536
4 2266 2309 2268 2263
4 1349 1360 1358 1347
4 3751 3753 3748 3745
4 2918 2915 2920 2916
4 613 1008 1013 1010
4 1741 1745 1744 1740
4 1674 1197 1666 1381
4 3905 3916 3940 3921
4 3105 3107 3100 3111
4 1832 1875 1878 1772
4 2548 2557 2562 2404
4 1204 1207 1201 1381
4 4323 4225 4244 4247
4 2427 2432 2344 2436
4 419 428 426 430
4 923 916 924 933
4 4329 4660 4659 4667
4 2032 2030 2034 2025
4 1230 1251 4064 1248
4 3858 3851 3863 3835
4 468 459 456 432
4 2704 2622 2630 2708
4 106 108 111 99
4 2879 2891 2889 2881
4 1000 603 606 642
4 3110 3125 3101 3111
4 3196 3166 3161 3154
4 1562 1197 1572 1381
4 1045 1039 1038 1035
4 1395 1390 1400 1419
4 4659 4656 4616 4247
4 3375 3354 3368 3382
4 1209 1205 1166 1208
4 3010 3004 2996 3009
4 3072 3075 3083 3183
4 60 106 484 99
4 4233 4248 4236 4246
4 3639 3646 3654 3641
4 1171 1278 1279 1271
4 311 316 321 319
4 4544 4453 4543 4446
4 2452 2425 2415 2457
4 1618 1199 1607 1261
4 1528 1537 1531 1813
4 4548 4475 2675 2660
4 1009 981 1013 1012
4 4019 4032 4018 4027
4 4662 4358 4368 4663
4 860 843 859 850
4 2394 2406 2547 2404
4 1983 1981 1984 1988
4 451 437 456 432
4 1605 1618 1608 1607
4 3919 733 808 819
4 771 762 761 776
4 1710 1709 1708 1611
4 4440 4442 4426 4444
4 1717 1731 1708 1709
4 1807 2206 1800 1789
4 741 813 737 808
4 1308 1301 1300 1302
4 2007 1333 1340 1343
4 1949 1918 1921 1957
4 3970 3975 3971 3976
4 3355 3399 3393 3358
4 4499 4558 4493 4490
4 3508 3509 3559 3526
4 4001 4007 4005 4003
4 820 812 1221 594
4 1132 1135 1124 1129
4 4405 2279 2253 4401
4 1778 1771 1882 1772
4 2789 2798 2800 2804
4 2033 1868 2025 1867
4 1277 1168 1278 1279
4 1710 1610 1612 1613
4 325 450 3623 455
4 1900 279 1164 1163
4 3583 3516 3587 3586
4 2203 2206 2204 2215
4 1072 1069 1086 1075
4 2768 2761 2759 2772
4 506 485 504 492
4 3951 3954 3805 3946
4 2342 2372 2335 2337
4 3699 3673 3701 3706
4 444 434 542 432
4 4043 4038 4041 4035
4 2632 2631 2626 2624
4 4360 4363 4359 4355
4 300 411 292 403
4 846 838 805 840
4 3527 3528 3522 3521
4 493 446 506 319
4 589 631 587 632
4 617 626 622 619
4 953 1006 995 942
4 3526 3522 3519 3524
4 658 661 659 670
4 2055 2054 2059 2066
4 3226 3063 3062 3222
4 3944 3943 3983 3953
4 3220 3218 3244 3216
4 4135 4145 4147 4138
4 501 497 496 492
4 4134 4146 4145 4138
4 4421 4374 4428 4417
4 2536 2490 2486 2534
4 3512 3514 3515 3517
4 805 802 581 819
4 3257 3253 3258 3260
4 1168 1176 1280 1166
4 4183 4192 4119 4107
4 206 208 164 218
4 4217 4216 4214 4218
4 2626 2630 2633 2625
4 3557 4363 4355 3554
4 3707 3656 3668 3706
4 2033 2036 2023 2024
4 3100 3099 3124 3111
4 959 970 962 965
4 501 496 504 492
4 1709 1611 1612 1708
4 1771 1793 1784 1772
4 1277 1271 1275 1279
4 1473 1592 1470 1593
4 1294 1269 1286 1265
4 1206 1299 1201 1722
4 1448 1364 1447 1362
4 568 512 527 533
4 2770 2762 2774 4240
4 1394 1399 1397 1391
4 2372 2400 2401 2367
4 439 470 437 432
4 4337 3528 4656 4247
4 2124 2131 2135 2097
4 2765 2762 2774 2772
4 1188 1179 1170 1194
4 4050 3901 4080 3813
4 1444 1442 1438 1446
4 4216 4125 4210 4132
4 4404 2675 4432 4425
4 1814 1537 1528 1813
4 1443 1434 1426 1438
4 3985 3995 3989 4568
4 4543 4538 4545 4534
4 4437 4445 4433 4443
4 954 1 957 947
4 1279 1178 1171 1169
4 1169 1271 1171 1279
4 1279 1278 1277 1271
4 1277 1171 1180 1272
4 1178 1277 1180 1175
4 1180 1178 1175 1176
4 1277 1168 1272 1278
4 97 100 105 119
4 302 2240 2237 298
4 1272 1168 1176 1280
4 1868 1861 1884 1867
4 1425 1423 1427 1420
4 305 282 299 287
4 3162 3164 3170 3168
4 353 345 344 341
4 1175 1188 1170 1178
4 1868 1845 2025 1867
4 598 601 609 599
4 444 539 439 432
4 2717 2724 2715 2719
4 1611 1710 1612 1708
4 4619 4602 4623 4615
4 1875 1571 1833 1867
4 2024 1981 1983 1988
4 1047 1027 1155 1156
4 3974 3971 3972 3984
4 1182 1170 1185 1190
4 633 604 605 625
4 3985 3995 3524 3988
4 411 282 300 287
4 1801 1817 1823 1819
4 1673 1669 1262 1616
4 3587 3588 3581 3586
4 1317 1309 1302 1322
4 1724 1323 1319 1315
4 4417 4377 4465 4415
4 1064 1088 1035 1023
4 2343 2746 2354 4600
4 4270 4328 4274 4327
4 4073 4070 4065 4075
4 1315 1316 1318 1321
4 1327 1318 1321 1315
4 2787 2792 2784 2777
4 1256 1645 1252 1282
4 2394 2398 2406 2404
4 2094 2103 2099 2092
4 1186 1174 1185 1184
4 2046 2054 2040 2044
4 2451 2680 2469 2690
4 2024 1893 1888 2011
4 4105 4110 4117 4114
4 1722 1299 1201 1315
4 3857 3822 3863 3821
4 4323 4268 4337 4274
4 49 54 53 55
4 2765 2761 2762 2772
4 3419 3407 3417 3428
4 4107 4218 4109 4132
4 524 462 359 360
4 4192 4119 4107 4115
4 1328 1320 1177 1204
4 3972 3974 3984 3994
4 928 939 927 929
4 1223 1211 1213 1218
4 3328 3329 3307 3220
4 1198 1200 1203 1205
4 807 809 820 819
4 1262 1606 1673 1616
4 2558 2557 2547 2404
4 1853 1871 1873 1884
4 1518 1521 1462 1517
4 184 189 524 360
4 3995 4535 4495 4568
4 1420 980 1432 1400
4 3370 3369 3371 3368
4 4021 4074 4063 1642
4 3564 4156 3579 3573
4 2606 2729 2825 2833
4 4054 4069 4060 4068
4 125 796 795 119
4 524 189 486 360
4 1326 1320 1327 1318
4 935 934 927 909
4 3700 3668 3655 3706
4 1178 1169 1188 1174
4 2547 2555 2557 2558
4 2759 2768 2772 2760
4 897 930 909 911
4 4316 4346 4349 4351
4 472 471 535 523
4 2589 2592 2612 2602
4 1367 1448 1447 1362
4 2366 2611 2830 2613
4 1177 1320 1205 1204
4 1278 1171 1279 1168
4 1168 1272 1278 1280
4 747 792 799 804
4 465 467 532 523
4 4155 4162 4153 4158
4 1220 1374 1211 1380
4 3670 3699 3655 3706
4 4566 4576 4636 4521
4 1519 1518 1525 1517
4 2096 2219 2071 2097
4 1280 1168 1166 1278
4 3882 3870 3867 3879
4 2426 2438 2439 2431
4 3525 3533 3526 3531
4 3175 3200 3176 3189
4 815 821 846 792
4 1668 1674 1635 1616
4 1422 1426 1421 1432
4 3383 3353 3380 3371
4 3962 3548 3966 3969
4 996 967 1001 965
4 4051 4067 4083 4055
4 3388 3494 3499 3490
4 3522 3985 4594 4656
4 922 893 896 923
4 3541 4577 4589 3540
4 1166 1209 1278 1168
4 4261 4228 4263 4244
4 3683 3642 3645 3641
4 3528 3527 3522 4656
4 2818 2847 2809 2835
4 4279 4276 4272 4271
4 358 378 563 2174
4 264 262 261 263
4 1641 1640 1638 1643
4 442 445 443 441
4 1176 1178 1170 1168
4 1178 1176 1171 1168
4 1178 1169 1170 1168
4 1169 1178 1171 1168
4 1180 1178 1176 1171
4 3527 3529 3530 3519
4 3530 3519 3580 3531
4 1169 1184 1188 1174
4 1382 1674 1664 1381
4 350 351 345 344
4 2389 2380 2386 2381
4 257 1150 1900 1894
4 4637 4576 4521 4636
4 1470 1488 1451 1487
4 3116 3124 3100 3126
4 4073 4065 4061 4075
4 4481 4477 4485 4478
4 1900 1893 1917 1886
4 2022 2023 1868 2025
4 515 513 195 517
4 2216 2184 2131 2097
4 3829 3819 3821 3820
4 2538 2526 2648 2531
4 3684 3686 3776 3673
4 4307 4189 4200 4186
4 1168 1174 1170 1173
4 698 700 690 699
4 3881 3885 3884 3888
4 566 560 553 564
4 3708 3680 3711 3673
4 4268 4275 4274 4271
4 2663 2661 2652 4414
4 1006 1009 995 1007
4 357 366 362 361
4 4279 4281 4285 4271
4 2795 2799 2798 2804
4 1193 1421 1424 1438
4 4559 4560 4550 4561
4 1168 1207 1205 1209
4 1168 1174 1169 1170
4 829 832 828 831
4 1174 1169 1170 1178
4 493 311 446 319
4 278 255 274 251
4 1391 615 1402 1397
4 2557 2396 2400 2404
4 176 178 174 180
4 1407 1403 1411 1417
4 1275 1270 1269 1276
4 732 741 742 726
4 4080 4082 4089 4061
4 1717 1718 1715 1708
4 1833 1831 1836 1828
4 1139 1164 1153 1151
4 2463 2418 2414 2468
4 3264 3258 3254 3245
4 895 874 871 877
4 2491 2875 2877 2869
4 1827 1820 1829 1814
4 4160 4158 4203 4151
4 797 794 825 755
4 4540 4659 4656 4616
4 4010 4014 4005 4003
4 3924 3867 3913 3877
4 2377 2364 2373 2381
4 1475 1521 1619 1517
4 1191 1181 1183 1196
4 2516 2529 3096 2522
4 1441 1434 1447 1444
4 618 622 614 626
4 1385 615 1393 1378
4 1004 1013 625 621
4 4380 4374 4417 4381
4 4124 4120 4127 4132
4 2321 2320 2316 2328
4 3676 3672 3731 3682
4 485 501 504 492
4 1900 1893 1886 1888
4 1347 1358 1353 1366
4 1932 1916 1931 1948
4 792 741 751 734
4 50 52 166 49
4 949 596 942 643
4 269 247 275 262
4 513 508 518 520
4 3514 3730 3738 3586
4 3709 3700 3703 3706
4 826 836 828 832
4 2651 2708 2625 2672
4 931 919 901 911
4 1613 1605 1608 1609
4 2810 2816 2807 2819
4 3940 3938 3899 3933
4 3302 3400 3408 3304
4 130 199 570 194
4 646 655 643 642
4 2621 2633 2678 2672
4 423 442 283 417
4 3699 3670 3684 3706
4 1014 1008 1015 1005
4 1199 1210 1614 1607
4 2187 2192 2277 2190
4 1528 1537 1836 1538
4 2111 2113 2121 2159
4 3541 3547 3540 3534
4 1499 1498 1516 1497
4 2833 2776 2819 2381
4 3909 3888 3898 3883
4 1673 1676 1669 1616
4 410 2240 295 2232
4 561 566 560 558
4 3985 4594 4571 3534
4 959 958 938 962
4 1080 1024 1078 1053
4 1869 1852 1847 1845
4 1836 1828 1834 1838
4 3751 3866 3941 3743
4 1774 1766 1767 1770
4 3115 3124 3106 3111
4 2724 2723 2715 2697
4 4106 2769 4108 2762
4 1537 1528 1836 1814
4 217 275 268 179
4 1026 1044 1041 1023
4 1836 1834 1824 1838
4 97 92 119 105
4 1428 1430 1373 1390
4 2826 2821 2823 2824
4 2480 2507 2493 2487
4 3686 3688 3776 3687
4 1844 1843 1845 2025
4 3198 3193 3150 3202
4 2497 2488 2731 2732
4 1499 1516 1506 1497
4 559 566 561 558
4 2258 2253 2250 2255
4 842 696 686 586
4 4403 4374 4369 4397
4 1476 1465 1475 1517
4 982 1420 1432 1425
4 950 952 646 642
4 2746 2343 2753 2754
4 1084 1082 1086 962
4 4547 4544 4538 4543
4 3045 3040 2946 3134
4 1519 1511 1518 1517
4 942 995 1010 1007
4 1256 1264 1257 1260
4 972 976 977 983
4 4034 4020 4026 4027
4 4318 4317 4321 4320
4 1599 1484 1464 1451
4 4120 4210 4126 4132
4 163 246 239 242
4 2770 4237 2769 2762
4 4614 4610 4625 4615
4 1066 1073 1064 1075
4 70 189 484 520
4 1545 1547 1555 1532
4 2950 3148 2939 3146
4 2350 2343 2427 2344
4 77 508 513 520
4 4310 4313 4312 4309
4 1320 1326 1327 1328
4 3116 3115 3122 3111
4 1498 1510 1520 1503
4 4395 4399 4465 4381
4 1033 1045 1038 1035
4 1870 1882 1876 1880
4 3243 3246 3244 3237
4 71 176 178 74
4 2378 2810 2819 2381
4 1349 1969 1971 1964
4 3059 3124 3062 3126
4 1676 1667 1656 1660
4 952 950 643 642
4 3522 3525 3526 3531
4 2446 2441 2451 2442
4 1257 1669 1635 1616
4 772 727 723 768
4 1364 1370 1368 1366
4 1776 2162 1927 2157
4 222 184 268 2177
4 691 658 708 648
4 1702 1691 1693 1704
4 1701 1691 1693 1702
4 4095 305 299 287
4 1571 1828 1878 1838
4 4057 3813 4050 4052
4 2883 2893 2884 2890
4 2007 1343 1997 1843
4 1416 1354 1417 1418
4 479 483 485 501
4 1308 1365 1305 1300
4 1535 1531 1532 1538
4 269 2182 247 1905
4 2363 2368 2819 2381
4 545 539 542 432
4 43 54 183 61
4 439 545 473 432
4 1527 1532 1531 1540
4 1196 1188 1181 1189
4 314 733 312 735
4 4210 4137 4145 4132
4 497 493 496 492
4 611 607 603 642
4 4412 4404 4405 2675
4 496 506 504 492
4 2283 2315 2309 2247
4 4403 4384 4405 4401
4 848 859 867 844
4 4669 4657 4665 4667
4 1547 1555 1542 1546
4 1026 1041 1020 1023
4 4065 4070 4021 4075
4 3989 3985 3992 3988
4 3522 3530 3525 3531
4 2412 2413 2422 2416
4 3889 3894 3882 3881
4 3620 4136 4147 4144
4 4071 4073 4061 4075
4 3772 3782 3759 3760
4 875 874 895 877
4 274 1037 1160 1046
4 3559 3561 3552 3550
4 3223 3209 3212 3217
4 4668 4628 4636 4657
4 1146 873 902 869
4 2203 2172 2270 2206
4 3822 3849 3863 3810
4 1939 1916 1932 1936
4 2880 2887 2886 2890
4 4538 4541 4545 4534
4 1323 1320 1327 1315
4 3410 3413 3306 3408
4 856 861 859 831
4 3850 3848 3863 3861
4 3149 3144 2947 3146
4 1670 4001 3911 3988
4 907 921 901 899
4 1812 1813 1568 1587
4 3539 3964 3524 3536
4 4129 4127 4121 4133
4 2187 2277 2283 2190
4 1023 1067 1031 1064
4 4399 4375 4381 4382
4 2680 2695 2690 2684
4 104 105 699 84
4 2558 2555 2557 2404
4 539 444 542 432
4 3723 3715 3731 3734
4 3223 3212 3227 3217
4 3727 3737 3728 3736
4 1441 1372 1367 1440
4 2248 2270 2309 2190
4 4405 2246 4413 2253
4 1586 1585 1587 1574
4 4013 3995 4001 3988
4 3065 3059 3056 3062
4 3731 3672 3734 3715
4 1256 1252 1258 1282
4 1448 1441 1440 1435
4 2270 2248 2198 2196
4 2009 2021 2010 2014
4 421 423 419 417
4 3700 3699 3705 3706
4 695 697 839 586
4 110 100 119 105
4 3985 3527 3522 3524
4 611 993 607 642
4 3736 3730 3727 3734
4 4439 4441 4437 4433
4 2538 2545 2537 2541
4 106 103 484 99
4 3994 3989 3992 3988
4 1327 1319 1323 1315
4 3995 3989 3994 3988
4 3919 3910 820 819
4 4064 4066 4074 4075
4 4064 4063 4068 4075
4 798 797 794 825
4 1617 1261 1607 1267
4 1196 1422 1426 1434
4 3546 3556 3559 3550
4 474 470 439 432
4 4060 4064 1248 4047
4 4198 4199 4203 4193
4 3251 3259 3233 3237
4 2938 3045 3136 2946
4 4623 4659 4612 4616
4 2313 2322 2305 2319
4 474 439 473 432
4 1448 1367 1364 1362
4 2744 2676 2678 2754
4 4531 4545 4478 4522
4 1111 1165 1121 1118
4 420 424 417 430
4 43 38 67 39
4 1632 1620 1621 1626
4 3995 4013 349 3988
4 1301 1448 1307 1306
4 4066 4064 4062 4075
4 4065 4017 4046 4075
4 3104 3101 3106 3111
4 4061 4065 4046 4075
4 4017 4041 4046 4075
4 1977 1992 1983 1982
4 953 995 965 944
4 595 820 812 819
4 2718 2251 2257 2238
4 4001 1670 349 3988
4 1571 1562 1559 1573
4 4103 4132 4133 4121
4 2866 2868 2870 2876
4 301 309 297 308
4 1183 1442 1196 1434
4 2018 2008 2012 2011
4 4449 4450 4442 4454
4 2423 3264 3254 3245
4 3201 3040 3047 3204
4 2272 2265 2273 2268
4 4064 4063 4074 1282
4 2206 1809 1800 1789
4 1936 1932 1948 1916
4 4194 4168 4205 4178
4 2745 2711 2771 2773
4 4400 4412 2675 2660
4 995 942 1010 1000
4 1839 1832 1828 1878
4 2447 4600 4606 2443
4 4412 4403 4405 4401
4 3703 3700 3705 3706
4 874 869 877 1144
4 1433 1184 1186 1187
4 3730 3593 3733 3586
4 282 411 292 287
4 4126 4127 4120 4132
4 1188 1196 1192 1187
4 279 269 222 277
4 2184 2081 2080 413
4 2252 2216 2224 413
4 3572 4150 3592 3573
4 62 108 106 99
4 1468 1601 1453 1593
4 4458 4461 4460 4446
4 502 466 499 475
4 1931 2153 2162 1776
4 3033 3027 3034 3039
4 1649 1648 1654 1655
4 2622 2630 2708 2625
4 1119 1110 1107 1114
4 1302 1298 1311 1310
4 4449 4450 4454 4446
4 4452 4459 4455 4446
4 4041 4086 4034 3983
4 3580 3584 4178 3531
4 4237 343 4247 2660
4 3723 3731 3739 3734
4 3739 3733 3723 3734
4 1670 3919 1664 1561
4 3163 3166 3171 3161
4 2442 2462 2469 2468
4 2077 2180 2171 2069
4 20 691 27 699
4 1843 1997 1994 2025
4 3652 3658 3837 3648
4 18 14 27 11
4 1991 2018 1980 1988
4 2013 1991 1888 1988
4 3732 3738 3730 3734
4 1212 4025 4029 4028
4 1426 1400 1432 1422
4 1777 2206 2215 1755
4 2684 4404 4419 2686
4 174 177 49 179
4 3926 3928 3936 3933
4 1008 994 1005 1007
4 120 113 121 124
4 1701 1702 1693 1310
4 1330 1342 1334 1336
4 3203 3193 3198 3204
4 1916 1903 1948 1943
4 1968 1977 1976 1979
4 2096 2101 2219 2107
4 189 178 54 174
4 2567 2511 2501 2506
4 208 166 164 49
4 1694 1299 1206 1722
4 300 297 295 308
4 3440 3430 3436 3443
4 1965 1970 1966 1968
4 1173 1207 1209 1202
4 4186 4308 4321 4245
4 62 66 107 99
4 1648 1640 1662 1660
4 2718 2657 2652 2724
4 1648 1662 1659 1660
4 4071 4063 4073 4075
4 2396 2409 2400 2404
4 4517 4509 4487 4515
4 1050 1063 1061 1048
4 733 314 312 310
4 2851 2856 2858 2870
4 1682 1552 1681 1677
4 2594 2365 2397 2401
4 1617 1254 1255 1267
4 1703 1551 1542 1744
4 1101 1125 1122 1095
4 3763 3756 3768 3747
4 3151 3156 3148 3146
4 4378 4370 4374 4369
4 952 999 646 642
4 562 184 524 360
4 3190 3052 3040 3202
4 2138 2154 2162 2141
4 3075 3079 3155 3077
4 2004 1998 1994 2005
4 1312 1303 1313 1310
4 3734 3672 3718 3715
4 262 264 261 259
4 2803 2805 2760 2800
4 321 319 315 324
4 522 526 533 520
4 923 924 913 917
4 4277 4257 4275 4647
4 2042 234 2041 2046
4 4541 4540 4613 4537
4 2121 2203 2117 2208
4 3674 3642 3683 3684
4 1562 1681 1528 1833
4 1551 1681 1528 1564
4 1486 2302 2292 1482
4 2315 2276 2306 2281
4 1052 1060 1062 1048
4 1096 1097 1106 1103
4 3259 3258 3243 3245
4 4237 2746 4242 2758
4 1547 1554 1575 1532
4 1332 1702 1701 1310
4 3735 3731 3729 3734
4 1681 1688 1683 1677
4 4612 4650 4666 4659
4 3108 3123 3071 3099
4 2030 2032 1994 2025
4 2108 2101 2107 2226
4 1214 1213 1671 1221
4 3555 4175 3525 4339
4 2292 2302 2297 1482
4 3651 3740 3927 3649
4 1971 1970 1964 1968
4 2516 2507 2544 2509
4 1617 1616 1254 1267
4 289 442 440 455
4 2483 2482 2474 2479
4 4547 4542 4539 4545
4 1071 946 954 969
4 2458 2467 3251 3233
4 4261 4294 4228 4234
4 3949 3543 3950 3947
4 1970 1977 1964 1968
4 4020 4034 4045 4040
4 2183 2134 2165 2171
4 596 1004 1010 600
4 3525 3555 4339 3554
4 1436 1441 1440 1403
4 640 638 812 635
4 666 663 658 670
4 1978 1999 2003 1971
4 3751 3864 3872 3742
4 3065 3064 3058 3068
4 2233 2230 2238 2237
4 3244 3220 3217 3249
4 1351 1344 1347 2003
4 2697 2711 2706 2701
4 1261 1617 1255 1267
4 1539 1831 1681 1851
4 4370 4383 4410 4369
4 4123 4099 4092 4105
4 4272 4277 4257 4271
4 3869 3873 3867 3877
4 1552 1539 1681 1677
4 462 524 506 360
4 1521 1523 1619 1517
4 3699 3684 3673 3706
4 2365 2405 2397 2401
4 894 890 889 884
4 3075 3072 3179 3183
4 3529 3588 3963 3586
4 2685 2682 2694 2686
4 1693 1702 1330 1310
4 1704 1693 1692 1703
4 1321 1314 1201 1315
4 3964 3981 3992 3988
4 4648 4643 4649 4653
4 2433 2429 2355 2351
4 356 371 357 364
4 3590 3591 3600 3581
4 3815 3850 3810 3861
4 2511 2563 2550 2506
4 2633 2622 2708 2625
4 1425 1423 1420 1432
4 777 758 787 828
4 211 219 215 207
4 1989 1143 1139 1981
4 1523 1475 1619 1517
4 4139 4157 4147 4144
4 264 252 262 256
4 3522 3525 4339 3554
4 4404 4412 4405 2670
4 3655 3699 3700 3706
4 1854 1682 1687 1677
4 3201 3026 3030 3195
4 879 882 869 881
4 3875 3873 3868 3874
4 2421 2424 2414 2436
4 3753 3788 3768 3747
4 4111 4216 4119 4107
4 1495 2297 4506 4391
4 3064 3063 3062 3060
4 3598 3585 3631 3627
4 3418 3405 3409 3407
4 1208 1209 1203 1259
4 2695 4419 2684 2683
4 4015 1510 1504 1503
4 2701 2747 2706 2633
4 1618 1610 1728 1731
4 3306 3297 3323 3312
4 1449 1457 1450 1476
4 2529 3087 3098 3096
4 3685 3704 3701 3698
4 2612 2606 2613 2608
4 347 1563 402 2179
4 4537 4613 4625 4622
4 1346 1355 1354 1348
4 4602 4614 4623 4615
4 578 575 576 551
4 1490 1494 1488 1487
4 630 610 613 625
4 3277 3269 3265 3258
4 1857 2017 1858 2014
4 3985 3538 3539 3524
4 154 129 201 170
4 88 85 102 84
4 825 824 828 755
4 3525 3522 3550 3554
4 3591 3576 3572 3592
4 2532 2543 2533 2544
4 1465 1462 1521 1517
4 1151 1124 1127 1132
4 746 759 752 761
4 421 419 426 417
4 1425 1409 1432 1414
4 972 976 983 981
4 1947 1893 2011 1898
4 1430 980 1373 1400
4 2503 2506 3261 2509
4 2131 2216 2097 2220
4 2203 1777 2206 2208
4 2726 305 4095 2725
4 2755 2750 2707 2730
4 2826 2366 2830 2823
4 1506 1516 1507 1497
4 1688 1298 1693 1330
4 1916 1913 1910 1912
4 539 542 546 549
4 4416 4403 4374 4425
4 568 544 551 534
4 1414 983 890 1409
4 2863 2891 2879 2881
4 1312 1313 1302 1310
4 1747 1693 1694 1329
4 43 67 59 61
4 1057 1114 1055 1058
4 454 459 446 455
4 1575 1588 1587 1574
4 4432 4430 4437 4419
4 3736 3732 3730 3734
4 4487 4478 4515 4472
4 2683 2695 2680 2684
4 1305 1308 1300 1311
4 4253 2354 4266 4261
4 1688 1681 1690 1336
4 4403 4475 2675 4416
4 3234 2451 2469 2690
4 1042 1086 1064 1075
4 2077 2064 2052 2170
4 2551 2559 3261 3260
4 3977 4044 4010 3984
4 4558 4559 4550 4552
4 1836 1834 1820 1824
4 3944 3900 3968 3946
4 2411 3259 2462 2417
4 4083 4068 4052 4055
4 1092 1131 1103 1152
4 3932 3858 3861 3838
4 4475 4454 4416 4460
4 1600 1588 1596 1543
4 3900 3805 4080 3906
4 2482 2478 2479 2483
4 2515 2502 2501 2514
4 1312 1302 1311 1310
4 2235 2258 2218 2252
4 3922 3750 3910 744
4 858 689 864 684
4 2443 2440 2754 4433
4 3035 3026 3030 3038
4 717 732 721 726
4 4419 2695 2684 2686
4 1374 1383 1382 638
4 2541 2534 2648 2531
4 3914 3878 3872 3874
4 4030 4079 3895 4084
4 1591 1663 1473 1675
4 4246 2788 2774 4240
4 355 1563 402 341
4 2176 2077 2171 2170
4 3402 3388 3389 3393
4 3740 3728 3739 3727
4 1332 1342 1330 1310
4 3473 3421 3467 3460
4 4610 4612 4615 4642
4 2827 2829 2840 2844
4 1008 1018 1015 1005
4 640 636 638 635
4 1033 1039 1045 1035
4 2166 2134 2113 2133
4 3670 3655 3684 3706
4 980 977 974 978
4 3636 3629 3634 3630
4 1547 1544 1556 1602
4 4668 4638 4657 4658
4 1970 1965 870 1982
4 508 522 533 520
4 1143 1987 1147 1984
4 993 655 999 642
4 1342 1303 1311 1310
4 1858 2017 1946 2014
4 3705 3712 3701 3706
4 232 224 50 49
4 1636 1644 1643 4019
4 3703 3692 3709 3706
4 918 921 917 920
4 1856 2010 2017 2014
4 4053 4052 4056 4050
4 217 231 49 268
4 2542 2538 2541 2531
4 988 922 1001 998
4 2110 2121 2208 1752
4 2512 2516 3261 2509
4 3051 3040 3045 3144
4 593 582 222 592
4 1856 2017 1857 2014
4 49 54 268 48
4 3549 3542 3547 3540
4 3903 3815 3940 3896
4 235 2050 242 149
4 1980 2018 2026 1988
4 717 3761 726 728
4 1697 1678 1692 1686
4 2047 2049 2048 2044
4 2405 2408 2409 2401
4 1674 1608 1607 1267
4 2270 2248 2196 2190
4 918 894 923 891
4 35 86 67 23
4 236 234 237 235
4 3305 3298 3301 3307
4 3092 3090 3155 3086
4 3159 3172 3169 3168
4 2366 2833 2819 2381
4 3893 3876 3892 3884
4 2100 2083 2084 2092
4 875 1354 872 886
4 980 1430 974 1405
4 1929 1944 1927 1921
4 1382 1674 1213 1671
4 2718 4412 2725 2724
4 45 46 43 54
4 4173 3520 3523 3525
4 467 465 532 468
4 2594 2371 2606 2613
4 1828 1571 1834 1838
4 1828 1836 1833 1838
4 411 424 420 430
4 2669 2670 2666 2665
4 3715 3713 3718 3734
4 2984 2963 3010 2983
4 1448 1306 1437 1439
4 3908 3938 3928 3899
4 1386 638 1221 1382
4 3193 3205 3199 3194
4 3123 3113 3115 3106
4 1731 1717 1708 1737
4 3538 3526 3966 3524
4 352 4157 4144 343
4 1702 1332 1330 1310
4 760 794 757 755
4 1326 1309 1318 1316
4 2256 2280 2279 2253
4 794 747 799 755
4 3527 3529 3524 3988
4 3719 3590 3717 3721
4 1663 1473 1620 1647
4 2703 2735 2741 2730
4 3196 3035 3047 3204
4 402 2172 2174 2179
4 174 54 268 179
4 2526 2525 2648 2531
4 4266 4253 4261 4263
4 1062 1048 1055 1058
4 4108 4103 4157 343
4 3676 3740 3731 3735
4 421 420 370 417
4 2806 2779 2812 2819
4 2252 2251 2240 2237
4 4258 4266 4261 4263
4 2252 2235 2237 2241
4 3939 3916 3912 3933
4 4542 4528 4539 4545
4 1539 1854 1850 1677
4 3296 3307 3333 3323
4 4123 4125 4114 4121
4 918 921 920 899
4 3734 3740 3718 3735
4 1313 1303 1701 1310
4 1013 1008 1005 1007
4 994 1008 1010 1007
4 774 732 762 776
4 763 762 771 776
4 3525 4177 3521 4339
4 870 875 877 1144
4 1833 1528 1568 1838
4 358 563 2177 2174
4 2329 1576 1815 1822
4 2216 2224 2226 2220
4 3739 3731 3735 3734
4 2291 1481 2320 1482
4 189 526 484 520
4 1651 1658 1654 1659
4 3971 3975 3977 3976
4 3910 807 820 819
4 806 811 810 819
4 173 175 185 179
4 410 2240 2232 413
4 843 797 798 825
4 3205 3193 3199 3204
4 1539 1682 1854 1677
4 1151 1127 1149 1132
4 1970 1965 1977 1968
4 3926 3912 3928 3933
4 3124 3116 3100 3111
4 906 921 907 899
4 1687 1682 1680 1677
4 3957 3967 3921 3923
4 107 108 62 99
4 3588 3587 3506 3586
4 69 63 76 59
4 3199 3180 3203 3198
4 4360 4365 4361 4355
4 3530 3580 3595 4178
4 1481 2291 2302 1482
4 3957 3924 3921 3915
4 905 908 907 902
4 26 653 89 654
4 1919 1926 1758 1930
4 4529 4523 4551 4522
4 1663 1502 1523 1647
4 609 702 708 711
4 899 878 901 876
4 1080 1024 1053 1019
4 2670 4404 2684 2686
4 2036 2033 2023 2025
4 3886 4025 3915 3918
4 1306 1445 1437 1439
4 2851 2857 2873 2870
4 1059 926 939 927
4 2327 2326 1819 1822
4 312 486 319 492
4 1445 1446 1437 1439
4 3763 3766 729 726
4 2073 2126 2129 2068
4 953 1038 1141 957
4 3437 3361 3436 3455
4 2481 2480 2472 2477
4 1295 1273 1291 1288
4 3925 3917 3924 3920
4 2545 2535 2540 2541
4 2354 2390 2776 2753
4 4236 4246 4248 4244
4 186 189 74 79
4 213 205 216 218
4 2322 2320 2325 2328
4 2277 2189 2256 2247
4 3577 3571 3579 3573
4 1597 1577 1588 1543
4 604 609 596 711
4 3943 3986 3947 3992
4 418 419 422 417
4 3438 3430 3436 3441
4 1138 1154 1894 1149
4 4556 4564 4569 4567
4 76 64 73 70
4 1014 1015 1011 1005
4 1674 1203 1213 1259
4 524 462 551 359
4 2769 4237 4108 2762
4 339 337 291 287
4 3448 3431 3455 3436
4 3967 3923 3968 3921
4 3558 3562 4363 3553
4 4475 4466 4463 4460
4 3528 4308 4245 4247
4 1558 1903 1948 1776
4 1774 1769 1768 1767
4 2669 2685 2694 2684
4 3307 3282 3266 3295
4 3676 3740 3735 3729
4 1473 1478 1624 1475
4 743 732 741 742
4 3257 3259 3261 3260
4 223 228 227 226
4 4226 2782 2776 2781
4 1625 1466 1475 1622
4 2191 2187 2266 2263
4 1817 1829 1830 1811
4 703 712 662 713
4 2869 2743 2872 2867
4 1039 1034 1042 1064
4 1623 1620 1625 1665
4 3156 2950 3148 2939
4 2555 2396 2557 2404
4 3348 3350 3343 3345
4 3278 3270 3257 3275
4 3421 3417 3426 3424
4 1057 1103 1114 1058
4 3308 3301 3299 3302
4 2755 2752 2745 2757
4 3628 3622 3627 3631
4 4609 4605 2444 2431
4 3631 3572 3567 3573
4 868 883 871 877
4 481 490 484 476
4 1720 1705 1478 1624
4 565 556 141 557
4 1123 1134 1125 904
4 3680 3681 3684 3670
4 2885 2916 2890 2917
4 2121 1777 2208 1752
4 3142 3135 3134 3129
4 3479 3473 3462 3478
4 4484 4479 4488 4485
4 33 30 37 39
4 818 816 815 808
4 2379 2382 2384 2360
4 1277 1268 1273 1275
4 1345 1355 1349 1354
4 1972 1975 1964 1969
4 3337 3249 3328 3238
4 1588 1547 1575 1587
4 1403 1436 1408 1447
4 564 356 566 361
4 9 0 10 5
4 4416 4417 4427 4425
4 2380 2378 2392 2388
4 2816 2378 2819 2812
4 1021 1026 1023 1044
4 3314 3213 3297 3310
4 3905 3855 3916 3852
4 4237 4197 4108 4245
4 3094 3088 3095 3091
4 3046 3047 3035 3049
4 3529 3598 310 342
4 2930 2934 2927 2929
4 3196 3037 3160 3034
4 3811 3954 3815 3805
4 4483 4485 4550 4490
4 3301 3297 3296 3306
4 4416 4460 4417 4465
4 2707 2755 2747 2706
4 3196 3035 3205 3032
4 1347 1363 1335 1368
4 2466 3062 3235 3122
4 3782 3714 3724 3716
4 1661 4015 4016 4005
4 3703 3705 3690 3698
4 1573 1570 1568 1564
4 4328 4660 4329 4335
4 3571 3576 3573 3577
4 693 698 685 699
4 1826 1578 1575 1574
4 2043 2041 234 2038
4 4453 4538 4543 4455
4 404 410 411 412
4 62 64 65 59
4 4566 4571 4569 4568
4 921 918 917 919
4 2768 2769 2772 2771
4 145 157 154 143
4 3387 3424 3426 3428
4 2780 2775 2779 2390
4 1360 1358 1347 1366
4 1378 1383 1393 1387
4 564 561 555 566
4 1037 1033 1038 1035
4 2573 2470 2589 2571
4 4229 4233 4231 4232
4 4095 4103 4096 2723
4 598 609 604 599
4 2799 2796 2800 2804
4 3961 3944 3943 3983
4 3855 3905 3940 3861
4 87 95 97 96
4 1531 1528 1532 1538
4 2716 2724 2651 2672
4 168 163 210 172
4 3217 3221 3210 3216
4 4057 4081 3816 4052
4 2198 2223 2220 2209
4 320 314 312 316
4 3893 3941 3913 3908
4 3327 3319 3310 3318
4 4418 4422 4428 4370
4 1237 1236 1231 1227
4 3014 3035 3024 3020
4 2866 2577 2586 2876
4 764 770 785 787
4 441 438 431 443
4 7 266 13 3
4 832 835 834 831
4 3049 3035 3038 3047
4 807 3750 808 3910
4 320 3597 3607 3596
4 3385 3400 3384 3395
4 3749 3746 3744 3752
4 2168 2181 2175 2171
4 2805 2796 2894 2800
4 371 383 367 357
4 1306 1326 1314 1316
4 4025 1214 1224 1215
4 4026 4021 1644 1215
4 3857 3859 3860 3863
4 1967 1975 868 872
4 4190 4222 4200 4184
4 1778 1764 1767 1962
4 1748 1666 1206 1746
4 3786 3785 3782 3787
4 922 916 923 941
4 1305 1344 1303 1342
4 2744 2747 2740 2756
4 529 536 535 528
4 3751 3742 3756 3753
4 691 708 644 648
4 4064 1241 4060 1248
4 3273 3259 3243 3237
4 1518 1526 1525 1517
4 1433 1422 1187 1424
4 1443 1421 1432 1447
4 576 568 551 533
4 2198 2193 2196 2190
4 3390 3385 3389 3387
4 928 932 939 929
4 3540 3985 3539 3996
4 336 3611 3623 3614
4 233 232 226 225
4 2973 2978 2981 2968
4 2801 2793 2791 2804
4 739 3769 3767 737
4 3733 3739 3727 3734
4 1213 1257 1635 1267
4 2091 2095 2082 2090
4 3894 3887 3889 3882
4 3054 3129 3134 3188
4 4496 4497 4494 4490
4 3289 3401 3285 3288
4 3195 3192 3203 3180
4 2683 4430 4423 4419
4 1885 1864 1861 1884
4 858 847 695 839
4 438 541 436 546
4 647 650 656 648
4 3350 3348 3342 3339
4 4521 4532 4533 4522
4 681 866 864 684
4 1663 4013 1664 1561
4 1432 1400 980 1430
4 3994 3989 3991 3993
4 4058 4067 4055 1230
4 582 486 312 581
4 2986 3053 3035 3042
4 4415 4474 4465 4462
4 4060 4069 4064 4068
4 977 986 975 980
4 1004 1009 1012 1376
4 774 762 763 776
4 2031 2022 2032 2034
4 3195 3180 3203 3199
4 3053 3047 3040 3051
4 3756 3751 3753 3747
4 2311 2313 2315 1567
4 2371 2826 2377 2368
4 3845 3841 3834 3863
4 410 404 386 412
4 2971 2929 2976 2967
4 4169 4168 4303 4301
4 3196 3161 3147 3154
4 2070 2135 2129 2072
4 615 1393 621 1402
4 2880 2915 2885 2882
4 2435 2437 2439 2427
4 2467 2465 2469 2458
4 1399 1395 1397 1389
4 1391 1395 1399 616
4 3269 3253 3258 3275
4 2886 2846 2840 2823
4 4385 4392 4395 4396
4 2874 2620 2870 2876
4 2080 2081 2107 413
4 2799 2793 2801 2804
4 111 113 103 98
4 797 843 860 825
4 4539 4476 4480 4545
4 1945 1934 1947 1946
4 2725 2259 403 346
4 1135 1131 1132 1128
4 199 203 191 194
4 2409 2557 2400 2404
4 630 623 614 625
4 917 922 923 925
4 574 577 579 552
4 593 183 104 61
4 176 72 71 178
4 78 176 74 186
4 750 785 758 789
4 2818 2848 2844 2815
4 4190 4183 4222 4184
4 3945 3958 3944 3955
4 1807 1808 1792 1789
4 1892 1907 1886 1904
4 3324 3281 3328 3333
4 4101 4094 4100 4090
4 4129 4094 4104 4101
4 883 918 871 923
4 917 918 925 923
4 2693 3059 2691 2689
4 2870 2874 2876 2872
4 1399 616 620 626
4 4176 4165 3533 3531
4 3792 3800 3789 3798
4 252 238 2149 253
4 3410 3402 3409 3382
4 348 350 346 345
4 2117 2121 2208 2120
4 2182 2162 2167 2139
4 1467 1470 1479 1477
4 1472 1466 1475 1478
4 1480 1470 1478 1479
4 46 30 38 39
4 3909 3902 3906 3898
4 1390 1397 1394 1395
4 4609 4608 4605 2431
4 813 3750 737 808
4 3484 3502 3485 3475
4 3486 3483 3477 3485
4 513 515 195 187
4 2892 2885 2880 2890
4 3809 3817 3808 3792
4 2485 2491 2493 2489
4 821 850 825 822
4 722 730 725 723
4 1511 1521 1518 1517
4 3392 3299 3408 3308
4 1670 4013 4001 349
4 2297 4393 2288 2301
4 3772 3757 3766 3761
4 3564 4161 4143 4156
4 1331 1332 1342 1330
4 4364 4366 4357 4367
4 2904 2908 2901 2893
4 1862 1868 1864 1863
4 2637 2638 2646 2643
4 3507 3505 3580 3531
4 3419 3284 3304 3422
4 2091 2092 2090 2106
4 691 584 696 583
4 3417 3284 3400 3419
4 1047 1153 1160 1156
4 447 454 459 446
4 3010 2985 2992 2983
4 4072 4083 4068 4061
4 2424 2430 2425 2436
4 275 279 274 277
4 3755 3737 3743 3747
4 2842 2841 2838 2791
4 4478 4466 4463 4495
4 2948 2950 2949 3146
4 3862 3831 3863 3810
4 254 274 265 251
4 3458 3452 3455 3450
4 4461 4467 4473 4466
4 815 821 810 846
4 3480 3486 3442 3435
4 3925 3743 3737 3927
4 3950 3543 3539 3947
4 95 97 100 85
4 1901 1899 1890 1898
4 1496 1509 1513 1512
4 4540 4566 4531 4568
4 846 842 849 840
4 3031 3039 3033 3034
4 2335 2336 2337 2344
4 1 0 10 2
4 890 1409 981 1418
4 3256 2503 3261 2513
4 3601 3605 3634 3607
4 2929 2932 2975 2933
4 1025 1026 1027 1019
4 3819 3824 3833 3822
4 265 221 209 226
4 3858 3932 3861 3848
4 3199 3178 3182 3165
4 1460 1456 1453 1455
4 2337 2414 2344 2436
4 604 605 625 600
4 2516 2544 2648 2531
4 2969 2970 2961 2972
4 1271 1294 1269 1270
4 3958 3967 3959 3968
4 2240 302 2259 403
4 491 483 485 479
4 1670 3911 4045 3918
4 2131 2124 2135 2128
4 4249 4235 4232 4248
4 2729 2592 2649 2367
4 3227 3249 3241 3217
4 646 667 649 644
4 3836 3845 3851 3835
4 4235 4287 4225 4282
4 1750 1753 1787 1761
4 165 176 161 175
4 631 640 587 632
4 3244 3220 3216 3217
4 1668 1672 1634 1671
4 3625 3638 3602 3635
4 3139 3147 3176 3183
4 189 70 74 79
4 1544 1543 1547 1546
4 3587 3516 3506 3586
4 1956 1870 1882 1876
4 3092 3157 3079 3155
4 1365 1305 1363 1368
4 2270 2262 2268 2263
4 1875 1558 1571 1867
4 3040 3055 3134 3202
4 4096 4103 4092 4117
4 3838 3804 3843 3834
4 1206 1690 1703 1746
4 355 350 348 345
4 3128 3088 3121 3126
4 1952 1963 1954 1957
4 332 293 288 329
4 4318 4324 4319 4315
4 2281 2275 2288 4389
4 3433 3452 3431 3361
4 3452 3433 3494 3361
4 3648 3692 3684 3665
4 4442 4474 4460 4458
4 2317 2300 2294 2298
4 3338 3325 3331 3336
4 3335 3347 3338 3340
4 388 394 386 389
4 3312 3297 3323 3310
4 3651 3749 3752 3740
4 2324 2332 2325 2319
4 2709 2702 2715 2697
4 1024 1027 1113 1053
4 3665 3658 3659 3641
4 1309 1317 1312 1308
4 2318 2304 2306 2305
4 482 485 492 476
4 3430 3438 3436 3445
4 3583 3730 3514 3586
4 1946 1960 1859 1868
4 1382 1664 1672 1386
4 2485 2536 2476 2472
4 45 51 50 55
4 4044 4014 4003 4042
4 3448 3445 3431 3436
4 3552 3561 3551 3550
4 2071 2075 2079 2067
4 3392 3398 3384 3395
4 4187 2765 2762 4185
4 852 854 858 840
4 2929 2932 2933 2927
4 1432 1419 1424 1422
4 1195 1185 1193 1192
4 2827 2820 2849 2840
4 4157 4107 4218 4109
4 1945 1935 1946 1943
4 3004 3021 3007 2998
4 3181 3203 3180 3200
4 2155 2163 2154 2162
4 1841 1687 1677 1854
4 3978 3980 3943 3983
4 4325 4330 4326 4327
4 405 404 410 411
4 4202 4158 4205 4203
4 4336 4275 4650 4659
4 569 580 576 574
4 3308 3386 3408 3392
4 4172 3521 4178 4166
4 585 587 635 632
4 1892 257 1904 261
4 4283 4257 4292 4272
4 4319 4313 4322 4311
4 321 497 318 316
4 3044 2938 3045 3136
4 3044 3045 2932 3053
4 4038 4065 4041 4061
4 1932 1938 1906 1939
4 1210 1323 1725 1734
4 387 391 399 412
4 1697 1678 1704 1692
4 3003 3004 3007 2998
4 1004 1006 1376 592
4 3304 3300 3306 3302
4 3286 3284 3289 3293
4 3258 2551 3254 3260
4 368 560 538 359
4 3124 3117 3060 3115
4 217 208 164 226
4 2299 4510 2300 4512
4 3062 3059 3126 3057
4 1410 1970 1354 1971
4 490 481 484 478
4 1372 1403 1353 1362
4 4225 4268 4263 4244
4 2366 2377 2373 2381
4 4080 3900 3906 3898
4 3836 3845 3854 3851
4 3440 3443 3480 3430
4 1270 1294 1269 1276
4 3561 3553 3550 3563
4 1430 1428 1373 1429
4 868 1348 888 872
4 461 447 459 456
4 2390 2366 2373 2381
4 3907 3903 3934 3938
4 2606 2874 2825 2867
4 1615 1609 1620 1621
4 3623 3611 3616 3615
4 4560 4550 4561 3993
4 2620 2874 2870 2605
4 919 921 901 911
4 37 33 39 23
4 1395 1399 1397 1394
4 1114 1054 1053 1058
4 1205 1209 1166 1168
4 223 228 229 227
4 2462 2414 2468 2464
4 1609 1666 1647 1660
4 562 561 560 552
4 2985 2987 2988 2986
4 2986 3018 3049 3020
4 3329 3328 3307 3337
4 3995 4008 4493 4492
4 2323 2322 2325 2319
4 1324 1724 1319 1315
4 2490 2536 2486 2496
4 4066 4022 4021 4030
4 2830 2606 2825 2833
4 3672 3718 3731 3734
4 559 356 361 566
4 2172 2126 2131 2169
4 4180 4197 4200 4186
4 13 1 1038 1043
4 3129 3147 3150 3176
4 338 336 329 4122
4 216 206 163 210
4 2646 2637 2643 2642
4 3194 3170 3163 3162
4 2457 2465 2456 2464
4 3843 3648 3649 3837
4 1998 1994 2002 1995
4 2222 2223 2216 2224
4 4323 4337 4311 4278
4 933 924 923 911
4 1370 1357 1366 1372
4 1558 2033 1571 1867
4 54 43 74 61
4 1863 1868 1864 1858
4 1868 1869 1845 1864
4 526 535 478 528
4 1177 1168 1205 1166
4 3305 3289 3284 3291
4 722 724 730 723
4 479 801 485 491
4 2698 2709 2706 2697
4 2619 2607 2618 2613
4 974 1412 981 1413
4 2470 2514 2479 2589
4 2172 2153 2126 2169
4 1117 1115 1108 1116
4 1207 1674 1213 1379
4 2065 2063 2052 2053
4 1117 1030 1027 1108
4 2857 2878 2892 2873
4 1222 1214 1216 1221
4 4501 4496 4502 4494
4 52 159 166 171
4 366 359 360 555
4 2516 3116 3096 2643
4 703 705 713 716
4 3688 3651 3776 3749
4 2235 2218 2225 2224
4 3941 3913 3927 3743
4 1244 1239 1251 1253
4 1922 1938 1932 1939
4 4421 4415 4417 4424
4 1153 1139 1151 1127
4 3922 3956 3957 3965
4 3324 3330 3333 3337
4 744 3596 733 3598
4 1640 1639 1644 1643
4 257 1892 1900 261
4 4002 4010 4000 4012
4 1041 1044 1040 1046
4 3938 3934 3929 3935
4 2527 2650 2490 2521
4 4516 4507 4509 4513
4 494 498 506 456
4 4445 4438 4432 4437
4 4287 4282 4284 4285
4 729 3750 737 813
4 3712 3699 3701 3706
4 121 802 795 485
4 1356 1416 1354 1417
4 3104 3107 3110 3111
4 4526 4537 4622 4519
4 340 446 455 323
4 427 428 425 430
4 2189 2193 2198 2192
CELL_TYPES 19379
10
10
10
10
10
10
10
10
10
10
10
10
10
10
10
10
10
10
10
10
10
10
10
10
10
10
10
10
10
10
10
10
10
10
10
10
10
10
10
10
10
10
10
10
10
10
10
10
10
10
10
10
10
10
10
10
10
10
10
10
10
10
10
10
10
10
10
10
10
10
10
10
10
10
10
10
10
10
10
10
10
10
10
10
10
10
10
10
10
10
10
10
10
10
10
10
10
10
10
10
10
10
10
10
10
10
10
10
10
10
10
10
10
10
10
10
10
10
10
10
10
10
10
10
10
10
10
10
10
10
10
10
10
10
10
10
10
10
10
10
10
10
10
10
10
10
10
10
10
10
10
10
10
10
10
10
10
10
10
10
10
10
10
10
10
10
10
10
10
10
10
10
10
10
10
10
10
10
10
10
10
10
10
10
10
10
10
10
10
10
10
10
10
10
10
10
10
10
10
10
10
10
10
10
10
10
10
10
10
10
10
10
10
10
10
10
10
10
10
10
10
10
10
10
10
10
10
10
10
10
10
10
10
10
10
10
10
10
10
10
10
10
10
10
10
10
10
10
10
10
10
10
10
10
10
10
10
10
10
10
10
10
10
10
10
10
10
10
10
10
10
10
10
10
10
10
10
10
10
10
10
10
10
10
10
10
10
10
10
10
10
10
10
10
10
10
10
10
10
10
10
10
10
10
10
10
10
10
10
10
10
10
10
10
10
10
10
10
10
10
10
10
10
10
10
10
10
10
10
10
10
10
10
10
10
10
10
10
10
10
10
10
10
10
10
10
10
10
10
10
10
10
10
10
10
10
10
10
10
10
10
10
10
10
10
10
10
10
10
10
10
10
10
10
10
10
10
10
10
10
10
10
10
10
10
10
10
10
10
10
10
10
10
10
10
10
10
10
10
10
10
10
10
10
10
10
10
10
10
10
10
10
10
10
10
10
10
10
10
10
10
10
10
10
10
10
10
10
10
10
10
10
10
10
10
10
10
10
10
10
10
10
10
10
10
10
10
10
10
10
10
10
10
10
10
10
10
10
10
10
10
10
10
10
10
10
10
10
10
10
10
10
10
10
10
10
10
10
10
10
10
10
10
10
10
10
10
10
10
10
10
10
10
10
10
10
10
10
10
10
10
10
10
10
10
10
10
10
10
10
10
10
10
10
10
10
10
10
10
10
10
10
10
10
10
10
10
10
10
10
10
10
10
10
10
10
10
10
10
10
10
10
10
10
10
10
10
10
10
10
10
10
10
10
10
10
10
10
10
10
10
10
10
10
10
10
10
10
10
10
10
10
10
10
10
10
10
10
10
10
10
10
10
10
10
10
10
10
10
10
10
10
10
10
10
10
10
10
10
10
10
10
10
10
10
10
10
10
10
10
10
10
10
10
10
10
10
10
10
10
10
10
10
10
10
10
10
10
10
10
10
10
10
10
10
10
10
10
10
10
10
10
10
10
10
10
10
10
10
10
10
10
10
10
10
10
10
10
10
10
10
10
10
10
10
10
10
10
10
10
10
10
10
10
10
10
10
10
10
10
10
10
10
10
10
10
10
10
10
10
10
10
10
10
10
10
10
10
10
10
10
10
10
10
10
10
10
10
10
10
10
10
10
10
10
10
10
10
10
10
10
10
10
10
10
10
10
10
10
10
10
10
10
10
10
10
10
10
10
10
10
10
10
10
10
10
10
10
10
10
10
10
10
10
10
10
10
10
10
10
10
10
10
10
10
10
10
10
10
10
10
10
10
10
10
10
10
10
10
10
10
10
10
10
10
10
10
10
10
10
10
10
10
10
10
10
10
10
10
10
10
10
10
10
10
10
10
10
10
10
10
10
10
10
10
10
10
10
10
10
10
10
10
10
10
10
10
10
10
10
10
10
10
10
10
10
10
10
10
10
10
10
10
10
10
10
10
10
10
10
10
10
10
10
10
10
10
10
10
10
10
10
10
10
10
10
10
10
10
10
10
10
10
10
10
10
10
10
10
10
10
10
10
10
10
10
10
10
10
10
10
10
10
10
10
10
10
10
10
10
10
10
10
10
10
10
10
10
10
10
10
10
10
10
10
10
10
10
10
10
10
10
10
10
10
10
10
10
10
10
10
10
10
10
10
10
10
10
10
10
10
10
10
10
10
10
10
10
10
10
10
10
10
10
10
10
10
10
10
10
10
10
10
10
10
10
10
10
10
10
10
10
10
10
10
10
10
10
10
10
10
10
10
10
10
10
10
10
10
10
10
10
10
10
10
10
10
10
10
10
10
10
10
10
10
10
10
10
10
10
10
10
10
10
10
10
10
10
10
10
10
10
10
10
10
10
10
10
10
10
10
10
10
10
10
10
10
10
10
10
10
10
10
10
10
10
10
10
10
10
10
10
10
10
10
10
10
10
10
10
10
10
10
10
10
10
10
10
10
10
10
10
10
10
10
10
10
10
10
10
10
10
10
10
10
10
10
10
10
10
10
10
10
10
10
10
10
10
10
10
10
10
10
10
10
10
10
10
10
10
10
10
10
10
10
10
10
10
10
10
10
10
10
10
10
10
10
10
10
10
10
10
10
10
10
10
10
10
10
10
10
10
10
10
10
10
10
10
10
10
10
10
10
10
10
10
10
10
10
10
10
10
10
10
10
10
10
10
10
10
10
10
10
10
10
10
10
10
10
10
10
10
10
10
10
10
10
10
10
10
10
10
10
10
10
10
10
10
10
10
10
10
10
10
10
10
10
10
10
10
10
10
10
10
10
10
10
10
10
10
10
10
10
10
10
10
10
10
10
10
10
10
10
10
10
10
10
10
10
10
10
10
10
10
10
10
10
10
10
10
10
10
10
10
10
10
10
10
10
10
10
10
10
10
10
10
10
10
10
10
10
10
10
10
10
10
10
10
10
10
10
10
10
10
10
10
10
10
10
10
10
10
10
10
10
10
10
10
10
10
10
10
10
10
10
10
10
10
10
10
10
10
10
10
10
10
10
10
10
10
10
10
10
10
10
10
10
10
10
10
10
10
10
10
10
10
10
10
10
10
10
10
10
10
10
10
10
10
10
10
10
10
10
10
10
10
10
10
10
10
10
10
10
10
10
10
10
10
10
10
10
10
10
10
10
10
10
10
10
10
10
10
10
10
10
10
10
10
10
10
10
10
10
10
10
10
10
10
10
10
10
10
10
10
10
10
10
10
10
10
10
10
10
10
10
10
10
10
10
10
10
10
10
10
10
10
10
10
10
10
10
10
10
10
10
10
10
10
10
10
10
10
10
10
10
10
10
10
10
10
10
10
10
10
10
10
10
10
10
10
10
10
10
10
10
10
10
10
10
10
10
10
10
10
10
10
10
10
10
10
10
10
10
10
10
10
10
10
10
10
10
10
10
10
10
10
10
10
10
10
10
10
10
10
10
10
10
10
10
10
10
10
10
10
10
10
10
10
10
10
10
10
10
10
10
10
10
10
10
10
10
10
10
10
10
10
10
10
10
10
10
10
10
10
10
10
10
10
10
10
10
10
10
10
10
10
10
10
10
10
10
10
10
10
10
10
10
10
10
10
10
10
10
10
10
10
10
10
10
10
10
10
10
10
10
10
10
10
10
10
10
10
10
10
10
10
10
10
10
10
10
10
10
10
10
10
10
10
10
10
10
10
10
10
10
10
10
10
10
10
10
10
10
10
10
10
10
10
10
10
10
10
10
10
10
10
10
10
10
10
10
10
10
10
10
10
10
10
10
10
10
10
10
10
10
10
10
10
10
10
10
10
10
10
10
10
10
10
10
10
10
10
10
10
10
10
10
10
10
10
10
10
10
10
10
10
10
10
10
10
10
10
10
10
10
10
10
10
10
10
10
10
10
10
10
10
10
10
10
10
10
10
10
10
10
10
10
10
10
10
10
10
10
10
10
10
10
10
10
10
10
10
10
10
10
10
10
10
10
10
10
10
10
10
10
10
10
10
10
10
10
10
10
10
10
10
10
10
10
10
10
10
10
10
10
10
10
10
10
10
10
10
10
10
10
10
10
10
10
10
10
10
10
10
10
10
10
10
10
10
10
10
10
10
10
10
10
10
10
10
10
10
10
10
10
10
10
10
10
10
10
10
10
10
10
10
10
10
10
10
10
10
10
10
10
10
10
10
10
10
10
10
10
10
10
10
10
10
10
10
10
10
10
10
10
10
10
10
10
10
10
10
10
10
10
10
10
10
10
10
10
10
10
10
10
10
10
10
10
10
10
10
10
10
10
10
10
10
10
10
10
10
10
10
10
10
10
10
10
10
10
10
10
10
10
10
10
10
10
10
10
10
10
10
10
10
10
10
10
10
10
10
10
10
10
10
10
10
10
10
10
10
10
10
10
10
10
10
10
10
10
10
10
10
10
10
10
10
10
10
10
10
10
10
10
10
10
10
10
10
10
10
10
10
10
10
10
10
10
10
10
10
10
10
10
10
10
10
10
10
10
10
10
10
10
10
10
10
10
10
10
10
10
10
10
10
10
10
10
10
10
10
10
10
10
10
10
10
10
10
10
10
10
10
10
10
10
10
10
10
10
10
10
10
10
10
10
10
10
10
10
10
10
10
10
10
10
10
10
10
10
10
10
10
10
10
10
10
10
10
10
10
10
10
10
10
10
10
10
10
10
10
10
10
10
10
10
10
10
10
10
10
10
10
10
10
10
10
10
10
10
10
10
10
10
10
10
10
10
10
10
10
10
10
10
10
10
10
10
10
10
10
10
10
10
10
10
10
10
10
10
10
10
10
10
10
10
10
10
10
10
10
10
10
10
10
10
10
10
10
10
10
10
10
10
10
10
10
10
10
10
10
10
10
10
10
10
10
10
10
10
10
10
10
10
10
10
10
10
10
10
10
10
10
10
10
10
10
10
10
10
10
10
10
10
10
10
10
10
10
10
10
10
10
10
10
10
10
10
10
10
10
10
10
10
10
10
10
10
10
10
10
10
10
10
10
10
10
10
10
10
10
10
10
10
10
10
10
10
10
10
10
10
10
10
10
10
10
10
10
10
10
10
10
10
10
10
10
10
10
10
10
10
10
10
10
10
10
10
10
10
10
10
10
10
10
10
10
10
10
10
10
10
10
10
10
10
10
10
10
10
10
10
10
10
10
10
10
10
10
10
10
10
10
10
10
10
10
10
10
10
10
10
10
10
10
10
10
10
10
10
10
10
10
10
10
10
10
10
10
10
10
10
10
10
10
10
10
10
10
10
10
10
10
10
10
10
10
10
10
10
10
10
10
10
10
10
10
10
10
10
10
10
10
10
10
10
10
10
10
10
10
10
10
10
10
10
10
10
10
10
10
10
10
10
10
10
10
10
10
10
10
10
10
10
10
10
10
10
10
10
10
10
10
10
10
10
10
10
10
10
10
10
10
10
10
10
10
10
10
10
10
10
10
10
10
10
10
10
10
10
10
10
10
10
10
10
10
10
10
10
10
10
10
10
10
10
10
10
10
10
10
10
10
10
10
10
10
10
10
10
10
10
10
10
10
10
10
10
10
10
10
10
10
10
10
10
10
10
10
10
10
10
10
10
10
10
10
10
10
10
10
10
10
10
10
10
10
10
10
10
10
10
10
10
10
10
10
10
10
10
10
10
10
10
10
10
10
10
10
10
10
10
10
10
10
10
10
10
10
10
10
10
10
10
10
10
10
10
10
10
10
10
10
10
10
10
10
10
10
10
10
10
10
10
10
10
10
10
10
10
10
10
10
10
10
10
10
10
10
10
10
10
10
10
10
10
10
10
10
10
10
10
10
10
10
10
10
10
10
10
10
10
10
10
10
10
10
10
10
10
10
10
10
10
10
10
10
10
10
10
10
10
10
10
10
10
10
10
10
10
10
10
10
10
10
10
10
10
10
10
10
10
10
10
10
10
10
10
10
10
10
10
10
10
10
10
10
10
10
10
10
10
10
10
10
10
10
10
10
10
10
10
10
10
10
10
10
10
10
10
10
10
10
10
10
10
10
10
10
10
10
10
10
10
10
10
10
10
10
10
10
10
10
10
10
10
10
10
10
10
10
10
10
10
10
10
10
10
10
10
10
10
10
10
10
10
10
10
10
10
10
10
10
10
10
10
10
10
10
10
10
10
10
10
10
10
10
10
10
10
10
10
10
10
10
10
10
10
10
10
10
10
10
10
10
10
10
10
10
10
10
10
10
10
10
10
10
10
10
10
10
10
10
10
10
10
10
10
10
10
10
10
10
10
10
10
10
10
10
10
10
10
10
10
10
10
10
10
10
10
10
10
10
10
10
10
10
10
10
10
10
10
10
10
10
10
10
10
10
10
10
10
10
10
10
10
10
10
10
10
10
10
10
10
10
10
10
10
10
10
10
10
10
10
10
10
10
10
10
10
10
10
10
10
10
10
10
10
10
10
10
10
10
10
10
10
10
10
10
10
10
10
10
10
10
10
10
10
10
10
10
10
10
10
10
10
10
10
10
10
10
10
10
10
10
10
10
10
10
10
10
10
10
10
10
10
10
10
10
10
10
10
10
10
10
10
10
10
10
10
10
10
10
10
10
10
10
10
10
10
10
10
10
10
10
10
10
10
10
10
10
10
10
10
10
10
10
10
10
10
10
10
10
10
10
10
10
10
10
10
10
10
10
10
10
10
10
10
10
10
10
10
10
10
10
10
10
10
10
10
10
10
10
10
10
10
10
10
10
10
10
10
10
10
10
10
10
10
10
10
10
10
10
10
10
10
10
10
10
10
10
10
10
10
10
10
10
10
10
10
10
10
10
10
10
10
10
10
10
10
10
10
10
10
10
10
10
10
10
10
10
10
10
10
10
10
10
10
10
10
10
10
10
10
10
10
10
10
10
10
10
10
10
10
10
10
10
10
10
10
10
10
10
10
10
10
10
10
10
10
10
10
10
10
10
10
10
10
10
10
10
10
10
10
10
10
10
10
10
10
10
10
10
10
10
10
10
10
10
10
10
10
10
10
10
10
10
10
10
10
10
10
10
10
10
10
10
10
10
10
10
10
10
10
10
10
10
10
10
10
10
10
10
10
10
10
10
10
10
10
10
10
10
10
10
10
10
10
10
10
10
10
10
10
10
10
10
10
10
10
10
10
10
10
10
10
10
10
10
10
10
10
10
10
10
10
10
10
10
10
10
10
10
10
10
10
10
10
10
10
10
10
10
10
10
10
10
10
10
10
10
10
10
10
10
10
10
10
10
10
10
10
10
10
10
10
10
10
10
10
10
10
10
10
10
10
10
10
10
10
10
10
10
10
10
10
10
10
10
10
10
10
10
10
10
10
10
10
10
10
10
10
10
10
10
10
10
10
10
10
10
10
10
10
10
10
10
10
10
10
10
10
10
10
10
10
10
10
10
10
10
10
10
10
10
10
10
10
10
10
10
10
10
10
10
10
10
10
10
10
10
10
10
10
10
10
10
10
10
10
10
10
10
10
10
10
10
10
10
10
10
10
10
10
10
10
10
10
10
10
10
10
10
10
10
10
10
10
10
10
10
10
10
10
10
10
10
10
10
10
10
10
10
10
10
10
10
10
10
10
10
10
10
10
10
10
10
10
10
10
10
10
10
10
10
10
10
10
10
10
10
10
10
10
10
10
10
10
10
10
10
10
10
10
10
10
10
10
10
10
10
10
10
10
10
10
10
10
10
10
10
10
10
10
10
10
10
10
10
10
10
10
10
10
10
10
10
10
10
10
10
10
10
10
10
10
10
10
10
10
10
10
10
10
10
10
10
10
10
10
10
10
10
10
10
10
10
10
10
10
10
10
10
10
10
10
10
10
10
10
10
10
10
10
10
10
10
10
10
10
10
10
10
10
10
10
10
10
10
10
10
10
10
10
10
10
10
10
10
10
10
10
10
10
10
10
10
10
10
10
10
10
10
10
10
10
10
10
10
10
10
10
10
10
10
10
10
10
10
10
10
10
10
10
10
10
10
10
10
10
10
10
10
10
10
10
10
10
10
10
10
10
10
10
10
10
10
10
10
10
10
10
10
10
10
10
10
10
10
10
10
10
10
10
10
10
10
10
10
10
10
10
10
10
10
10
10
10
10
10
10
10
10
10
10
10
10
10
10
10
10
10
10
10
10
10
10
10
10
10
10
10
10
10
10
10
10
10
10
10
10
10
10
10
10
10
10
10
10
10
10
10
10
10
10
10
10
10
10
10
10
10
10
10
10
10
10
10
10
10
10
10
10
10
10
10
10
10
10
10
10
10
10
10
10
10
10
10
10
10
10
10
10
10
10
10
10
10
10
10
10
10
10
10
10
10
10
10
10
10
10
10
10
10
10
10
10
10
10
10
10
10
10
10
10
10
10
10
10
10
10
10
10
10
10
10
10
10
10
10
10
10
10
10
10
10
10
10
10
10
10
10
10
10
10
10
10
10
10
10
10
10
10
10
10
10
10
10
10
10
10
10
10
10
10
10
10
10
10
10
10
10
10
10
10
10
10
10
10
10
10
10
10
10
10
10
10
10
10
10
10
10
10
10
10
10
10
10
10
10
10
10
10
10
10
10
10
10
10
10
10
10
10
10
10
10
10
10
10
10
10
10
10
10
10
10
10
10
10
10
10
10
10
10
10
10
10
10
10
10
10
10
10
10
10
10
10
10
10
10
10
10
10
10
10
10
10
10
10
10
10
10
10
10
10
10
10
10
10
10
10
10
10
10
10
10
10
10
10
10
10
10
10
10
10
10
10
10
10
10
10
10
10
10
10
10
10
10
10
10
10
10
10
10
10
10
10
10
10
10
10
10
10
10
10
10
10
10
10
10
10
10
10
10
10
10
10
10
10
10
10
10
10
10
10
10
10
10
10
10
10
10
10
10
10
10
10
10
10
10
10
10
10
10
10
10
10
10
10
10
10
10
10
10
10
10
10
10
10
10
10
10
10
10
10
10
10
10
10
10
10
10
10
10
10
10
10
10
10
10
10
10
10
10
10
10
10
10
10
10
10
10
10
10
10
10
10
10
10
10
10
10
10
10
10
10
10
10
10
10
10
10
10
10
10
10
10
10
10
10
10
10
10
10
10
10
10
10
10
10
10
10
10
10
10
10
10
10
10
10
10
10
10
10
10
10
10
10
10
10
10
10
10
10
10
10
10
10
10
10
10
10
10
10
10
10
10
10
10
10
10
10
10
10
10
10
10
10
10
10
10
10
10
10
10
10
10
10
10
10
10
10
10
10
10
10
10
10
10
10
10
10
10
10
10
10
10
10
10
10
10
10
10
10
10
10
10
10
10
10
10
10
10
10
10
10
10
10
10
10
10
10
10
10
10
10
10
10
10
10
10
10
10
10
10
10
10
10
10
10
10
10
10
10
10
10
10
10
10
10
10
10
10
10
10
10
10
10
10
10
10
10
10
10
10
10
10
10
10
10
10
10
10
10
10
10
10
10
10
10
10
10
10
10
10
10
10
10
10
10
10
10
10
10
10
10
10
10
10
10
10
10
10
10
10
10
10
10
10
10
10
10
10
10
10
10
10
10
10
10
10
10
10
10
10
10
10
10
10
10
10
10
10
10
10
10
10
10
10
10
10
10
10
10
10
10
10
10
10
10
10
10
10
10
10
10
10
10
10
10
10
10
10
10
10
10
10
10
10
10
10
10
10
10
10
10
10
10
10
10
10
10
10
10
10
10
10
10
10
10
10
10
10
10
10
10
10
10
10
10
10
10
10
10
10
10
10
10
10
10
10
10
10
10
10
10
10
10
10
10
10
10
10
10
10
10
10
10
10
10
10
10
10
10
10
10
10
10
10
10
10
10
10
10
10
10
10
10
10
10
10
10
10
10
10
10
10
10
10
10
10
10
10
10
10
10
10
10
10
10
10
10
10
10
10
10
10
10
10
10
10
10
10
10
10
10
10
10
10
10
10
10
10
10
10
10
10
10
10
10
10
10
10
10
10
10
10
10
10
10
10
10
10
10
10
10
10
10
10
10
10
10
10
10
10
10
10
10
10
10
10
10
10
10
10
10
10
10
10
10
10
10
10
10
10
10
10
10
10
10
10
10
10
10
10
10
10
10
10
10
10
10
10
10
10
10
10
10
10
10
10
10
10
10
10
10
10
10
10
10
10
10
10
10
10
10
10
10
10
10
10
10
10
10
10
10
10
10
10
10
10
10
10
10
10
10
10
10
10
10
10
10
10
10
10
10
10
10
10
10
10
10
10
10
10
10
10
10
10
10
10
10
10
10
10
10
10
10
10
10
10
10
10
10
10
10
10
10
10
10
10
10
10
10
10
10
10
10
10
10
10
10
10
10
10
10
10
10
10
10
10
10
10
10
10
10
10
10
10
10
10
10
10
10
10
10
10
10
10
10
10
10
10
10
10
10
10
10
10
10
10
10
10
10
10
10
10
10
10
10
10
10
10
10
10
10
10
10
10
10
10
10
10
10
10
10
10
10
10
10
10
10
10
10
10
10
10
10
10
10
10
10
10
10
10
10
10
10
10
10
10
10
10
10
10
10
10
10
10
10
10
10
10
10
10
10
10
10
10
10
10
10
10
10
10
10
10
10
10
10
10
10
10
10
10
10
10
10
10
10
10
10
10
10
10
10
10
10
10
10
10
10
10
10
10
10
10
10
10
10
10
10
10
10
10
10
10
10
10
10
10
10
10
10
10
10
10
10
10
10
10
10
10
10
10
10
10
10
10
10
10
10
10
10
10
10
10
10
10
10
10
10
10
10
10
10
10
10
10
10
10
10
10
10
10
10
10
10
10
10
10
10
10
10
10
10
10
10
10
10
10
10
10
10
10
10
10
10
10
10
10
10
10
10
10
10
10
10
10
10
10
10
10
10
10
10
10
10
10
10
10
10
10
10
10
10
10
10
10
10
10
10
10
10
10
10
10
10
10
10
10
10
10
10
10
10
10
10
10
10
10
10
10
10
10
10
10
10
10
10
10
10
10
10
10
10
10
10
10
10
10
10
10
10
10
10
10
10
10
10
10
10
10
10
10
10
10
10
10
10
10
10
10
10
10
10
10
10
10
10
10
10
10
10
10
10
10
10
10
10
10
10
10
10
10
10
10
10
10
10
10
10
10
10
10
10
10
10
10
10
10
10
10
10
10
10
10
10
10
10
10
10
10
10
10
10
10
10
10
10
10
10
10
10
10
10
10
10
10
10
10
10
10
10
10
10
10
10
10
10
10
10
10
10
10
10
10
10
10
10
10
10
10
10
10
10
10
10
10
10
10
10
10
10
10
10
10
10
10
10
10
10
10
10
10
10
10
10
10
10
10
10
10
10
10
10
10
10
10
10
10
10
10
10
10
10
10
10
10
10
10
10
10
10
10
10
10
10
10
10
10
10
10
10
10
10
10
10
10
10
10
10
10
10
10
10
10
10
10
10
10
10
10
10
10
10
10
10
10
10
10
10
10
10
10
10
10
10
10
10
10
10
10
10
10
10
10
10
10
10
10
10
10
10
10
10
10
10
10
10
10
10
10
10
10
10
10
10
10
10
10
10
10
10
10
10
10
10
10
10
10
10
10
10
10
10
10
10
10
10
10
10
10
10
10
10
10
10
10
10
10
10
10
10
10
10
10
10
10
10
10
10
10
10
10
10
10
10
10
10
10
10
10
10
10
10
10
10
10
10
10
10
10
10
10
10
10
10
10
10
10
10
10
10
10
10
10
10
10
10
10
10
10
10
10
10
10
10
10
10
10
10
10
10
10
10
10
10
10
10
10
10
10
10
10
10
10
10
10
10
10
10
10
10
10
10
10
10
10
10
10
10
10
10
10
10
10
10
10
10
10
10
10
10
10
10
10
10
10
10
10
10
10
10
10
10
10
10
10
10
10
10
10
10
10
10
10
10
10
10
10
10
10
10
10
10
10
10
10
10
10
10
10
10
10
10
10
10
10
10
10
10
10
10
10
10
10
10
10
10
10
10
10
10
10
10
10
10
10
10
10
10
10
10
10
10
10
10
10
10
10
10
10
10
10
10
10
10
10
10
10
10
10
10
10
10
10
10
10
10
10
10
10
10
10
10
10
10
10
10
10
10
10
10
10
10
10
10
10
10
10
10
10
10
10
10
10
10
10
10
10
10
10
10
10
10
10
10
10
10
10
10
10
10
10
10
10
10
10
10
10
10
10
10
10
10
10
10
10
10
10
10
10
10
10
10
10
10
10
10
10
10
10
10
10
10
10
10
10
10
10
10
10
10
10
10
10
10
10
10
10
10
10
10
10
10
10
10
10
10
10
10
10
10
10
10
10
10
10
10
10
10
10
10
10
10
10
10
10
10
10
10
10
10
10
10
10
10
10
10
10
10
10
10
10
10
10
10
10
10
10
10
10
10
10
10
10
10
10
10
10
10
10
10
10
10
10
10
10
10
10
10
10
10
10
10
10
10
10
10
10
10
10
10
10
10
10
10
10
10
10
10
10
10
10
10
10
10
10
10
10
10
10
10
10
10
10
10
10
10
10
10
10
10
10
10
10
10
10
10
10
10
10
10
10
10
10
10
10
10
10
10
10
10
10
10
10
10
10
10
10
10
10
10
10
10
10
10
10
10
10
10
10
10
10
10
10
10
10
10
10
10
10
10
10
10
10
10
10
10
10
10
10
10
10
10
10
10
10
10
10
10
10
10
10
10
10
10
10
10
10
10
10
10
10
10
10
10
10
10
10
10
10
10
10
10
10
10
10
10
10
10
10
10
10
10
10
10
10
10
10
10
10
10
10
10
10
10
10
10
10
10
10
10
10
10
10
10
10
10
10
10
10
10
10
10
10
10
10
10
10
10
10
10
10
10
10
10
10
10
10
10
10
10
10
10
10
10
10
10
10
10
10
10
10
10
10
10
10
10
10
10
10
10
10
10
10
10
10
10
10
10
10
10
10
10
10
10
10
10
10
10
10
10
10
10
10
10
10
10
10
10
10
10
10
10
10
10
10
10
10
10
10
10
10
10
10
10
10
10
10
10
10
10
10
10
10
10
10
10
10
10
10
10
10
10
10
10
10
10
10
10
10
10
10
10
10
10
10
10
10
10
10
10
10
10
10
10
10
10
10
10
10
10
10
10
10
10
10
10
10
10
10
10
10
10
10
10
10
10
10
10
10
10
10
10
10
10
10
10
10
10
10
10
10
10
10
10
10
10
10
10
10
10
10
10
10
10
10
10
10
10
10
10
10
10
10
10
10
10
10
10
10
10
10
10
10
10
10
10
10
10
10
10
10
10
10
10
10
10
10
10
10
10
10
10
10
10
10
10
10
10
10
10
10
10
10
10
10
10
10
10
10
10
10
10
10
10
10
10
10
10
10
10
10
10
10
10
10
10
10
10
10
10
10
10
10
10
10
10
10
10
10
10
10
10
10
10
10
10
10
10
10
10
10
10
10
10
10
10
10
10
10
10
10
10
10
10
10
10
10
10
10
10
10
10
10
10
10
10
10
10
10
10
10
10
10
10
10
10
10
10
10
10
10
10
10
10
10
10
10
10
10
10
10
10
10
10
10
10
10
10
10
10
10
10
10
10
10
10
10
10
10
10
10
10
10
10
10
10
10
10
10
10
10
10
10
10
10
10
10
10
10
10
10
10
10
10
10
10
10
10
10
10
10
10
10
10
10
10
10
10
10
10
10
10
10
10
10
10
10
10
10
10
10
10
10
10
10
10
10
10
10
10
10
10
10
10
10
10
10
10
10
10
10
10
10
10
10
10
10
10
10
10
10
10
10
10
10
10
10
10
10
10
10
10
10
10
10
10
10
10
10
10
10
10
10
10
10
10
10
10
10
10
10
10
10
10
10
10
10
10
10
10
10
10
10
10
10
10
10
10
10
10
10
10
10
10
10
10
10
10
10
10
10
10
10
10
10
10
10
10
10
10
10
10
10
10
10
10
10
10
10
10
10
10
10
10
10
10
10
10
10
10
10
10
10
10
10
10
10
10
10
10
10
10
10
10
10
10
10
10
10
10
10
10
10
10
10
10
10
10
10
10
10
10
10
10
10
10
10
10
10
10
10
10
10
10
10
10
10
10
10
10
10
10
10
10
10
10
10
10
10
10
10
10
10
10
10
10
10
10
10
10
10
10
10
10
10
10
10
10
10
10
10
10
10
10
10
10
10
10
10
10
10
10
10
10
10
10
10
10
10
10
10
10
10
10
10
10
10
10
10
10
10
10
10
10
10
10
10
10
10
10
10
10
10
10
10
10
10
10
10
10
10
10
10
10
10
10
10
10
10
10
10
10
10
10
10
10
10
10
10
10
10
10
10
10
10
10
10
10
10
10
10
10
10
10
10
10
10
10
10
10
10
10
10
10
10
10
10
10
10
10
10
10
10
10
10
10
10
10
10
10
10
10
10
10
10
10
10
10
10
10
10
10
10
10
10
10
10
10
10
10
10
10
10
10
10
10
10
10
10
10
10
10
10
10
10
10
10
10
10
10
10
10
10
10
10
10
10
10
10
10
10
10
10
10
10
10
10
10
10
10
10
10
10
10
10
10
10
10
10
10
10
10
10
10
10
10
10
10
10
10
10
10
10
10
10
10
10
10
10
10
10
10
10
10
10
10
10
10
10
10
10
10
10
10
10
10
10
10
10
10
10
10
10
10
10
10
10
10
10
10
10
10
10
10
10
10
10
10
10
10
10
10
10
10
10
10
10
10
10
10
10
10
10
10
10
10
10
10
10
10
10
10
10
10
10
10
10
10
10
10
10
10
10
10
10
10
10
10
10
10
10
10
10
10
10
10
10
10
10
10
10
10
10
10
10
10
10
10
10
10
10
10
10
10
10
10
10
10
10
10
10
10
10
10
10
10
10
10
10
10
10
10
10
10
10
10
10
10
10
10
10
10
10
10
10
10
10
10
10
10
10
10
10
10
10
10
10
10
10
10
10
10
10
10
10
10
10
10
10
10
10
10
10
10
10
10
10
10
10
10
10
10
10
10
10
10
10
10
10
10
10
10
10
10
10
10
10
10
10
10
10
10
10
10
10
10
10
10
10
10
10
10
10
10
10
10
10
10
10
10
10
10
10
10
10
10
10
10
10
10
10
10
10
10
10
10
10
10
10
10
10
10
10
10
10
10
10
10
10
10
10
10
10
10
10
10
10
10
10
10
10
10
10
10
10
10
10
10
10
10
10
10
10
10
10
10
10
10
10
10
10
10
10
10
10
10
10
10
10
10
10
10
10
10
10
10
10
10
10
10
10
10
10
10
10
10
10
10
10
10
10
10
10
10
10
10
10
10
10
10
10
10
10
10
10
10
10
10
10
10
10
10
10
10
10
10
10
10
10
10
10
10
10
10
10
10
10
10
10
10
10
10
10
10
10
10
10
10
10
10
10
10
10
10
10
10
10
10
10
10
10
10
10
10
10
10
10
10
10
10
10
10
10
10
10
10
10
10
10
10
10
10
10
10
10
10
10
10
10
10
10
10
10
10
10
10
10
10
10
10
10
10
10
10
10
10
10
10
10
10
10
10
10
10
10
10
10
10
10
10
10
10
10
10
10
10
10
10
10
10
10
10
10
10
10
10
10
10
10
10
10
10
10
10
10
10
10
10
10
10
10
10
10
10
10
10
10
10
10
10
10
10
10
10
10
10
10
10
10
10
10
10
10
10
10
10
10
10
10
10
10
10
10
10
10
10
10
10
10
10
10
10
10
10
10
10
10
10
10
10
10
10
10
10
10
10
10
10
10
10
10
10
10
10
10
10
10
10
10
10
10
10
10
10
10
10
10
10
10
10
10
10
10
10
10
10
10
10
10
10
10
10
10
10
10
10
10
10
10
10
10
10
10
10
10
10
10
10
10
10
10
10
10
10
10
10
10
10
10
10
10
10
10
10
10
10
10
10
10
10
10
10
10
10
10
10
10
10
10
10
10
10
10
10
10
10
10
10
10
10
10
10
10
10
10
10
10
10
10
10
10
10
10
10
10
10
10
10
10
10
10
10
10
10
10
10
10
10
10
10
10
10
10
10
10
10
10
10
10
10
10
10
10
10
10
10
10
10
10
10
10
10
10
10
10
10
10
10
10
10
10
10
10
10
10
10
10
10
10
10
10
10
10
10
10
10
10
10
10
10
10
10
10
10
10
10
10
10
10
10
10
10
10
10
10
10
10
10
10
10
10
10
10
10
10
10
10
10
10
10
10
10
10
10
10
10
10
10
10
10
10
10
10
10
10
10
10
10
10
10
10
10
10
10
10
10
10
10
10
10
10
10
10
10
10
10
10
10
10
10
10
10
10
10
10
10
10
10
10
10
10
10
10
10
10
10
10
10
10
10
10
10
10
10
10
10
10
10
10
10
10
10
10
10
10
10
10
10
10
10
10
10
10
10
10
10
10
10
10
10
10
10
10
10
10
10
10
10
10
10
10
10
10
10
10
10
10
10
10
10
10
10
10
10
10
10
10
10
10
10
10
10
10
10
10
10
10
10
10
10
10
10
10
10
10
10
10
10
10
10
10
10
10
10
10
10
10
10
10
10
10
10
10
10
10
10
10
10
10
10
10
10
10
10
10
10
10
10
10
10
10
10
10
10
10
10
10
10
10
10
10
10
10
10
10
10
10
10
10
10
10
10
10
10
10
10
10
10
10
10
10
10
10
10
10
10
10
10
10
10
10
10
10
10
10
10
10
10
10
10
10
10
10
10
10
10
10
10
10
10
10
10
10
10
10
10
10
10
10
10
10
10
10
10
10
10
10
10
10
10
10
10
10
10
10
10
10
10
10
10
10
10
10
10
10
10
10
10
10
10
10
10
10
10
10
10
10
10
10
10
10
10
10
10
10
10
10
10
10
10
10
10
10
10
10
10
10
10
10
10
10
10
10
10
10
10
10
10
10
10
10
10
10
10
10
10
10
10
10
10
10
10
10
10
10
10
10
10
10
10
10
10
10
10
10
10
10
10
10
10
10
10
10
10
10
10
10
10
10
10
10
10
10
10
10
10
10
10
10
10
10
10
10
10
10
10
10
10
10
10
10
10
10
10
10
10
10
10
10
10
10
10
10
10
10
10
10
10
10
10
10
10
10
10
10
10
10
10
10
10
10
10
10
10
10
10
10
10
10
10
10
10
10
10
10
10
10
10
10
10
10
10
10
10
10
10
10
10
10
10
10
10
10
10
10
10
10
10
10
10
10
10
10
10
10
10
10
10
10
10
10
10
10
10
10
10
10
10
10
10
10
10
10
10
10
10
10
10
10
10
10
10
10
10
10
10
10
10
10
10
10
10
10
10
10
10
10
10
10
10
10
10
10
10
10
10
10
10
10
10
10
10
10
10
10
10
10
10
10
10
10
10
10
10
10
10
10
10
10
10
10
10
10
10
10
10
10
10
10
10
10
10
10
10
10
10
10
10
10
10
10
10
10
10
10
10
10
10
10
10
10
10
10
10
10
10
10
10
10
10
10
10
10
10
10
10
10
10
10
10
10
10
10
10
10
10
10
10
10
10
10
10
10
10
10
10
10
10
10
10
10
10
10
10
10
10
10
10
10
10
10
10
10
10
10
10
10
10
10
10
10
10
10
10
10
10
10
10
10
10
10
10
10
10
10
10
10
10
10
10
10
10
10
10
10
10
10
10
10
10
10
10
10
10
10
10
10
10
10
10
10
10
10
10
10
10
10
10
10
10
10
10
10
10
10
10
10
10
10
10
10
10
10
10
10
10
10
10
10
10
10
10
10
10
10
10
10
10
10
10
10
10
10
10
10
10
10
10
10
10
10
10
10
10
10
10
10
10
10
10
10
10
10
10
10
10
10
10
10
10
10
10
10
10
10
10
10
10
10
10
10
10
10
10
10
10
10
10
10
10
10
10
10
10
10
10
10
10
10
10
10
10
10
10
10
10
10
10
10
10
10
10
10
10
10
10
10
10
10
10
10
10
10
10
10
10
10
10
10
10
10
10
10
10
10
10
10
10
10
10
10
10
10
10
10
10
10
10
10
10
10
10
10
10
10
10
10
10
10
10
10
10
10
10
10
10
10
10
10
10
10
10
10
10
10
10
10
10
10
10
10
10
10
10
10
10
10
10
10
10
10
10
10
10
10
10
10
10
10
10
10
10
10
10
10
10
10
10
10
10
10
10
10
10
10
10
10
10
10
10
10
10
10
10
10
10
10
10
10
10
10
10
10
10
10
10
10
10
10
10
10
10
10
10
10
10
10
10
10
10
10
10
10
10
10
10
10
10
10
10
10
10
10
10
10
10
10
10
10
10
10
10
10
10
10
10
10
10
10
10
10
10
10
10
10
10
10
10
10
10
10
10
10
10
10
10
10
10
10
10
10
10
10
10
10
10
10
10
10
10
10
10
10
10
10
10
10
10
10
10
10
10
10
10
10
10
10
10
10
10
10
10
10
10
10
10
10
10
10
10
10
10
10
10
10
10
10
10
10
10
10
10
10
10
10
10
10
10
10
10
10
10
10
10
10
10
10
10
10
10
10
10
10
10
10
10
10
10
10
10
10
10
10
10
10
10
10
10
10
10
10
10
10
10
10
10
10
10
10
10
10
10
10
10
10
10
10
10
10
10
10
10
10
10
10
10
10
10
10
10
10
10
10
10
10
10
10
10
10
10
10
10
10
10
10
10
10
10
10
10
10
10
10
10
10
10
10
10
10
10
10
10
10
10
10
10
10
10
10
10
10
10
10
10
10
10
10
10
10
10
10
10
10
10
10
10
10
10
10
10
10
10
10
10
10
10
10
10
10
10
10
10
10
10
10
10
10
10
10
10
10
10
10
10
10
10
10
10
10
10
10
10
10
10
10
10
10
10
10
10
10
10
10
10
10
10
10
10
10
10
10
10
10
10
10
10
10
10
10
10
10
10
10
10
10
10
10
10
10
10
10
10
10
10
10
10
10
10
10
10
10
10
10
10
10
10
10
10
10
10
10
10
10
10
10
10
10
10
10
10
10
10
10
10
10
10
10
10
10
10
10
10
10
10
10
10
10
10
10
10
10
10
10
10
10
10
10
10
10
10
10
10
10
10
10
10
10
10
10
10
10
10
10
10
10
10
10
10
10
10
10
10
10
10
10
10
10
10
10
10
10
10
10
10
10
10
10
10
10
10
10
10
10
10
10
10
10
10
10
10
10
10
10
10
10
10
10
10
10
10
10
10
10
10
10
10
10
10
10
10
10
10
10
10
10
10
10
10
10
10
10
10
10
10
10
10
10
10
10
10
10
10
10
10
10
10
10
10
10
10
10
10
10
10
10
10
10
10
10
10
10
10
10
10
10
10
10
10
10
10
10
10
10
10
10
10
10
10
10
10
10
10
10
10
10
10
10
10
10
10
10
10
10
10
10
10
10
10
10
10
10
10
10
10
10
10
10
10
10
10
10
10
10
10
10
10
10
10
10
10
10
10
10
10
10
10
10
10
10
10
10
10
10
10
10
10
10
10
10
10
10
10
10
10
10
10
10
10
10
10
10
10
10
10
10
10
10
10
10
10
10
10
10
10
10
10
10
10
10
10
10
10
10
10
10
10
10
10
10
10
10
10
10
10
10
10
10
10
10
10
10
10
10
10
10
10
10
10
10
10
10
10
10
10
10
10
10
10
10
10
10
10
10
10
10
10
10
10
10
10
10
10
10
10
10
10
10
10
10
10
10
10
10
10
10
10
10
10
10
10
10
10
10
10
10
10
10
10
10
10
10
10
10
10
10
10
10
10
10
10
10
10
10
10
10
10
10
10
10
10
10
10
10
10
10
10
10
10
10
10
10
10
10
10
10
10
10
10
10
10
10
10
10
10
10
10
10
10
10
10
10
10
10
10
10
10
10
10
10
10
10
10
10
10
10
10
10
10
10
10
10
10
10
10
10
10
10
10
10
10
10
10
10
10
10
10
10
10
10
10
10
10
10
10
10
10
10
10
10
10
10
10
10
10
10
10
10
10
10
10
10
10
10
10
10
10
10
10
10
10
10
10
10
10
10
10
10
10
10
10
10
10
10
10
10
10
10
10
10
10
10
10
10
10
10
10
10
10
10
10
10
10
10
10
10
10
10
10
10
10
10
10
10
10
10
10
10
10
10
10
10
10
10
10
10
10
10
10
10
10
10
10
10
10
10
10
10
10
10
10
10
10
10
10
10
10
10
10
10
10
10
10
10
10
10
10
10
10
10
10
10
10
10
10
10
10
10
10
10
10
10
10
10
10
10
10
10
10
10
10
10
10
10
10
10
10
10
10
10
10
10
10
10
10
10
10
10
10
10
10
10
10
10
10
10
10
10
10
10
10
10
10
10
10
10
10
10
10
10
10
10
10
10
10
10
10
10
10
10
10
10
10
10
10
10
10
10
10
10
10
10
10
10
10
10
10
10
10
10
10
10
10
10
10
10
10
10
10
10
10
10
10
10
10
10
10
10
10
10
10
10
10
10
10
10
10
10
10
10
10
10
10
10
10
10
10
10
10
10
10
10
10
10
10
10
10
10
10
10
10
10
10
10
10
10
10
10
10
10
10
10
10
10
10
10
10
10
10
10
10
10
10
10
10
10
10
10
10
10
10
10
10
10
10
10
10
10
10
10
10
10
10
10
10
10
10
10
10
10
10
10
10
10
10
10
10
10
10
10
10
10
10
10
10
10
10
10
10
10
10
10
10
10
10
10
10
10
10
10
10
10
10
10
10
10
10
10
10
10
10
10
10
10
10
10
10
10
10
10
10
10
10
10
10
10
10
10
10
10
10
10
10
10
10
10
10
10
10
10
10
10
10
10
10
10
10
10
10
10
10
10
10
10
10
10
10
10
10
10
10
10
10
10
10
10
10
10
10
10
10
10
10
10
10
10
10
10
10
10
10
10
10
10
10
10
10
10
10
10
10
10
10
10
10
10
10
10
10
10
10
10
10
10
10
10
10
10
10
10
10
10
10
10
10
10
10
10
10
10
10
10
10
10
10
10
10
10
10
10
10
10
10
10
10
10
10
10
10
10
10
10
10
10
10
10
10
10
10
10
10
10
10
10
10
10
10
10
10
10
10
10
10
10
10
10
10
10
10
10
10
10
10
10
10
10
10
10
10
10
10
10
10
10
10
10
10
10
10
10
10
10
10
10
10
10
10
10
10
10
10
10
10
10
10
10
10
10
10
10
10
10
10
10
10
10
10
10
10
10
10
10
10
10
10
10
10
10
10
10
10
10
10
10
10
10
10
10
10
10
10
10
10
10
10
10
10
10
10
10
10
10
10
10
10
10
10
10
10
10
10
10
10
10
10
10
10
10
10
10
10
10
10
10
10
10
10
10
10
10
10
10
10
10
10
10
10
10
10
10
10
10
10
10
10
10
10
10
10
10
10
10
10
10
10
10
10
10
10
10
10
10
10
10
10
10
10
10
10
10
10
10
10
10
10
10
10
10
10
10
10
10
10
10
10
10
10
10
10
10
10
10
10
10
10
10
10
10
10
10
10
10
10
10
10
10
10
10
10
10
10
10
10
10
10
10
10
10
10
10
10
10
10
10
10
10
10
10
10
10
10
10
10
10
10
10
10
10
10
10
10
10
10
10
10
10
10
10
10
10
10
10
10
10
10
10
10
10
10
10
10
10
10
10
10
10
10
10
10
10
10
10
10
10
10
10
10
10
10
10
10
10
10
10
10
10
10
10
10
10
10
10
10
10
10
10
10
10
10
10
10
10
10
10
10
10
10
10
10
10
10
10
10
10
10
10
10
10
10
10
10
10
10
10
10
10
10
10
10
10
10
10
10
10
10
10
10
10
10
10
10
10
10
10
10
10
10
10
10
10
10
10
10
10
10
10
10
10
10
10
10
10
10
10
10
10
10
10
10
10
10
10
10
10
10
10
10
10
10
10
10
10
10
10
10
10
10
10
10
10
10
10
10
10
10
10
10
10
10
10
10
10
10
10
10
10
10
10
10
10
10
10
10
10
10
10
10
10
10
10
10
10
10
10
10
10
10
10
10
10
10
10
10
10
10
10
10
10
10
10
10
10
10
10
10
10
10
10
10
10
10
10
10
10
10
10
10
10
10
10
10
10
10
10
10
10
10
10
10
10
10
10
10
10
10
10
10
10
10
10
10
10
10
10
10
10
10
10
10
10
10
10
10
10
10
10
10
10
10
10
10
10
10
10
10
10
10
10
10
10
10
10
10
10
10
10
10
10
10
10
10
10
10
10
10
10
10
10
10
10
10
10
10
10
10
10
10
10
10
10
10
10
10
10
10
10
10
10
10
10
10
10
10
10
10
10
10
10
10
10
10
10
10
10
10
10
10
10
10
10
10
10
10
10
10
10
10
10
10
10
10
10
10
10
10
10
10
10
10
10
10
10
10
10
10
10
10
10
10
10
10
10
10
10
10
10
10
10
10
10
10
10
10
10
10
10
10
10
10
10
10
10
10
10
10
10
10
10
10
10
10
10
10
10
10
10
10
10
10
10
10
10
10
10
10
10
10
10
10
10
10
10
10
10
10
10
10
10
10
10
10
10
10
10
10
10
10
10
10
10
10
10
10
10
10
10
10
10
10
10
10
10
10
10
10
10
10
10
10
10
10
10
10
10
10
10
10
10
10
10
10
10
10
10
10
10
10
10
10
10
10
10
10
10
10
10
10
10
10
10
10
10
10
10
10
10
10
10
10
10
10
10
10
10
10
10
10
10
10
10
10
10
10
10
10
10
10
10
10
10
10
10
10
10
10
10
10
10
10
10
10
10
10
10
10
10
10
10
10
10
10
10
10
10
10
10
10
10
10
10
10
10
10
10
10
10
10
10
10
10
10
10
10
10
10
10
10
10
10
10
10
10
10
10
10
10
10
10
10
10
10
10
10
10
10
10
10
10
10
10
10
10
10
10
10
10
10
10
10
10
10
10
10
10
10
10
10
10
10
10
10
10
10
10
10
10
10
10
10
10
10
10
10
10
10
10
10
10
10
10
10
10
10
10
10
10
10
10
10
10
10
10
10
10
10
10
10
10
10
10
10
10
10
10
10
10
10
10
10
10
10
10
10
10
10
10
10
10
10
10
10
10
10
10
10
10
10
10
10
10
10
10
10
10
10
10
10
10
10
10
10
10
10
10
10
10
10
10
10
10
10
10
10
10
10
10
10
10
10
10
10
10
10
10
10
10
10
10
10
10
10
10
10
10
10
10
10
10
10
10
10
10
10
10
10
10
10
10
10
10
10
10
10
10
10
10
10
10
10
10
10
10
10
10
10
10
10
10
10
10
10
10
10
10
10
10
10
10
10
10
10
10
10
10
10
10
10
10
10
10
10
10
10
10
10
10
10
10
10
10
10
10
10
10
10
10
10
10
10
10
10
10
10
10
10
10
10
10
10
10
10
10
10
10
10
10
10
10
10
10
10
10
10
10
10
10
10
10
10
10
10
10
10
10
10
10
10
10
10
10
10
10
10
10
10
10
10
10
10
10
10
10
10
10
10
10
10
10
10
10
10
10
10
10
10
10
10
10
10
10
10
10
10
10
10
10
10
10
10
10
10
10
10
10
10
10
10
10
10
10
10
10
10
10
10
10
10
10
10
10
10
10
10
10
10
10
10
10
10
10
10
10
10
10
10
10
10
10
10
10
10
10
10
10
10
10
10
10
10
10
10
10
10
10
10
10
10
10
10
10
10
10
10
10
10
10
10
10
10
10
10
10
10
10
10
10
10
10
10
10
10
10
10
10
10
10
10
10
10
10
10
10
10
10
10
10
10
10
10
10
10
10
10
10
10
10
10
10
10
10
10
10
10
10
10
10
10
10
10
10
10
10
10
10
10
10
10
10
10
10
10
10
10
10
10
10
10
10
10
10
10
10
10
10
10
10
10
10
10
10
10
10
10
10
10
10
10
10
10
10
10
10
10
10
10
10
10
10
10
10
10
10
10
10
10
10
10
10
10
10
10
10
10
10
10
10
10
10
10
10
10
10
10
10
10
10
10
10
10
10
10
10
10
10
10
10
10
10
10
10
10
10
10
10
10
10
10
10
10
10
10
10
10
10
10
10
10
10
10
10
10
10
10
10
10
10
10
10
10
10
10
10
10
10
10
10
10
10
10
10
10
10
10
10
10
10
10
10
10
10
10
10
10
10
10
10
10
10
10
10
10
10
10
10
10
10
10
10
10
10
10
10
10
10
10
10
10
10
10
10
10
10
10
10
10
10
10
10
10
10
10
10
10
10
10
10
10
10
10
10
10
10
10
10
10
10
10
10
10
10
10
10
10
10
10
10
10
10
10
10
10
10
10
10
10
10
10
10
10
10
10
10
10
10
10
10
10
10
10
10
10
10
10
10
10
10
10
10
10
10
10
10
10
10
10
10
10
10
10
10
10
10
10
10
10
10
10
10
10
10
10
10
10
10
10
10
10
10
10
10
10
10
10
10
10
10
10
10
10
10
10
10
10
10
10
10
10
10
10
10
10
10
10
10
10
10
10
10
10
10
10
10
10
10
10
10
10
10
10
10
10
10
10
10
10
10
10
10
10
10
10
10
10
10
10
10
10
10
10
10
10
10
10
10
10
10
10
10
10
10
10
10
10
10
10
10
10
10
10
10
10
10
10
10
10
10
10
10
10
10
10
10
10
10
10
10
10
10
10
10
10
10
10
10
10
10
10
10
10
10
10
10
10
10
10
10
10
10
10
10
10
10
10
10
10
10
10
10
10
10
10
10
10
10
10
10
10
10
10
10
10
10
10
10
10
10
10
10
10
10
10
10
10
10
10
10
10
10
10
10
10
10
10
10
10
10
10
10
10
10
10
10
10
10
10
10
10
10
10
10
10
10
10
10
10
10
10
10
10
10
10
10
10
10
10
10
10
10
10
10
10
10
10
10
10
10
10
10
10
10
10
10
10
10
10
10
10
10
10
10
10
10
10
10
10
10
10
10
10
10
10
10
10
10
10
10
10
10
10
10
10
10
10
10
10
10
10
10
10
10
10
10
10
10
10
10
10
10
10
10
10
10
10
10
10
10
10
10
10
10
10
10
10
10
10
10
10
10
10
10
10
10
10
10
10
10
10
10
10
10
10
10
10
10
10
10
10
10
10
10
10
10
10
10
10
10
10
10
10
10
10
10
10
10
10
10
10
10
10
10
10
10
10
10
10
10
10
10
10
10
10
10
10
10
10
10
10
10
10
10
10
10
10
10
10
10
10
10
10
10
10
10
10
10
10
10
10
10
10
10
10
10
10
10
10
10
10
10
10
10
10
10
10
10
10
10
10
10
10
10
10
10
10
10
10
10
10
10
10
10
10
10
10
10
10
10
10
10
10
10
10
10
10
10
10
10
10
10
10
10
10
10
10
10
10
10
10
10
10
10
10
10
10
10
10
10
10
10
10
10
10
10
10
10
10
10
10
10
10
10
10
10
10
10
10
10
10
10
10
10
10
10
10
10
10
10
10
10
10
10
10
10
10
10
10
10
10
10
10
10
10
10
10
10
10
10
10
10
10
10
10
10
10
10
10
10
10
10
10
10
10
10
10
10
10
10
10
10
10
10
10
10
10
10
10
10
10
10
10
10
10
10
10
10
10
10
10
10
10
10
10
10
10
10
10
10
10
10
10
10
10
10
10
10
10
10
10
10
10
10
10
10
10
10
10
10
10
10
10
10
10
10
10
10
10
10
10
10
10
10
10
10
10
10
10
10
10
10
10
10
10
10
10
10
10
10
10
10
10
10
10
10
10
10
10
10
10
10
10
10
10
10
10
10
10
10
10
10
10
10
10
10
10
10
10
10
10
10
10
10
10
10
10
10
10
10
10
10
10
10
10
10
10
10
10
10
10
10
10
10
10
10
10
10
10
10
10
10
10
10
10
10
10
10
10
10
10
10
10
10
10
10
10
10
10
10
10
10
10
10
10
10
10
10
10
10
10
10
10
10
10
10
10
10
10
10
10
10
10
10
10
10
10
10
10
10
10
10
10
10
10
10
10
10
10
10
10
10
10
10
10
10
10
10
10
10
10
10
10
10
10
10
10
10
10
10
10
10
10
10
10
10
10
10
10
10
10
10
10
10
10
10
10
10
10
10
10
10
10
10
10
10
10
10
10
10
10
10
10
10
10
10
10
10
10
10
10
10
10
10
10
10
10
10
10
10
10
10
10
10
10
10
10
10
10
10
10
10
10
10
10
10
10
10
10
10
10
10
10
10
10
10
10
10
10
10
10
10
10
10
10
10
10
10
10
10
10
10
10
10
10
10
10
10
10
10
10
10
10
10
10
10
10
10
10
10
10
10
10
10
10
10
10
10
10
10
10
10
10
10
10
10
10
10
10
10
10
10
10
10
10
10
10
10
10
10
10
10
10
10
10
10
10
10
10
10
10
10
10
10
10
10
10
10
10
10
10
10
10
10
10
10
10
10
10
10
10
10
10
10
10
10
10
10
10
10
10
10
10
10
10
10
10
10
10
10
10
10
10
10
10
10
10
10
10
10
10
10
10
10
10
10
10
10
10
10
10
10
10
10
10
10
10
10
10
10
10
10
10
10
10
10
10
10
10
10
10
10
10
10
10
10
10
10
10
10
10
10
10
10
10
10
10
10
10
10
10
10
10
10
10
10
10
10
10
10
10
10
10
10
10
10
10
10
10
10
10
10
10
10
10
10
10
10
10
10
10
10
10
10
10
10
10
10
10
10
10
10
10
10
10
10
10
10
10
10
10
10
10
10
10
10
10
10
10
10
10
10
10
10
10
10
10
10
10
10
10
10
10
10
10
10
10
10
10
10
10
10
10
10
10
10
10
10
10
10
10
10
10
10
10
10
10
10
10
10
10
10
10
10
10
10
10
10
10
10
10
10
10
10
10
10
10
10
10
10
10
10
10
10
10
10
10
10
10
10
10
10
10
10
10
10
10
10
10
10
10
10
10
10
10
10
10
10
10
10
10
10
10
10
10
10
10
10
10
10
10
10
10
10
10
10
10
10
10
10
10
10
10
10
10
10
10
10
10
10
10
10
10
10
10
10
10
10
10
10
10
10
10
10
10
10
10
10
10
10
10
10
10
10
10
10
10
10
10
10
10
10
10
10
10
10
10
10
10
10
10
10
10
10
10
10
10
10
10
10
10
10
10
10
10
10
10
10
10
10
10
10
10
10
10
10
10
10
10
10
10
10
10
10
10
10
10
10
10
10
10
10
10
10
10
10
10
10
10
10
10
10
10
10
10
10
10
10
10
10
10
10
10
10
10
10
10
10
10
10
10
10
10
10
10
10
10
10
10
10
10
10
10
10
10
10
10
10
10
10
10
10
10
10
10
10
10
10
10
10
10
10
10
10
10
10
10
10
10
10
10
10
10
10
10
10
10
10
10
10
10
10
10
10
10
10
10
10
10
10
10
10
10
10
10
10
10
10
10
10
10
10
10
10
10
10
10
10
10
10
10
10
10
10
10
10
10
10
10
10
10
10
10
10
10
10
10
10
10
10
10
10
10
10
10
10
10
10
10
10
10
10
10
10
10
10
10
10
10
10
10
10
10
10
10
10
10
10
10
10
10
10
10
10
10
10
10
10
10
10
10
10
10
10
10
10
10
10
10
10
10
10
10
10
10
10
10
10
10
10
10
10
10
10
10
10
10
10
10
10
10
10
10
10
10
10
10
10
10
10
10
10
10
10
10
10
10
10
10
10
10
10
10
10
10
10
10
10
10
10
10
10
10
10
10
10
10
10
10
10
10
10
10
10
10
10
10
10
10
10
10
10
10
10
10
10
10
10
10
10
10
10
10
10
10
10
10
10
10
10
10
10
10
10
10
10
10
10
10
10
10
10
10
10
10
10
10
10
10
10
10
10
10
10
10
10
10
10
10
10
10
10
10
10
10
10
10
10
10
10
10
10
10
10
10
10
10
10
10
10
10
10
10
10
10
10
10
10
10
10
10
10
10
10
10
10
10
10
10
10
10
10
10
10
10
10
10
10
10
10
10
10
10
10
10
10
10
10
10
10
10
10
10
10
10
10
10
10
10
10
10
10
10
10
10
10
10
10
10
10
10
10
10
10
10
10
10
10
10
10
10
10
10
10
10
10
10
10
10
10
10
10
10
10
10
10
10
10
10
10
10
10
10
10
10
10
10
10
10
10
10
10
10
10
10
10
10
10
10
10
10
10
10
10
10
10
10
10
10
10
10
10
10
10
10
10
10
10
10
10
10
10
10
10
10
10
10
10
10
10
10
10
10
10
10
10
10
10
10
10
10
10
10
10
10
10
10
10
10
10
10
10
10
10
10
10
10
10
10
10
10
10
10
10
10
10
10
10
10
10
10
10
10
10
10
10
10
10
10
10
10
10
10
10
10
10
10
10
10
10
10
10
10
10
10
10
10
10
10
10
10
10
10
10
10
10
10
10
10
10
10
10
10
10
10
10
10
10
10
10
10
10
10
10
10
10
10
10
10
10
10
10
10
10
10
10
10
10
10
10
10
10
10
10
10
10
10
10
10
10
10
10
10
10
10
10
10
10
10
10
10
10
10
10
10
10
10
10
10
10
10
10
10
10
10
10
10
10
10
10
10
10
10
10
10
10
10
10
10
10
10
10
10
10
10
10
10
10
10
10
10
10
10
10
10
10
10
10
10
10
10
10
10
10
10
10
10
10
10
10
10
10
10
10
10
10
10
10
10
10
10
10
10
10
10
10
10
10
10
10
10
10
10
10
10
10
10
10
10
10
10
10
10
10
10
10
10
10
10
10
10
10
10
10
10
10
10
10
10
10
10
10
10
10
10
10
10
10
10
10
10
10
10
10
10
10
10
10
10
10
10
10
10
10
10
10
10
10
10
10
10
10
10
10
10
10
10
10
10
10
10
10
10
10
10
10
10
10
10
10
10
10
10
10
10
10
10
10
10
10
10
10
10
10
10
10
10
10
10
10
10
10
10
10
10
10
10
10
10
10
10
10
10
10
10
10
10
10
10
10
10
10
10
10
10
10
10
10
10
10
10
10
10
10
10
10
10
10
10
10
10
10
10
10
10
10
10
10
10
10
10
10
10
10
10
10
10
10
10
10
10
10
10
10
10
10
10
10
10
10
10
10
10
10
10
10
10
10
10
10
10
10
10
10
10
10
10
10
10
10
10
10
10
10
10
10
10
10
10
10
10
10
10
10
10
10
10
10
10
10
10
10
10
10
10
10
10
10
10
10
10
10
10
10
10
10
10
10
10
10
10
10
10
10
10
10
10
10
10
10
10
10
10
10
10
10
10
10
10
10
10
10
10
10
10
10
10
10
10
10
10
10
10
10
10
10
10
10
10
10
10
10
10
10
10
10
10
10
10
10
10
10
10
10
10
10
10
10
10
10
10
10
10
10
10
10
10
10
10
10
10
10
10
10
10
10
10
10
10
10
10
10
10
10
10
10
10
10
10
10
10
10
10
10
10
10
10
10
10
10
10
10
10
10
10
10
10
10
10
10
10
10
10
10
10
10
10
10
10
10
10
10
10
10
10
10
10
10
10
10
10
10
10
10
10
10
10
10
10
10
10
10
10
10
10
10
10
10
10
10
10
10
10
10
10
10
10
10
10
10
10
10
10
10
10
10
10
10
10
10
10
10
10
10
10
10
10
10
10
10
10
10
10
10
10
10
10
10
10
10
10
10
10
10
10
10
10
10
10
10
10
10
10
10
10
10
10
10
10
10
10
10
10
10
10
10
10
10
10
10
10
10
10
10
10
10
10
10
10
10
10
10
10
10
10
10
10
10
10
10
10
10
10
10
10
10
10
10
10
10
10
10
10
10
10
10
10
10
10
10
10
10
10
10
10
10
10
10
10
10
10
10
10
10
10
10
10
10
10
10
10
10
10
10
10
10
10
10
10
10
10
10
10
10
10
10
10
10
10
10
10
10
10
10
10
10
10
10
10
10
10
10
10
10
10
10
10
10
10
10
10
10
10
10
10
10
10
10
10
10
10
10
10
10
10
10
10
10
10
10
10
10
10
10
10
10
10
10
10
10
10
10
10
10
10
10
10
10
10
10
10
10
10
10
10
10
10
10
10
10
10
10
10
10
10
10
10
10
10
10
10
10
10
10
10
10
10
10
10
10
10
10
10
10
10
10
10
10
10
10
10
10
10
10
10
10
10
10
10
10
10
10
10
10
10
10
10
10
10
10
10
10
10
10
10
10
10
10
10
10
10
10
10
10
10
10
10
10
10
10
10
10
10
10
10
10
10
10
10
10
10
10
10
10
10
10
10
10
10
10
10
10
10
10
10
10
10
10
10
10
10
10
10
10
10
10
10
10
10
10
10
10
10
10
10
10
10
10
10
10
10
10
10
10
10
10
10
10
10
10
10
10
10
10
10
10
10
10
10
10
10
10
10
10
10
10
10
10
10
10
10
10
10
10
10
10
10
10
10
10
10
10
10
10
10
10
10
10
10
10
10
10
10
10
10
10
10
10
10
10
10
10
10
10
10
10
10
10
10
10
10
10
10
10
10
10
10
10
10
10
10
10
10
10
10
10
10
10
10
10
10
10
10
10
10
10
10
10
10
10
10
10
10
10
10
10
10
10
10
10
10
10
10
10
10
10
10
10
10
10
10
10
10
10
10
10
10
10
10
10
10
10
10
10
10
10
10
10
10
10
10
10
10
10
10
10
10
10
10
10
10
10
10
10
10
10
10
10
10
10
10
10
10
10
10
10
10
10
10
10
10
10
10
10
10
10
10
10
10
10
10
10
10
10
10
10
10
10
10
10
10
10
10
10
10
10
10
10
10
10
10
10
10
10
10
10
10
10
10
10
10
10
10
10
10
10
10
10
10
10
10
10
10
10
10
10
10
10
10
10
10
10
10
10
10
10
10
10
10
10
10
10
10
10
10
10
10
10
10
10
10
10
10
10
10
10
10
10
10
10
10
10
10
10
10
10
10
10
10
10
10
10
10
10
10
10
10
10
10
10
10
10
10
10
10
10
10
10
10
10
10
10
10
10
10
10
10
10
10
10
10
10
10
10
10
10
10
10
10
10
10
10
10
10
10
10
10
10
10
10
10
10
10
10
10
10
10
10
10
10
10
10
10
10
10
10
10
10
10
10
10
10
10
10
10
10
10
10
10
10
10
10
10
10
10
10
10
10
10
10
10
10
10
10
10
10
10
10
10
10
10
10
10
10
10
10
10
10
10
10
10
10
10
10
10
10
10
10
10
10
10
10
10
10
10
10
10
10
10
10
10
10
10
10
10
10
10
10
10
10
10
10
10
10
10
10
10
10
10
10
10
10
10
10
10
10
10
10
10
10
10
10
10
10
10
10
10
10
10
10
10
10
10
10
10
10
10
10
10
10
10
10
10
10
10
10
10
10
10
10
10
10
10
10
10
10
10
10
10
10
10
10
10
10
10
10
10
10
10
10
10
10
10
10
10
10
10
10
10
10
10
10
10
10
10
10
10
10
10
10
10
10
10
10
10
10
10
10
10
10
10
10
10
10
10
10
10
10
10
10
10
10
10
10
10
10
10
10
10
10
10
10
10
10
10
10
10
10
10
10
10
10
10
10
10
10
10
10
10
10
10
10
10
10
10
10
10
10
10
10
10
10
10
10
10
10
10
10
10
10
10
10
10
10
10
10
10
10
10
10
10
10
10
10
10
10
10
10
10
10
10
10
10
10
10
10
10
10
10
10
10
10
10
10
10
10
10
10
10
10
10
10
10
10
10
10
10
10
10
10
10
10
10
10
10
10
10
10
10
10
10
10
10
10
10
10
10
10
10
10
10
10
10
10
10
10
10
10
10
10
10
10
10
10
10
10
10
10
10
10
10
10
10
10
10
10
10
10
10
10
10
10
10
10
10
10
10
10
10
10
10
10
10
10
10
10
10
10
10
10
10
10
10
10
10
10
10
10
10
10
10
10
10
10
10
10
10
10
10
10
10
10
10
10
10
10
10
10
10
10
10
10
10
10
10
10
10
10
10
10
10
10
10
10
10
10
10
10
10
10
10
10
10
10
10
10
10
10
10
10
10
10
10
10
10
10
10
10
10
10
10
10
10
10
10
10
10
10
10
10
10
10
10
10
10
10
10
10
10
10
10
10
10
10
10
10
10
10
10
10
10
10
10
10
10
10
10
10
10
10
10
10
10
10
10
10
10
10
10
10
10
10
10
10
10
10
10
10
10
10
10
10
10
10
10
10
10
10
10
10
10
10
10
10
10
10
10
10
10
10
10
10
10
10
10
10
10
10
10
10
10
10
10
10
10
10
10
10
10
10
10
10
10
10
10
10
10
10
10
10
10
10
10
10
10
10
10
10
10
10
10
10
10
10
10
10
10
10
10
10
10
10
10
10
10
10
10
10
10
10
10
10
10
10
10
10
10
10
10
10
10
10
10
10
10
10
10
10
10
10
10
10
10
10
10
10
10
10
10
10
10
10
10
10
10
10
10
10
10
10
10
10
10
10
10
10
10
10
10
10
10
10
10
10
10
10
10
10
10
10
10
10
10
10
10
10
10
10
10
10
10
10
10
10
10
10
10
10
10
10
10
10
10
10
10
10
10
10
10
10
10
10
10
10
10
10
10
10
10
10
10
10
10
10
10
10
10
10
10
10
10
10
10
10
10
10
10
10
10
10
10
10
10
10
10
10
10
10
10
10
10
10
10
10
10
10
10
10
10
10
10
10
10
10
10
10
10
10
10
10
10
10
10
10
10
10
10
10
10
10
10
10
10
10
10
10
10
10
10
10
10
10
10
10
10
10
10
10
10
10
10
10
10
10
10
10
10
10
10
10
10
10
10
10
10
10
10
10
10
10
10
10
10
10
10
10
10
10
10
10
10
10
10
10
10
10
10
10
10
10
10
10
10
10
10
10
10
10
10
10
10
10
10
10
10
10
10
10
10
10
10
10
10
10
10
10
10
10
10
10
10
10
10
10
10
10
10
10
10
10
10
10
10
10
10
10
10
10
10
10
10
10
10
10
10
10
10
10
10
10
10
10
10
10
10
10
10
10
10
10
10
10
10
10
10
10
10
10
10
10
10
10
10
10
10
10
10
10
10
10
10
10
10
10
10
10
10
10
10
10
10
10
10
10
10
10
10
10
10
10
10
10
10
10
10
10
10
10
10
10
10
10
10
10
10
10
10
10
10
10
10
10
10
10
10
10
10
10
10
10
10
10
10
10
10
10
10
10
10
10
10
10
10
10
10
10
10
10
10
10
10
10
10
10
10
10
10
10
10
10
10
10
10
10
10
10
10
10
10
10
10
10
10
10
10
10
10
10
10
10
10
10
10
10
10
10
10
10
10
10
10
10
10
10
10
10
10
10
10
10
10
10
10
10
10
10
10
10
10
10
10
10
10
10
10
10
10
10
10
10
10
10
10
10
10
10
10
10
10
10
10
10
10
10
10
10
10
10
10
10
10
10
10
10
10
10
10
10
10
10
10
10
10
10
10
10
10
10
10
10
10
10
10
10
10
10
10
10
10
10
10
10
10
10
10
10
10
10
10
10
10
10
10
10
10
10
10
10
10
10
10
10
10
10
10
10
10
10
10
10
10
10
10
10
10
10
10
10
10
10
10
10
10
10
10
10
10
10
10
10
10
10
10
10
10
10
10
10
10
10
10
10
10
10
10
10
10
10
10
10
10
10
10
10
10
10
10
10
10
10
10
10
10
10
10
10
10
10
10
10
10
10
10
10
10
10
10
10
10
10
10
10
10
10
10
10
10
10
10
10
10
10
10
10
10
10
10
10
10
10
10
10
10
10
10
10
10
10
10
10
10
10
10
10
10
10
10
10
10
10
10
10
10
10
10
10
10
10
10
10
10
10
10
10
10
10
10
10
10
10
10
10
10
10
10
10
10
10
10
10
10
10
10
10
10
10
10
10
10
10
10
10
10
10
10
10
10
10
10
10
10
10
10
10
10
10
10
10
10
10
10
10
10
10
10
10
10
10
10
10
10
10
10
10
10
10
10
10
10
10
10
10
10
10
10
10
10
10
10
10
10
10
10
10
10
10
10
10
10
10
10
10
10
10
10
10
10
10
10
10
10
10
10
10
10
10
10
10
10
10
10
10
10
10
10
10
10
10
10
10
10
10
10
10
10
10
10
10
10
10
10
10
10
10
10
10
10
10
10
10
10
10
10
10
10
10
10
10
10
10
10
10
10
10
10
10
10
10
10
10
10
10
10
10
10
10
10
10
10
10
10
10
10
10
10
10
10
10
10
10
10
10
10
10
10
10
10
10
10
10
10
10
10
10
10
10
10
10
10
10
10
10
10
10
10
10
10
10
10
10
10
10
10
10
10
10
10
10
10
10
10
10
10
10
10
10
10
10
10
10
10
10
10
10
10
10
10
10
10
10
10
10
10
10
10
10
10
10
10
10
10
10
10
10
10
10
10
10
10
10
10
10
10
10
10
10
10
10
10
10
10
10
10
10
10
10
10
10
10
10
10
10
10
10
10
10
10
10
10
10
10
10
10
10
10
10
10
10
10
10
10
10
10
10
10
10
10
10
10
10
10
10
10
10
10
10
10
10
10
10
10
10
10
10
10
10
10
10
10
10
10
10
10
10
10
10
10
10
10
10
10
10
10
10
10
10
10
10
10
10
10
10
10
10
10
10
10
10
10
10
10
10
10
10
10
10
10
10
10
10
10
10
10
10
10
10
10
10
10
10
10
10
10
10
10
10
10
10
10
10
10
10
10
10
10
10
10
10
10
10
10
10
10
10
10
10
10
10
10
10
10
10
10
10
10
10
10
10
10
10
10
10
10
10
10
10
10
10
10
10
10
10
10
10
10
10
10
10
10
10
10
10
10
10
10
10
10
10
10
10
10
10
10
10
10
10
10
10
10
10
10
10
10
10
10
10
10
10
10
10
10
10
10
10
10
10
10
10
10
10
10
10
10
10
10
10
10
10
10
10
10
10
10
10
10
10
10
10
10
10
10
10
10
10
10
10
10
10
10
10
10
10
10
10
10
10
10
10
10
10
10
10
10
10
10
10
10
10
10
10
10
10
10
10
10
10
10
10
10
10
10
10
10
10
10
10
10
10
10
10
10
10
10
10
10
10
10
10
10
10
10
10
10
10
10
10
10
10
10
10
10
10
10
10
10
10
10
10
10
10
10
10
10
10
10
10
10
10
10
10
10
10
10
10
10
10
10
10
10
10
10
10
10
10
10
10
10
10
10
10
10
10
10
10
10
10
10
10
10
10
10
10
10
10
10
10
10
10
10
10
10
10
10
10
10
10
10
10
10
10
10
10
10
10
10
10
10
10
10
10
10
10
10
10
10
10
10
10
10
10
10
10
10
10
10
10
10
10
10
10
10
10
10
10
10
10
10
10
10
10
10
10
10
10
10
10
10
10
10
10
10
10
10
10
10
10
10
10
10
10
10
10
10
10
10
10
10
10
10
10
10
10
10
10
10
10
10
10
10
10
10
10
10
10
10
10
10
10
10
10
10
10
10
10
10
10
10
10
10
10
10
10
10
10
10
10
10
10
10
10
10
10
10
10
10
10
10
10
10
10
10
10
10
10
10
10
10
10
10
10
10
10
10
10
10
10
10
10
10
10
10
10
10
10
10
10
10
10
10
10
10
10
10
10
10
10
10
10
10
10
10
10
10
10
10
10
10
10
10
10
10
10
10
10
10
10
10
10
10
10
10
10
10
10
10
10
10
10
10
10
10
10
10
10
10
10
10
10
10
10
10
10
10
10
10
10
10
10
10
10
10
10
10
10
10
10
10
10
10
10
10
10
10
10
10
10
10
10
10
10
10
10
10
10
10
10
10
10
10
10
10
10
10
10
10
10
10
10
10
10
10
10
10
10
10
10
10
10
10
10
10
10
10
10
10
10
10
10
10
10
10
10
10
10
10
10
10
10
10
10
10
10
10
10
10
10
10
10
10
10
10
10
10
10
10
10
10
10
10
10
10
10
10
10
10
10
10
10
10
10
10
10
10
10
10
10
10
10
10
10
10
10
10
10
10
10
10
10
10
10
10
10
10
10
10
10
10
10
10
10
10
10
10
10
10
10
10
10
10
10
10
10
10
10
10
10
10
10
10
10
10
10
10
10
10
10
10
10
10
10
10
10
10
10
10
10
10
10
10
10
10
10
10
10
10
10
10
10
10
10
10
10
10
10
10
10
10
10
10
10
10
10
10
10
10
10
10
10
10
10
10
10
10
10
10
10
10
10
10
10
10
10
10
10
10
10
10
10
10
10
10
10
10
10
10
10
10
10
10
10
10
10
10
10
10
10
10
10
10
10
10
10
10
10
10
10
10
10
10
10
10
10
10
10
10
10
10
10
10
10
10
10
10
10
10
10
10
10
10
10
10
10
10
10
10
10
10
10
10
10
10
10
10
10
10
10
10
10
10
10
10
10
10
10
10
10
10
10
10
10
10
10
10
10
10
10
10
10
10
10
10
10
10
10
10
10
10
10
10
10
10
10
10
10
10
10
10
10
10
10
10
10
10
10
10
10
10
10
10
10
10
10
10
10
10
10
10
10
10
10
10
10
10
10
10
10
10
10
10
10
10
10
10
10
10
10
10
10
10
10
10
10
10
10
10
10
10
10
10
10
10
10
10
10
10
10
10
10
10
10
10
10
10
10
10
10
10
10
10
10
10
10
10
10
10
10
10
10
10
10
10
10
10
10
10
10
10
10
10
10
10
10
10
10
10
10
10
10
10
10
10
10
10
10
10
10
10
10
10
10
10
10
10
10
10
10
10
10
10
10
10
10
10
10
10
10
10
10
10
10
10
10
10
10
10
10
10
10
10
10
10
10
10
10
10
10
10
10
10
10
10
10
10
10
10
10
10
10
10
10
10
10
10
10
10
10
10
10
10
10
10
10
10
10
10
10
10
10
10
10
10
10
10
10
10
10
10
10
10
10
10
10
10
10
10
10
10
10
10
10
10
10
10
10
10
10
10
10
10
10
10
10
10
10
10
10
10
10
10
10
10
10
10
10
10
10
10
10
10
10
10
10
10
10
10
10
10
10
10
10
10
10
10
10
10
10
10
10
10
10
10
10
10
10
10
10
10
10
10
10
10
10
10
10
10
10
10
10
10
10
10
10
10
10
10
10
10
10
10
10
10
10
10
10
10
10
10
10
10
10
10
10
10
10
10
10
10
10
10
10
10
10
10
10
10
10
10
10
10
10
10
10
10
10
10
10
10
10
10
10
10
10
10
10
10
10
10
10
10
10
10
10
10
10
10
10
10
10
10
10
10
10
10
10
10
10
10
10
10
10
10
10
10
10
10
10
10
10
10
10
10
10
10
10
10
10
10
10
10
10
10
10
10
10
10
10
10
10
10
10
10
10
10
10
10
10
10
10
10
10
10
10
10
10
10
10
10
10
10
10
10
10
10
10
10
10
10
10
10
10
10
10
10
10
10
10
10
10
10
10
10
10
10
10
10
10
10
10
10
10
10
10
10
10
10
10
10
10
10
10
10
10
10
10
10
10
10
10
10
10
10
10
10
10
10
10
10
10
10
10
10
10
10
10
10
10
10
10
10
10
10
10
10
10
10
10
10
10
10
10
10
10
10
10
10
10
10
10
10
10
10
10
10
10
10
10
10
10
10
10
10
10
10
10
10
10
10
10
10
10
10
10
10
10
10
10
10
10
10
10
10
10
10
10
10
10
10
10
10
10
10
10
10
10
10
10
10
10
10
10
10
10
10
10
10
10
10
10
10
10
10
10
10
10
10
10
10
10
10
10
10
10
10
10
10
10
10
10
10
10
10
10
10
10
10
10
10
10
10
10
10
10
10
10
10
10
10
10
10
10
10
10
10
10
10
10
10
10
10
10
10
10
10
10
10
10
10
10
10
10
10
10
10
10
10
10
10
10
10
10
10
10
10
10
10
10
10
10
10
10
10
10
10
10
10
10
10
10
10
10
10
10
10
10
10
10
10
10
10
10
10
10
10
10
10
10
10
10
10
10
10
10
10
10
10
10
10
10
10
10
10
10
10
10
10
10
10
10
10
10
10
10
10
10
10
10
10
10
10
10
10
10
10
10
10
10
10
10
10
10
10
10
10
10
10
10
10
10
10
10
10
10
10
10
10
10
10
10
10
10
10
10
10
10
10
10
10
10
10
10
10
10
10
10
10
10
10
10
10
10
10
10
10
10
10
10
10
10
10
10
10
10
10
10
10
10
10
10
10
10
10
10
10
10
10
10
10
10
10
10
10
10
10
10
10
10
10
10
10
10
10
10
10
10
10
10
10
10
10
10
10
10
10
10
10
10
10
10
10
10
10
10
10
10
10
10
10
10
10
10
10
10
10
10
10
10
10
10
10
10
10
10
10
10
10
10
10
10
10
10
10
10
10
10
10
10
10
10
10
10
10
10
10
10
10
10
10
10
10
10
10
10
10
10
10
10
10
10
10
10
10
10
10
10
10
10
10
10
10
10
10
10
10
10
10
10
10
10
10
10
10
10
10
10
10
10
10
10
10
10
10
10
10
10
10
10
10
10
10
10
10
10
10
10
10
10
10
10
10
10
10
10
10
10
10
10
10
10
10
10
10
10
10
10
10
10
10
10
10
10
10
10
10
10
10
10
10
10
10
10
10
10
10
10
10
10
10
10
10
10
10
10
10
10
10
10
10
10
10
10
10
10
10
10
10
10
10
10
10
10
10
10
10
10
10
10
10
10
10
10
10
10
10
10
10
10
10
10
10
10
10
10
10
10
10
10
10
10
10
10
10
10
10
10
10
10
10
10
10
10
10
10
10
10
10
10
10
10
10
10
10
10
10
10
10
10
10
10
10
10
10
10
10
10
10
10
10
10
10
10
10
10
10
10
10
10
10
10
10
10
10
10
10
10
10
10
10
10
10
10
10
10
10
10
10
10
10
10
10
10
10
10
10
10
10
10
10
10
10
10
10
10
10
10
10
10
10
10
10
10
10
10
10
10
10
10
10
10
10
10
10
10
10
10
10
10
10
10
10
10
10
10
10
10
10
10
10
10
10
10
10
10
10
10
10
10
10
10
10
10
10
10
10
10
10
10
10
10
10
10
10
10
10
10
10
10
10
10
10
10
10
10
10
10
10
10
10
10
10
10
10
10
10
10
10
10
10
10
10
10
10
10
10
10
10
10
10
10
10
10
10
10
10
10
10
10
10
10
10
10
10
10
10
10
10
10
10
10
10
10
10
10
10
10
10
10
10
10
10
10
10
10
10
10
10
10
10
10
10
10
10
10
10
10
10
10
10
10
10
10
10
10
10
10
10
10
10
10
10
10
10
10
10
10
10
10
10
10
10
10
10
10
10
10
10
10
10
10
10
10
10
10
10
10
10
10
10
10
10
10
10
10
10
10
10
10
10
10
10
10
10
10
10
10
10
10
10
10
10
10
10
10
10
10
10
10
10
10
10
10
10
10
10
10
10
10
10
10
10
10
10
10
10
10
10
10
10
10
10
10
10
10
10
10
10
10
10
10
10
10
10
10
10
10
10
10
10
10
10
10
10
10
10
10
10
10
10
10
10
10
10
10
10
10
10
10
10
10
10
10
10
10
10
10
10
10
10
10
10
10
10
10
10
10
10
10
10
10
10
10
10
10
10
10
10
10
10
10
10
10
10
10
10
10
10
10
10
10
10
10
10
10
10
10
10
10
10
10
10
10
10
10
10
10
10
10
10
10
10
10
10
10
10
10
10
10
10
10
10
10
10
10
10
10
10
10
10
10
10
10
10
10
10
10
10
10
10
10
10
10
10
10
10
10
10
10
10
10
10
10
10
10
10
10
10
10
10
10
10
10
10
10
10
10
10
10
10
10
10
10
10
10
10
10
10
10
10
10
10
10
10
10
10
10
10
10
10
10
10
10
10
10
10
10
10
10
10
10
10
10
10
10
10
10
10
10
10
10
10
10
10
10
10
10
10
10
10
10
10
10
10
10
10
10
10
10
10
10
10
10
10
10
10
10
10
10
10
10
10
10
10
10
10
10
10
10
10
10
10
10
10
10
10
10
10
10
10
10
10
10
10
10
10
10
10
10
10
10
10
10
10
10
10
10
10
10
10
10
10
10
10
10
10
10
10
10
10
10
10
10
10
10
10
10
10
10
10
10
10
10
10
10
10
10
10
10
10
10
10
10
10
10
10
10
10
10
10
10
10
10
10
10
10
10
10
10
10
10
10
10
10
10
10
10
10
10
10
10
10
10
10
10
10
10
10
10
10
10
10
10
10
10
10
10
10
10
10
10
10
10
10
10
10
10
10
10
10
10
10
10
10
10
10
10
10
10
10
10
10
10
10
10
10
10
10
10
10
10
10
10
10
10
10
10
10
10
10
10
10
10
10
10
10
10
10
10
10
10
10
10
10
10
10
10
10
10
10
10
10
10
10
10
10
10
10
10
10
10
10
10
10
10
10
10
10
10
10
10
10
10
10
10
10
10
10
10
10
10
10
10
10
10
10
10
10
10
10
10
10
10
10
10
10
10
10
10
10
10
10
10
10
10
10
10
10
10
10
10
10
10
10
10
10
10
10
10
10
10
10
10
10
10
10
10
10
10
10
10
10
10
10
10
10
10
10
10
10
10
10
10
10
10
10
10
10
10
10
10
10
10
10
10
10
10
10
10
10
10
10
10
10
10
10
10
10
10
10
10
10
10
10
10
10
10
10
10
10
10
10
10
10
10
10
10
10
10
10
10
10
10
10
10
10
10
10
10
10
10
10
10
10
10
10
10
10
10
10
10
10
10
10
10
10
10
10
10
10
10
10
10
10
10
10
10
10
10
10
10
10
10
10
10
10
10
10
10
10
10
10
10
10
10
10
10
10
10
10
10
10
10
10
10
10
10
10
10
10
10
10
10
10
10
10
10
10
10
10
10
10
10
10
10
10
10
10
10
10
10
10
10
10
10
10
10
10
10
10
10
10
10
10
10
10
10
10
10
10
10
10
10
10
10
10
10
10
10
10
10
10
10
10
10
10
10
10
10
10
10
10
10
10
10
10
10
10
10
10
10
10
10
10
10
10
10
10
10
10
10
10
10
10
10
10
10
10
10
10
10
10
10
10
10
10
10
10
10
10
10
10
10
10
10
10
10
10
10
10
10
10
10
10
10
10
10
10
10
10
10
10
10
10
10
10
10
10
10
10
10
10
10
10
10
10
10
10
10
10
10
10
10
10
10
10
10
10
10
10
10
10
10
10
10
10
10
10
10
10
10
10
10
10
10
10
10
10
10
10
10
10
10
10
10
10
10
10
10
10
10
10
10
10
10
10
10
10
10
10
10
10
10
10
10
10
10
10
10
10
10
10
10
10
10
10
10
10
10
10
10
10
10
10
10
10
10
10
10
10
10
10
10
10
10
10
10
10
10
10
10
10
10
10
10
10
10
10
10
10
10
10
10
10
10
10
10
10
10
10
10
10
10
10
10
10
10
10
10
10
10
10
10
10
10
10
10
10
10
10
10
10
10
10
10
10
10
10
10
10
10
10
10
10
10
10
10
10
10
10
10
10
10
10
10
10
10
10
10
10
10
10
10
10
10
10
10
10
10
10
10
10
10
10
10
10
10
10
10
10
10
10
10
10
10
10
10
10
10
10
10
10
10
10
10
10
10
10
10
10
10
10
10
10
10
10
10
10
10
10
10
10
10
10
10
10
10
10
10
10
10
10
10
10
10
10
10
10
10
10
10
10
10
10
10
10
10
10
10
10
10
10
10
10
10
10
10
10
10
10
10
10
10
10
10
10
10
10
10
10
10
10
10
10
10
10
10
10
10
10
10
10
10
10
10
10
10
10
10
10
10
10
10
10
10
10
10
10
10
10
10
10
10
10
10
10
10
10
10
10
10
10
10
10
10
10
10
10
10
10
10
10
10
10
10
10
10
10
10
10
10
10
10
10
10
10
10
10
10
10
10
10
10
10
10
10
10
10
10
10
10
10
10
10
10
10
10
10
10
10
10
10
10
10
10
10
10
10
10
10
10
10
10
10
10
10
10
10
10
10
10
10
10
10
10
10
10
10
10
10
10
10
10
10
10
10
10
10
10
10
10
10
10
10
10
10
10
10
10
10
10
10
10
10
10
10
10
10
10
10
10
10
10
10
10
10
10
10
10
10
10
10
10
10
10
10
10
10
10
10
10
10
10
10
10
10
10
10
10
10
10
10
10
10
10
10
10
10
10
10
10
10
10
10
10
10
10
10
10
10
10
10
10
10
10
10
10
10
10
10
10
10
10
10
10
10
10
10
10
10
10
10
10
10
10
10
10
10
10
10
10
10
10
10
10
10
10
10
10
10
10
10
10
10
10
10
10
10
10
10
10
10
10
10
10
10
10
10
10
10
10
10
10
10
10
10
10
10
10
10
10
10
10
10
10
10
10
10
10
10
10
10
10
10
10
10
10
10
10
10
10
10
10
10
10
10
10
10
10
10
10
10
10
10
10
10
10
10
10
10
10
10
10
10
10
10
10
10
10
10
10
10
10
10
10
10
10
10
10
10
10
10
10
10
10
10
10
10
10
10
10
10
10
10
10
10
10
10
10
10
10
10
10
10
10
10
10
10
10
10
10
10
10
10
10
10
10
10
10
10
10
10
10
10
10
10
10
10
10
10
10
10
10
10
10
10
10
10
10
10
10
10
10
10
10
10
10
10
10
10
10
10
10
10
10
10
10
10
10
10
10
10
10
10
10
10
10
10
10
10
10
10
10
10
10
10
10
10
10
10
10
10
10
10
10
10
10
10
10
10
10
10
10
10
10
10
10
10
10
10
10
10
10
10
10
10
10
10
10
10
10
10
10
10
10
10
10
10
10
10
10
10
10
10
10
10
10
10
10
10
10
10
10
10
10
10
10
10
10
10
10
10
10
10
10
10
10
10
10
10
10
10
10
10
10
10
10
10
10
10
10
10
10
10
10
10
10
10
10
10
10
10
10
10
10
10
10
10
10
10
10
10
10
10
10
10
10
10
10
10
10
10
10
10
10
10
10
10
10
10
10
10
10
10
10
10
10
10
10
10
10
10
10
10
10
10
10
10
10
10
10
10
10
10
10
10
10
10
10
10
10
10
10
10
10
10
10
10
10
10
10
10
10
10
10
10
10
10
10
10
10
10
10
10
10
10
10
10
10
10
10
10
10
10
10
10
10
10
10
10
10
10
10
10
10
10
10
10
10
10
10
10
10
10
10
10
10
10
10
10
10
10
10
10
10
10
10
10
10
10
10
10
10
10
10
10
10
10
10
10
10
10
10
10
10
10
10
10
10
10
10
10
10
10
10
10
10
10
10
10
10
10
10
10
10
10
10
10
10
10
10
10
10
10
10
10
10
10
10
10
10
10
10
10
10
10
10
10
10
10
10
10
10
10
10
10
10
10
10
10
10
10
10
10
10
10
10
10
10
10
10
10
10
10
10
10
10
10
10
10
10
10
10
10
10
10
10
10
10
10
10
10
10
10
10
10
10
10
10
10
10
10
10
10
10
10
10
10
10
10
10
10
10
10
10
10
10
10
10
10
10
10
10
10
10
10
10
10
10
10
10
10
10
10
10
10
10
10
10
10
10
10
10
10
10
10
10
10
10
10
10
10
10
10
10
10
10
10
10
10
10
10
10
10
10
10
10
10
10
10
10
10
10
10
10
10
10
10
10
10
10
10
10
10
10
10
10
10
10
10
10
10
10
10
10
10
10
10
10
10
10
10
10
10
10
10
10
10
10
10
10
10
10
10
10
10
10
10
10
10
10
10
10
10
10
10
10
10
10
10
10
10
10
10
10
10
10
10
10
10
10
10
